"Frequency [GHz]" 	"Relative Permittivity"
1e-08 	1136
2.5000000000000002e-06 	1135.2
5.0000000000000004e-06 	1134.5999999999999
7.5000000000000002e-06 	1134.0999999999999
1.0000000000000001e-05 	1133.5999999999999
1.2500000000000001e-05 	1133.0999999999999
1.5e-05 	1132.5999999999999
1.7499999999999998e-05 	1132.0999999999999
2.0000000000000002e-05 	1131.7
2.2500000000000001e-05 	1131.3
2.5000000000000001e-05 	1130.8
2.7500000000000001e-05 	1130.4000000000001
3.0000000000000001e-05 	1130
3.2499999999999997e-05 	1129.5999999999999
3.4999999999999997e-05 	1129.2
3.7499999999999997e-05 	1128.7
4.0000000000000003e-05 	1128.3
4.2500000000000003e-05 	1127.9000000000001
4.5000000000000003e-05 	1127.5
4.7500000000000003e-05 	1127.2
5.0000000000000002e-05 	1126.8
5.2500000000000002e-05 	1126.4000000000001
5.5000000000000002e-05 	1126
5.7500000000000002e-05 	1125.5999999999999
6.0000000000000002e-05 	1125.2
6.2500000000000001e-05 	1124.8
6.4999999999999994e-05 	1124.4000000000001
6.7500000000000001e-05 	1124.0999999999999
6.9999999999999994e-05 	1123.7
7.25e-05 	1123.3
7.4999999999999993e-05 	1122.9000000000001
7.75e-05 	1122.5999999999999
8.0000000000000007e-05 	1122.2
8.25e-05 	1121.8
8.5000000000000006e-05 	1121.4000000000001
8.7499999999999999e-05 	1121.0999999999999
9.0000000000000006e-05 	1120.7
9.2499999999999999e-05 	1120.3
9.5000000000000005e-05 	1119.9000000000001
9.7499999999999998e-05 	1119.5999999999999
0.0001 	1119.2
0.0001025 	1118.8
0.000105 	1118.5
0.0001075 	1118.0999999999999
0.00011 	1117.7
0.0001125 	1117.4000000000001
0.000115 	1117
0.0001175 	1116.7
0.00012 	1116.3
0.0001225 	1115.9000000000001
0.000125 	1115.5999999999999
0.00012750000000000001 	1115.2
0.00012999999999999999 	1114.8
0.0001325 	1114.5
0.000135 	1114.0999999999999
0.00013750000000000001 	1113.8
0.00013999999999999999 	1113.4000000000001
0.00014249999999999999 	1113
0.000145 	1112.7
0.00014750000000000001 	1112.3
0.00014999999999999999 	1111.9000000000001
0.00015249999999999999 	1111.5999999999999
0.000155 	1111.2
0.00015750000000000001 	1110.9000000000001
0.00016000000000000001 	1110.5
0.00016249999999999999 	1110.2
0.000165 	1109.8
0.00016750000000000001 	1109.4000000000001
0.00017000000000000001 	1109.0999999999999
0.00017249999999999999 	1108.7
0.000175 	1108.4000000000001
0.0001775 	1108
0.00018000000000000001 	1107.5999999999999
0.00018249999999999999 	1107.3
0.000185 	1106.9000000000001
0.0001875 	1106.5999999999999
0.00019000000000000001 	1106.2
0.00019249999999999999 	1105.9000000000001
0.000195 	1105.5
0.0001975 	1105.0999999999999
0.00020000000000000001 	1104.8
0.00020249999999999999 	1104.4000000000001
0.000205 	1104.0999999999999
0.0002075 	1103.7
0.00021000000000000001 	1103.4000000000001
0.00021249999999999999 	1103
0.00021499999999999999 	1102.5999999999999
0.0002175 	1102.3
0.00022000000000000001 	1101.9000000000001
0.00022249999999999999 	1101.5999999999999
0.00022499999999999999 	1101.2
0.0002275 	1100.9000000000001
0.00023000000000000001 	1100.5
0.00023250000000000001 	1100.2
0.00023499999999999999 	1099.8
0.0002375 	1099.4000000000001
0.00024000000000000001 	1099.0999999999999
0.00024250000000000001 	1098.7
0.00024499999999999999 	1098.4000000000001
0.0002475 	1098
0.00025000000000000001 	1097.7
0.00025250000000000001 	1097.3
0.00025500000000000002 	1096.9000000000001
0.00025750000000000002 	1096.5999999999999
0.00025999999999999998 	1096.2
0.00026249999999999998 	1095.9000000000001
0.00026499999999999999 	1095.5
0.0002675 	1095.2
0.00027 	1094.8
0.00027250000000000001 	1094.5
0.00027500000000000002 	1094.0999999999999
0.00027750000000000002 	1093.7
0.00027999999999999998 	1093.4000000000001
0.00028249999999999998 	1093
0.00028499999999999999 	1092.7
0.0002875 	1092.3
0.00029 	1092
0.00029250000000000001 	1091.5999999999999
0.00029500000000000001 	1091.3
0.00029750000000000002 	1090.9000000000001
0.00029999999999999997 	1090.5
0.00030249999999999998 	1090.2
0.00030499999999999999 	1089.8
0.00030749999999999999 	1089.5
0.00031 	1089.0999999999999
0.00031250000000000001 	1088.8
0.00031500000000000001 	1088.4000000000001
0.00031750000000000002 	1088
0.00032000000000000003 	1087.7
0.00032249999999999998 	1087.3
0.00032499999999999999 	1087
0.00032749999999999999 	1086.5999999999999
0.00033 	1086.3
0.0003325 	1085.9000000000001
0.00033500000000000001 	1085.5999999999999
0.00033750000000000002 	1085.2
0.00034000000000000002 	1084.8
0.00034249999999999998 	1084.5
0.00034499999999999998 	1084.0999999999999
0.00034749999999999999 	1083.8
0.00035 	1083.4000000000001
0.0003525 	1083.0999999999999
0.00035500000000000001 	1082.7
0.00035750000000000002 	1082.3
0.00036000000000000002 	1082
0.00036249999999999998 	1081.5999999999999
0.00036499999999999998 	1081.3
0.00036749999999999999 	1080.9000000000001
0.00036999999999999999 	1080.5999999999999
0.0003725 	1080.2
0.00037500000000000001 	1079.9000000000001
0.00037750000000000001 	1079.5
0.00038000000000000002 	1079.0999999999999
0.00038249999999999997 	1078.8
0.00038499999999999998 	1078.4000000000001
0.00038749999999999999 	1078.0999999999999
0.00038999999999999999 	1077.7
0.0003925 	1077.4000000000001
0.00039500000000000001 	1077
0.00039750000000000001 	1076.5999999999999
0.00040000000000000002 	1076.3
0.00040250000000000003 	1075.9000000000001
0.00040499999999999998 	1075.5999999999999
0.00040749999999999998 	1075.2
0.00040999999999999999 	1074.9000000000001
0.0004125 	1074.5
0.000415 	1074.0999999999999
0.00041750000000000001 	1073.8
0.00042000000000000002 	1073.4000000000001
0.00042250000000000002 	1073.0999999999999
0.00042499999999999998 	1072.7
0.00042749999999999998 	1072.4000000000001
0.00042999999999999999 	1072
0.0004325 	1071.5999999999999
0.000435 	1071.3
0.00043750000000000001 	1070.9000000000001
0.00044000000000000002 	1070.5999999999999
0.00044250000000000002 	1070.2
0.00044499999999999997 	1069.9000000000001
0.00044749999999999998 	1069.5
0.00044999999999999999 	1069.0999999999999
0.00045249999999999999 	1068.8
0.000455 	1068.4000000000001
0.00045750000000000001 	1068.0999999999999
0.00046000000000000001 	1067.7
0.00046250000000000002 	1067.4000000000001
0.00046500000000000003 	1067
0.00046749999999999998 	1066.5999999999999
0.00046999999999999999 	1066.3
0.00047249999999999999 	1065.9000000000001
0.000475 	1065.5999999999999
0.00047750000000000001 	1065.2
0.00048000000000000001 	1064.9000000000001
0.00048250000000000002 	1064.5
0.00048500000000000003 	1064.0999999999999
0.00048749999999999998 	1063.8
0.00048999999999999998 	1063.4000000000001
0.00049249999999999999 	1063.0999999999999
0.000495 	1062.7
0.0004975 	1062.4000000000001
0.00050000000000000001 	1062
0.00050750000000000003 	1060.9000000000001
0.00051500000000000005 	1059.9000000000001
0.00052249999999999996 	1058.8
0.00052999999999999998 	1057.7
0.0005375 	1056.5999999999999
0.00054500000000000002 	1055.5999999999999
0.00055250000000000004 	1054.5
0.00055999999999999995 	1053.4000000000001
0.00056749999999999997 	1052.3
0.00057499999999999999 	1051.3
0.00058250000000000001 	1050.2
0.00059000000000000003 	1049.0999999999999
0.00059750000000000005 	1048
0.00060499999999999996 	1047
0.00061249999999999998 	1045.9000000000001
0.00062 	1044.8
0.00062750000000000002 	1043.7
0.00063500000000000004 	1042.7
0.00064249999999999995 	1041.5999999999999
0.00064999999999999997 	1040.5
0.00065749999999999999 	1039.5
0.00066500000000000001 	1038.4000000000001
0.00067250000000000003 	1037.3
0.00068000000000000005 	1036.2
0.00068749999999999996 	1035.2
0.00069499999999999998 	1034.0999999999999
0.0007025 	1033
0.00071000000000000002 	1031.9000000000001
0.00071750000000000004 	1030.9000000000001
0.00072499999999999995 	1029.8
0.00073249999999999997 	1028.7
0.00073999999999999999 	1027.7
0.00074750000000000001 	1026.5999999999999
0.00075500000000000003 	1025.5
0.00076250000000000005 	1024.4000000000001
0.00076999999999999996 	1023.4
0.00077749999999999998 	1022.3
0.000785 	1021.2
0.00079250000000000002 	1020.2
0.00080000000000000004 	1019.1
0.00080749999999999995 	1018
0.00081499999999999997 	1017
0.00082249999999999999 	1015.9
0.00083000000000000001 	1014.8
0.00083750000000000003 	1013.8
0.00084500000000000005 	1012.7
0.00085249999999999996 	1011.6
0.00085999999999999998 	1010.6
0.0008675 	1009.5
0.00087500000000000002 	1008.4
0.00088250000000000004 	1007.4
0.00088999999999999995 	1006.3
0.00089749999999999997 	1005.2
0.00090499999999999999 	1004.2
0.00091250000000000001 	1003.1
0.00092000000000000003 	1002.1
0.00092750000000000005 	1001
0.00093499999999999996 	999.92999999999995
0.00094249999999999998 	998.87
0.00095 	997.80999999999995
0.00095750000000000002 	996.75
0.00096500000000000004 	995.69000000000005
0.00097249999999999995 	994.63
0.00097999999999999997 	993.57000000000005
0.0009875000000000001 	992.51999999999998
0.00099500000000000001 	991.46000000000004
0.0010024999999999999 	990.39999999999998
0.00101 	989.35000000000002
0.0010175 	988.28999999999996
0.0010250000000000001 	987.24000000000001
0.0010325 	986.19000000000005
0.0010399999999999999 	985.13
0.0010475 	984.08000000000004
0.0010549999999999999 	983.02999999999997
0.0010625000000000001 	981.98000000000002
0.00107 	980.92999999999995
0.0010774999999999999 	979.88
0.001085 	978.83000000000004
0.0010924999999999999 	977.77999999999997
0.0011000000000000001 	976.73000000000002
0.0011075 	975.69000000000005
0.0011150000000000001 	974.63999999999999
0.0011225 	973.60000000000002
0.0011299999999999999 	972.54999999999995
0.0011375000000000001 	971.50999999999999
0.001145 	970.47000000000003
0.0011525000000000001 	969.41999999999996
0.00116 	968.38
0.0011674999999999999 	967.34000000000003
0.001175 	966.29999999999995
0.0011825 	965.25999999999999
0.0011900000000000001 	964.22000000000003
0.0011975 	963.19000000000005
0.0012049999999999999 	962.14999999999998
0.0012125 	961.11000000000001
0.0012199999999999999 	960.08000000000004
0.0012275000000000001 	959.04999999999995
0.001235 	958.00999999999999
0.0012424999999999999 	956.98000000000002
0.00125 	955.95000000000005
0.0012574999999999999 	954.91999999999996
0.0012650000000000001 	953.88999999999999
0.0012725 	952.86000000000001
0.0012800000000000001 	951.83000000000004
0.0012875 	950.79999999999995
0.0012949999999999999 	949.77999999999997
0.0013025000000000001 	948.75
0.00131 	947.73000000000002
0.0013175000000000001 	946.70000000000005
0.001325 	945.67999999999995
0.0013324999999999999 	944.65999999999997
0.00134 	943.63999999999999
0.0013475 	942.62
0.0013550000000000001 	941.60000000000002
0.0013625 	940.58000000000004
0.0013699999999999999 	939.57000000000005
0.0013775 	938.54999999999995
0.0013849999999999999 	937.53999999999996
0.0013925000000000001 	936.51999999999998
0.0014 	935.50999999999999
0.0014074999999999999 	934.5
0.001415 	933.49000000000001
0.0014224999999999999 	932.48000000000002
0.0014300000000000001 	931.47000000000003
0.0014375 	930.46000000000004
0.0014450000000000001 	929.45000000000005
0.0014525 	928.45000000000005
0.0014599999999999999 	927.44000000000005
0.0014675000000000001 	926.44000000000005
0.001475 	925.42999999999995
0.0014825000000000001 	924.42999999999995
0.00149 	923.42999999999995
0.0014974999999999999 	922.42999999999995
0.001505 	921.42999999999995
0.0015125 	920.42999999999995
0.0015200000000000001 	919.44000000000005
0.0015275 	918.44000000000005
0.0015349999999999999 	917.45000000000005
0.0015425 	916.45000000000005
0.0015499999999999999 	915.46000000000004
0.0015575000000000001 	914.47000000000003
0.001565 	913.48000000000002
0.0015724999999999999 	912.49000000000001
0.00158 	911.5
0.0015874999999999999 	910.50999999999999
0.0015950000000000001 	909.52999999999997
0.0016025 	908.53999999999996
0.0016100000000000001 	907.55999999999995
0.0016175 	906.57000000000005
0.0016249999999999999 	905.59000000000003
0.0016325000000000001 	904.61000000000001
0.00164 	903.63
0.0016475000000000001 	902.64999999999998
0.001655 	901.67999999999995
0.0016624999999999999 	900.70000000000005
0.00167 	899.73000000000002
0.0016775 	898.75
0.0016850000000000001 	897.77999999999997
0.0016925 	896.80999999999995
0.0016999999999999999 	895.84000000000003
0.0017075 	894.87
0.0017149999999999999 	893.89999999999998
0.0017225000000000001 	892.92999999999995
0.00173 	891.96000000000004
0.0017374999999999999 	891
0.001745 	890.03999999999996
0.0017524999999999999 	889.07000000000005
0.0017600000000000001 	888.11000000000001
0.0017675 	887.14999999999998
0.0017750000000000001 	886.19000000000005
0.0017825 	885.23000000000002
0.0017899999999999999 	884.27999999999997
0.0017975000000000001 	883.32000000000005
0.001805 	882.37
0.0018125000000000001 	881.40999999999997
0.00182 	880.46000000000004
0.0018274999999999999 	879.50999999999999
0.001835 	878.55999999999995
0.0018425 	877.61000000000001
0.0018500000000000001 	876.65999999999997
0.0018575 	875.72000000000003
0.0018649999999999999 	874.76999999999998
0.0018725 	873.83000000000004
0.0018799999999999999 	872.88
0.0018875000000000001 	871.94000000000005
0.001895 	871
0.0019024999999999999 	870.05999999999995
0.00191 	869.12
0.0019174999999999999 	868.19000000000005
0.0019250000000000001 	867.25
0.0019325 	866.32000000000005
0.0019400000000000001 	865.38
0.0019475 	864.45000000000005
0.0019550000000000001 	863.51999999999998
0.0019624999999999998 	862.59000000000003
0.00197 	861.65999999999997
0.0019775000000000001 	860.73000000000002
0.0019849999999999998 	859.80999999999995
0.0019924999999999999 	858.88
0.002 	857.96000000000004
0.0020400000000000001 	853.04999999999995
0.0020799999999999998 	848.17999999999995
0.0021199999999999999 	843.34000000000003
0.00216 	838.53999999999996
0.0022000000000000001 	833.76999999999998
0.0022399999999999998 	829.02999999999997
0.0022799999999999999 	824.33000000000004
0.00232 	819.66999999999996
0.0023600000000000001 	815.03999999999996
0.0023999999999999998 	810.45000000000005
0.0024399999999999999 	805.88999999999999
0.00248 	801.36000000000001
0.0025200000000000001 	796.87
0.0025600000000000002 	792.40999999999997
0.0025999999999999999 	787.99000000000001
0.00264 	783.61000000000001
0.0026800000000000001 	779.25
0.0027200000000000002 	774.94000000000005
0.0027599999999999999 	770.64999999999998
0.0028 	766.39999999999998
0.0028400000000000001 	762.19000000000005
0.0028800000000000002 	758.00999999999999
0.0029199999999999999 	753.86000000000001
0.00296 	749.74000000000001
0.0030000000000000001 	745.65999999999997
0.0030400000000000002 	741.61000000000001
0.0030799999999999998 	737.60000000000002
0.0031199999999999999 	733.61000000000001
0.00316 	729.65999999999997
0.0032000000000000002 	725.74000000000001
0.0032399999999999998 	721.86000000000001
0.0032799999999999999 	718
0.00332 	714.17999999999995
0.0033600000000000001 	710.38999999999999
0.0033999999999999998 	706.63
0.0034399999999999999 	702.89999999999998
0.00348 	699.20000000000005
0.0035200000000000001 	695.52999999999997
0.0035599999999999998 	691.89999999999998
0.0035999999999999999 	688.28999999999996
0.00364 	684.71000000000004
0.0036800000000000001 	681.16999999999996
0.0037200000000000002 	677.64999999999998
0.0037599999999999999 	674.15999999999997
0.0038 	670.70000000000005
0.0038400000000000001 	667.26999999999998
0.0038800000000000002 	663.87
0.0039199999999999999 	660.49000000000001
0.00396 	657.13999999999999
0.0040000000000000001 	653.83000000000004
0.0040400000000000002 	650.53999999999996
0.0040800000000000003 	647.26999999999998
0.0041200000000000004 	644.02999999999997
0.0041599999999999996 	640.82000000000005
0.0041999999999999997 	637.63999999999999
0.0042399999999999998 	634.48000000000002
0.00428 	631.35000000000002
0.0043200000000000001 	628.25
0.0043600000000000002 	625.16999999999996
0.0044000000000000003 	622.12
0.0044400000000000004 	619.09000000000003
0.0044799999999999996 	616.08000000000004
0.0045199999999999997 	613.11000000000001
0.0045599999999999998 	610.14999999999998
0.0045999999999999999 	607.22000000000003
0.00464 	604.30999999999995
0.0046800000000000001 	601.42999999999995
0.0047200000000000002 	598.57000000000005
0.0047600000000000003 	595.74000000000001
0.0047999999999999996 	592.92999999999995
0.0048399999999999997 	590.13999999999999
0.0048799999999999998 	587.37
0.0049199999999999999 	584.63
0.00496 	581.90999999999997
0.0050000000000000001 	579.21000000000004
0.0050400000000000002 	576.52999999999997
0.0050800000000000003 	573.87
0.0051200000000000004 	571.24000000000001
0.0051599999999999997 	568.62
0.0051999999999999998 	566.02999999999997
0.0052399999999999999 	563.46000000000004
0.00528 	560.90999999999997
0.0053200000000000001 	558.38
0.0053600000000000002 	555.87
0.0054000000000000003 	553.38
0.0054400000000000004 	550.90999999999997
0.0054799999999999996 	548.46000000000004
0.0055199999999999997 	546.02999999999997
0.0055599999999999998 	543.61000000000001
0.0055999999999999999 	541.22000000000003
0.00564 	538.85000000000002
0.0056800000000000002 	536.49000000000001
0.0057200000000000003 	534.15999999999997
0.0057600000000000004 	531.84000000000003
0.0057999999999999996 	529.53999999999996
0.0058399999999999997 	527.25999999999999
0.0058799999999999998 	524.99000000000001
0.0059199999999999999 	522.74000000000001
0.00596 	520.51999999999998
0.0060000000000000001 	518.29999999999995
0.0060400000000000002 	516.11000000000001
0.0060800000000000003 	513.92999999999995
0.0061199999999999996 	511.76999999999998
0.0061599999999999997 	509.63
0.0061999999999999998 	507.5
0.0062399999999999999 	505.38999999999999
0.00628 	503.29000000000002
0.0063200000000000001 	501.20999999999998
0.0063600000000000002 	499.14999999999998
0.0064000000000000003 	497.10000000000002
0.0064400000000000004 	495.06999999999999
0.0064799999999999996 	493.05000000000001
0.0065199999999999998 	491.05000000000001
0.0065599999999999999 	489.06
0.0066 	487.08999999999997
0.0066400000000000001 	485.13
0.0066800000000000002 	483.19
0.0067200000000000003 	481.25999999999999
0.0067600000000000004 	479.35000000000002
0.0067999999999999996 	477.44999999999999
0.0068399999999999997 	475.56999999999999
0.0068799999999999998 	473.69
0.0069199999999999999 	471.83999999999997
0.00696 	469.99000000000001
0.0070000000000000001 	468.16000000000003
0.0070400000000000003 	466.35000000000002
0.0070800000000000004 	464.54000000000002
0.0071199999999999996 	462.75
0.0071599999999999997 	460.98000000000002
0.0071999999999999998 	459.20999999999998
0.0072399999999999999 	457.45999999999998
0.00728 	455.72000000000003
0.0073200000000000001 	453.99000000000001
0.0073600000000000002 	452.27999999999997
0.0074000000000000003 	450.57999999999998
0.0074400000000000004 	448.88999999999999
0.0074799999999999997 	447.20999999999998
0.0075199999999999998 	445.55000000000001
0.0075599999999999999 	443.88999999999999
0.0076 	442.25
0.0076400000000000001 	440.62
0.0076800000000000002 	439
0.0077200000000000003 	437.39999999999998
0.0077600000000000004 	435.80000000000001
0.0077999999999999996 	434.22000000000003
0.0078399999999999997 	432.63999999999999
0.0078799999999999999 	431.07999999999998
0.00792 	429.52999999999997
0.0079600000000000001 	427.99000000000001
0.0080000000000000002 	426.45999999999998
0.0080400000000000003 	424.94
0.0080800000000000004 	423.43000000000001
0.0081200000000000005 	421.93000000000001
0.0081600000000000006 	420.44
0.0082000000000000007 	418.97000000000003
0.0082400000000000008 	417.5
0.0082799999999999992 	416.04000000000002
0.0083199999999999993 	414.58999999999997
0.0083599999999999994 	413.14999999999998
0.0083999999999999995 	411.73000000000002
0.0084399999999999996 	410.31
0.0084799999999999997 	408.89999999999998
0.0085199999999999998 	407.5
0.0085599999999999999 	406.11000000000001
0.0086 	404.73000000000002
0.0086400000000000001 	403.36000000000001
0.0086800000000000002 	401.99000000000001
0.0087200000000000003 	400.63999999999999
0.0087600000000000004 	399.30000000000001
0.0088000000000000005 	397.95999999999998
0.0088400000000000006 	396.63
0.0088800000000000007 	395.31
0.0089200000000000008 	394.00999999999999
0.0089599999999999992 	392.69999999999999
0.0089999999999999993 	391.41000000000003
0.0090399999999999994 	390.13
0.0090799999999999995 	388.85000000000002
0.0091199999999999996 	387.58999999999997
0.0091599999999999997 	386.32999999999998
0.0091999999999999998 	385.07999999999998
0.0092399999999999999 	383.82999999999998
0.0092800000000000001 	382.60000000000002
0.0093200000000000002 	381.37
0.0093600000000000003 	380.14999999999998
0.0094000000000000004 	378.94
0.0094400000000000005 	377.74000000000001
0.0094800000000000006 	376.54000000000002
0.0095200000000000007 	375.35000000000002
0.0095600000000000008 	374.17000000000002
0.0095999999999999992 	373
0.0096399999999999993 	371.82999999999998
0.0096799999999999994 	370.67000000000002
0.0097199999999999995 	369.51999999999998
0.0097599999999999996 	368.38
0.0097999999999999997 	367.24000000000001
0.0098399999999999998 	366.11000000000001
0.0098799999999999999 	364.99000000000001
0.00992 	363.87
0.0099600000000000001 	362.75999999999999
0.01 	361.66000000000003
0.01025 	354.92000000000002
0.010500000000000001 	348.44
0.010749999999999999 	342.19
0.010999999999999999 	336.17000000000002
0.01125 	330.37
0.0115 	324.75999999999999
0.01175 	319.36000000000001
0.012 	314.13999999999999
0.01225 	309.08999999999997
0.012500000000000001 	304.22000000000003
0.012749999999999999 	299.5
0.012999999999999999 	294.94
0.01325 	290.52999999999997
0.0135 	286.25
0.01375 	282.11000000000001
0.014 	278.10000000000002
0.014250000000000001 	274.19999999999999
0.014500000000000001 	270.43000000000001
0.014749999999999999 	266.76999999999998
0.014999999999999999 	263.20999999999998
0.01525 	259.75999999999999
0.0155 	256.41000000000003
0.01575 	253.15000000000001
0.016 	249.97999999999999
0.016250000000000001 	246.90000000000001
0.016500000000000001 	243.91
0.016750000000000001 	240.99000000000001
0.017000000000000001 	238.15000000000001
0.017250000000000001 	235.38999999999999
0.017500000000000002 	232.69999999999999
0.017749999999999998 	230.08000000000001
0.017999999999999999 	227.52000000000001
0.018249999999999999 	225.03
0.018499999999999999 	222.61000000000001
0.018749999999999999 	220.24000000000001
0.019 	217.93000000000001
0.01925 	215.66999999999999
0.0195 	213.47
0.01975 	211.31999999999999
0.02 	209.22
0.020250000000000001 	207.16999999999999
0.020500000000000001 	205.16999999999999
0.020750000000000001 	203.21000000000001
0.021000000000000001 	201.30000000000001
0.021250000000000002 	199.43000000000001
0.021499999999999998 	197.59999999999999
0.021749999999999999 	195.81
0.021999999999999999 	194.06
0.022249999999999999 	192.34
0.022499999999999999 	190.66
0.022749999999999999 	189.02000000000001
0.023 	187.41
0.02325 	185.84
0.0235 	184.28999999999999
0.02375 	182.78
0.024 	181.30000000000001
0.024250000000000001 	179.84999999999999
0.024500000000000001 	178.41999999999999
0.024750000000000001 	177.03
0.025000000000000001 	175.66
0.025250000000000002 	174.31
0.025499999999999998 	173
0.025749999999999999 	171.69999999999999
0.025999999999999999 	170.44
0.026249999999999999 	169.19
0.026499999999999999 	167.97
0.026749999999999999 	166.77000000000001
0.027 	165.59
0.02725 	164.43000000000001
0.0275 	163.28999999999999
0.02775 	162.18000000000001
0.028000000000000001 	161.08000000000001
0.028250000000000001 	160
0.028500000000000001 	158.94
0.028750000000000001 	157.90000000000001
0.029000000000000001 	156.87
0.029250000000000002 	155.87
0.029499999999999998 	154.88
0.029749999999999999 	153.90000000000001
0.029999999999999999 	152.94
0.030249999999999999 	152
0.030499999999999999 	151.06999999999999
0.03075 	150.16
0.031 	149.25999999999999
0.03125 	148.38
0.0315 	147.50999999999999
0.03175 	146.65000000000001
0.032000000000000001 	145.81
0.032250000000000001 	144.97999999999999
0.032500000000000001 	144.16
0.032750000000000001 	143.36000000000001
0.033000000000000002 	142.56
0.033250000000000002 	141.78
0.033500000000000002 	141.00999999999999
0.033750000000000002 	140.25
0.034000000000000002 	139.5
0.034250000000000003 	138.77000000000001
0.034500000000000003 	138.03999999999999
0.034750000000000003 	137.33000000000001
0.035000000000000003 	136.62
0.035249999999999997 	135.91999999999999
0.035499999999999997 	135.24000000000001
0.035749999999999997 	134.56
0.035999999999999997 	133.88999999999999
0.036249999999999998 	133.24000000000001
0.036499999999999998 	132.59
0.036749999999999998 	131.94999999999999
0.036999999999999998 	131.31
0.037249999999999998 	130.69
0.037499999999999999 	130.08000000000001
0.037749999999999999 	129.47
0.037999999999999999 	128.87
0.038249999999999999 	128.28
0.0385 	127.7
0.03875 	127.12
0.039 	126.55
0.03925 	125.98999999999999
0.0395 	125.44
0.039750000000000001 	124.89
0.040000000000000001 	124.34999999999999
0.040250000000000001 	123.81999999999999
0.040500000000000001 	123.29000000000001
0.040750000000000001 	122.77
0.041000000000000002 	122.25
0.041250000000000002 	121.75
0.041500000000000002 	121.23999999999999
0.041750000000000002 	120.75
0.042000000000000003 	120.26000000000001
0.042250000000000003 	119.77
0.042500000000000003 	119.3
0.042750000000000003 	118.81999999999999
0.042999999999999997 	118.34999999999999
0.043249999999999997 	117.89
0.043499999999999997 	117.44
0.043749999999999997 	116.98
0.043999999999999997 	116.54000000000001
0.044249999999999998 	116.09999999999999
0.044499999999999998 	115.66
0.044749999999999998 	115.23
0.044999999999999998 	114.8
0.045249999999999999 	114.38
0.045499999999999999 	113.95999999999999
0.045749999999999999 	113.55
0.045999999999999999 	113.14
0.046249999999999999 	112.73999999999999
0.0465 	112.34
0.04675 	111.95
0.047 	111.55
0.04725 	111.17
0.047500000000000001 	110.78
0.047750000000000001 	110.41
0.048000000000000001 	110.03
0.048250000000000001 	109.66
0.048500000000000001 	109.29000000000001
0.048750000000000002 	108.93000000000001
0.049000000000000002 	108.56999999999999
0.049250000000000002 	108.22
0.049500000000000002 	107.86
0.049750000000000003 	107.52
0.050000000000000003 	107.17
0.050250000000000003 	106.83
0.050500000000000003 	106.48999999999999
0.050750000000000003 	106.16
0.050999999999999997 	105.81999999999999
0.051249999999999997 	105.5
0.051499999999999997 	105.17
0.051749999999999997 	104.84999999999999
0.051999999999999998 	104.53
0.052249999999999998 	104.20999999999999
0.052499999999999998 	103.90000000000001
0.052749999999999998 	103.59
0.052999999999999999 	103.28
0.053249999999999999 	102.98
0.053499999999999999 	102.68000000000001
0.053749999999999999 	102.38
0.053999999999999999 	102.09
0.05425 	101.79000000000001
0.0545 	101.5
0.05475 	101.22
0.055 	100.93000000000001
0.05525 	100.65000000000001
0.055500000000000001 	100.37
0.055750000000000001 	100.09
0.056000000000000001 	99.816999999999993
0.056250000000000001 	99.545000000000002
0.056500000000000002 	99.275000000000006
0.056750000000000002 	99.007999999999996
0.057000000000000002 	98.742999999999995
0.057250000000000002 	98.480000000000004
0.057500000000000002 	98.219999999999999
0.057750000000000003 	97.962000000000003
0.058000000000000003 	97.706000000000003
0.058250000000000003 	97.451999999999998
0.058500000000000003 	97.200999999999993
0.058749999999999997 	96.951999999999998
0.058999999999999997 	96.703999999999994
0.059249999999999997 	96.459000000000003
0.059499999999999997 	96.215999999999994
0.059749999999999998 	95.974999999999994
0.059999999999999998 	95.736000000000004
0.060249999999999998 	95.498999999999995
0.060499999999999998 	95.263999999999996
0.060749999999999998 	95.031000000000006
0.060999999999999999 	94.799999999999997
0.061249999999999999 	94.570999999999998
0.061499999999999999 	94.343000000000004
0.061749999999999999 	94.117999999999995
0.062 	93.894000000000005
0.06225 	93.671999999999997
0.0625 	93.451999999999998
0.06275 	93.233999999999995
0.063 	93.016999999999996
0.063250000000000001 	92.802000000000007
0.063500000000000001 	92.588999999999999
0.063750000000000001 	92.378
0.064000000000000001 	92.168000000000006
0.064250000000000002 	91.959999999999994
0.064500000000000002 	91.753
0.064750000000000002 	91.548000000000002
0.065000000000000002 	91.344999999999999
0.065250000000000002 	91.143000000000001
0.065500000000000003 	90.942999999999998
0.065750000000000003 	90.744
0.066000000000000003 	90.546999999999997
0.066250000000000003 	90.350999999999999
0.066500000000000004 	90.156999999999996
0.066750000000000004 	89.963999999999999
0.067000000000000004 	89.772999999999996
0.067250000000000004 	89.582999999999998
0.067500000000000004 	89.394000000000005
0.067750000000000005 	89.206999999999994
0.068000000000000005 	89.021000000000001
0.068250000000000005 	88.837000000000003
0.068500000000000005 	88.653999999999996
0.068750000000000006 	88.471999999999994
0.069000000000000006 	88.292000000000002
0.069250000000000006 	88.113
0.069500000000000006 	87.935000000000002
0.069750000000000006 	87.759
0.070000000000000007 	87.582999999999998
0.070250000000000007 	87.409999999999997
0.070499999999999993 	87.236999999999995
0.070749999999999993 	87.064999999999998
0.070999999999999994 	86.894999999999996
0.071249999999999994 	86.725999999999999
0.071499999999999994 	86.558000000000007
0.071749999999999994 	86.391000000000005
0.071999999999999995 	86.225999999999999
0.072249999999999995 	86.061000000000007
0.072499999999999995 	85.897999999999996
0.072749999999999995 	85.736000000000004
0.072999999999999995 	85.575000000000003
0.073249999999999996 	85.415000000000006
0.073499999999999996 	85.256
0.073749999999999996 	85.097999999999999
0.073999999999999996 	84.941999999999993
0.074249999999999997 	84.786000000000001
0.074499999999999997 	84.632000000000005
0.074749999999999997 	84.477999999999994
0.074999999999999997 	84.325999999999993
0.075249999999999997 	84.174000000000007
0.075499999999999998 	84.024000000000001
0.075749999999999998 	83.873999999999995
0.075999999999999998 	83.725999999999999
0.076249999999999998 	83.578000000000003
0.076499999999999999 	83.432000000000002
0.076749999999999999 	83.286000000000001
0.076999999999999999 	83.141000000000005
0.077249999999999999 	82.998000000000005
0.077499999999999999 	82.855000000000004
0.07775 	82.712999999999994
0.078 	82.572000000000003
0.07825 	82.432000000000002
0.0785 	82.293000000000006
0.078750000000000001 	82.153999999999996
0.079000000000000001 	82.016999999999996
0.079250000000000001 	81.881
0.079500000000000001 	81.745000000000005
0.079750000000000001 	81.609999999999999
0.080000000000000002 	81.475999999999999
0.080250000000000002 	81.343000000000004
0.080500000000000002 	81.210999999999999
0.080750000000000002 	81.078999999999994
0.081000000000000003 	80.948999999999998
0.081250000000000003 	80.819000000000003
0.081500000000000003 	80.689999999999998
0.081750000000000003 	80.561000000000007
0.082000000000000003 	80.433999999999997
0.082250000000000004 	80.307000000000002
0.082500000000000004 	80.180999999999997
0.082750000000000004 	80.055999999999997
0.083000000000000004 	79.932000000000002
0.083250000000000005 	79.808000000000007
0.083500000000000005 	79.685000000000002
0.083750000000000005 	79.563000000000002
0.084000000000000005 	79.441000000000003
0.084250000000000005 	79.319999999999993
0.084500000000000006 	79.200000000000003
0.084750000000000006 	79.081000000000003
0.085000000000000006 	78.962000000000003
0.085250000000000006 	78.844999999999999
0.085500000000000007 	78.727000000000004
0.085750000000000007 	78.611000000000004
0.085999999999999993 	78.495000000000005
0.086249999999999993 	78.379999999999995
0.086499999999999994 	78.265000000000001
0.086749999999999994 	78.150999999999996
0.086999999999999994 	78.037999999999997
0.087249999999999994 	77.924999999999997
0.087499999999999994 	77.813000000000002
0.087749999999999995 	77.701999999999998
0.087999999999999995 	77.590999999999994
0.088249999999999995 	77.480999999999995
0.088499999999999995 	77.372
0.088749999999999996 	77.263000000000005
0.088999999999999996 	77.155000000000001
0.089249999999999996 	77.046999999999997
0.089499999999999996 	76.939999999999998
0.089749999999999996 	76.834000000000003
0.089999999999999997 	76.727999999999994
0.090249999999999997 	76.623000000000005
0.090499999999999997 	76.518000000000001
0.090749999999999997 	76.414000000000001
0.090999999999999998 	76.311000000000007
0.091249999999999998 	76.207999999999998
0.091499999999999998 	76.105999999999995
0.091749999999999998 	76.004000000000005
0.091999999999999998 	75.902000000000001
0.092249999999999999 	75.802000000000007
0.092499999999999999 	75.701999999999998
0.092749999999999999 	75.602000000000004
0.092999999999999999 	75.503
0.09325 	75.403999999999996
0.0935 	75.305999999999997
0.09375 	75.209000000000003
0.094 	75.111999999999995
0.09425 	75.015000000000001
0.094500000000000001 	74.918999999999997
0.094750000000000001 	74.823999999999998
0.095000000000000001 	74.728999999999999
0.095250000000000001 	74.635000000000005
0.095500000000000002 	74.540999999999997
0.095750000000000002 	74.447000000000003
0.096000000000000002 	74.353999999999999
0.096250000000000002 	74.262
0.096500000000000002 	74.170000000000002
0.096750000000000003 	74.078000000000003
0.097000000000000003 	73.986999999999995
0.097250000000000003 	73.896000000000001
0.097500000000000003 	73.805999999999997
0.097750000000000004 	73.715999999999994
0.098000000000000004 	73.626999999999995
0.098250000000000004 	73.537999999999997
0.098500000000000004 	73.450000000000003
0.098750000000000004 	73.361999999999995
0.099000000000000005 	73.275000000000006
0.099250000000000005 	73.188000000000002
0.099500000000000005 	73.100999999999999
0.099750000000000005 	73.015000000000001
0.10000000000000001 	72.929000000000002
0.10100000000000001 	72.590999999999994
0.10199999999999999 	72.259
0.10299999999999999 	71.933000000000007
0.104 	71.614000000000004
0.105 	71.299999999999997
0.106 	70.992999999999995
0.107 	70.691000000000003
0.108 	70.394999999999996
0.109 	70.103999999999999
0.11 	69.819000000000003
0.111 	69.537999999999997
0.112 	69.263000000000005
0.113 	68.992000000000004
0.114 	68.727000000000004
0.115 	68.465000000000003
0.11600000000000001 	68.207999999999998
0.11700000000000001 	67.956000000000003
0.11799999999999999 	67.707999999999998
0.11899999999999999 	67.463999999999999
0.12 	67.224000000000004
0.121 	66.988
0.122 	66.754999999999995
0.123 	66.527000000000001
0.124 	66.302000000000007
0.125 	66.081000000000003
0.126 	65.863
0.127 	65.647999999999996
0.128 	65.436999999999998
0.129 	65.228999999999999
0.13 	65.024000000000001
0.13100000000000001 	64.822999999999993
0.13200000000000001 	64.623999999999995
0.13300000000000001 	64.427999999999997
0.13400000000000001 	64.236000000000004
0.13500000000000001 	64.046000000000006
0.13600000000000001 	63.857999999999997
0.13700000000000001 	63.673999999999999
0.13800000000000001 	63.491999999999997
0.13900000000000001 	63.313000000000002
0.14000000000000001 	63.136000000000003
0.14099999999999999 	62.960999999999999
0.14199999999999999 	62.789999999999999
0.14299999999999999 	62.619999999999997
0.14399999999999999 	62.453000000000003
0.14499999999999999 	62.287999999999997
0.14599999999999999 	62.125
0.14699999999999999 	61.965000000000003
0.14799999999999999 	61.805999999999997
0.14899999999999999 	61.649999999999999
0.14999999999999999 	61.496000000000002
0.151 	61.343000000000004
0.152 	61.192999999999998
0.153 	61.045000000000002
0.154 	60.898000000000003
0.155 	60.753999999999998
0.156 	60.610999999999997
0.157 	60.469999999999999
0.158 	60.331000000000003
0.159 	60.192999999999998
0.16 	60.057000000000002
0.161 	59.923000000000002
0.16200000000000001 	59.789999999999999
0.16300000000000001 	59.658999999999999
0.16400000000000001 	59.530000000000001
0.16500000000000001 	59.402000000000001
0.16600000000000001 	59.276000000000003
0.16700000000000001 	59.151000000000003
0.16800000000000001 	59.027000000000001
0.16900000000000001 	58.905000000000001
0.17000000000000001 	58.784999999999997
0.17100000000000001 	58.665999999999997
0.17199999999999999 	58.548000000000002
0.17299999999999999 	58.430999999999997
0.17399999999999999 	58.316000000000003
0.17499999999999999 	58.201999999999998
0.17599999999999999 	58.088999999999999
0.17699999999999999 	57.978000000000002
0.17799999999999999 	57.868000000000002
0.17899999999999999 	57.759
0.17999999999999999 	57.651000000000003
0.18099999999999999 	57.543999999999997
0.182 	57.439
0.183 	57.334000000000003
0.184 	57.231000000000002
0.185 	57.128999999999998
0.186 	57.027999999999999
0.187 	56.927999999999997
0.188 	56.829000000000001
0.189 	56.731000000000002
0.19 	56.634
0.191 	56.537999999999997
0.192 	56.442999999999998
0.193 	56.348999999999997
0.19400000000000001 	56.256
0.19500000000000001 	56.162999999999997
0.19600000000000001 	56.072000000000003
0.19700000000000001 	55.981999999999999
0.19800000000000001 	55.892000000000003
0.19900000000000001 	55.804000000000002
0.20000000000000001 	55.716000000000001
0.20999999999999999 	54.883000000000003
0.22500000000000001 	53.768999999999998
0.23999999999999999 	52.789000000000001
0.255 	51.920999999999999
0.27000000000000002 	51.146999999999998
0.28499999999999998 	50.450000000000003
0.29999999999999999 	49.820999999999998
0.315 	49.249000000000002
0.33000000000000002 	48.726999999999997
0.34499999999999997 	48.247999999999998
0.35999999999999999 	47.808
0.375 	47.401000000000003
0.39000000000000001 	47.023000000000003
0.40500000000000003 	46.671999999999997
0.41999999999999998 	46.344999999999999
0.435 	46.039000000000001
0.45000000000000001 	45.753
0.46500000000000002 	45.484000000000002
0.47999999999999998 	45.229999999999997
0.495 	44.991999999999997
0.51000000000000001 	44.765999999999998
0.52500000000000002 	44.552
0.54000000000000004 	44.350000000000001
0.55500000000000005 	44.158000000000001
0.56999999999999995 	43.975000000000001
0.58499999999999996 	43.801000000000002
0.59999999999999998 	43.634999999999998
0.61499999999999999 	43.475999999999999
0.63 	43.325000000000003
0.64500000000000002 	43.18
0.66000000000000003 	43.040999999999997
0.67500000000000004 	42.908000000000001
0.68999999999999995 	42.780000000000001
0.70499999999999996 	42.656999999999996
0.71999999999999997 	42.539000000000001
0.73499999999999999 	42.424999999999997
0.75 	42.316000000000003
0.76500000000000001 	42.210000000000001
0.78000000000000003 	42.107999999999997
0.79500000000000004 	42.009999999999998
0.81000000000000005 	41.914999999999999
0.82499999999999996 	41.823
0.83999999999999997 	41.734000000000002
0.85499999999999998 	41.648000000000003
0.87 	41.564999999999998
0.88500000000000001 	41.484000000000002
0.90000000000000002 	41.405000000000001
0.91500000000000004 	41.329000000000001
0.93000000000000005 	41.255000000000003
0.94499999999999995 	41.183
0.95999999999999996 	41.113
0.97499999999999998 	41.045000000000002
0.98999999999999999 	40.978999999999999
1.0049999999999999 	40.914999999999999
1.02 	40.851999999999997
1.0349999999999999 	40.790999999999997
1.05 	40.731000000000002
1.0649999999999999 	40.673000000000002
1.0800000000000001 	40.616999999999997
1.095 	40.561
1.1100000000000001 	40.506999999999998
1.125 	40.454999999999998
1.1399999999999999 	40.402999999999999
1.155 	40.353000000000002
1.1699999999999999 	40.302999999999997
1.1850000000000001 	40.255000000000003
1.2 	40.207999999999998
1.2150000000000001 	40.161999999999999
1.23 	40.116
1.2450000000000001 	40.072000000000003
1.26 	40.029000000000003
1.2749999999999999 	39.985999999999997
1.29 	39.944000000000003
1.3049999999999999 	39.902999999999999
1.3200000000000001 	39.863
1.335 	39.823999999999998
1.3500000000000001 	39.784999999999997
1.365 	39.747
1.3799999999999999 	39.710000000000001
1.395 	39.673000000000002
1.4099999999999999 	39.637
1.425 	39.601999999999997
1.4399999999999999 	39.567
1.4550000000000001 	39.533000000000001
1.47 	39.499000000000002
1.4850000000000001 	39.466000000000001
1.5 	39.433
1.5149999999999999 	39.401000000000003
1.53 	39.369999999999997
1.5449999999999999 	39.338999999999999
1.5600000000000001 	39.308
1.575 	39.277999999999999
1.5900000000000001 	39.247999999999998
1.605 	39.219000000000001
1.6200000000000001 	39.189999999999998
1.635 	39.161000000000001
1.6499999999999999 	39.133000000000003
1.665 	39.106000000000002
1.6799999999999999 	39.078000000000003
1.6950000000000001 	39.051000000000002
1.71 	39.024999999999999
1.7250000000000001 	38.997999999999998
1.74 	38.972000000000001
1.7549999999999999 	38.947000000000003
1.77 	38.920999999999999
1.7849999999999999 	38.896000000000001
1.8 	38.872
1.8149999999999999 	38.847000000000001
1.8300000000000001 	38.823
1.845 	38.798999999999999
1.8600000000000001 	38.776000000000003
1.875 	38.753
1.8899999999999999 	38.729999999999997
1.905 	38.707000000000001
1.9199999999999999 	38.683999999999997
1.9350000000000001 	38.661999999999999
1.95 	38.640000000000001
1.9650000000000001 	38.618000000000002
1.98 	38.595999999999997
1.9950000000000001 	38.575000000000003
2.0099999999999998 	38.554000000000002
2.0249999999999999 	38.533000000000001
2.04 	38.512
2.0550000000000002 	38.491
2.0699999999999998 	38.470999999999997
2.085 	38.451000000000001
2.1000000000000001 	38.430999999999997
2.1150000000000002 	38.411000000000001
2.1299999999999999 	38.390999999999998
2.145 	38.372
2.1600000000000001 	38.351999999999997
2.1749999999999998 	38.332999999999998
2.1899999999999999 	38.314
2.2050000000000001 	38.295000000000002
2.2200000000000002 	38.277000000000001
2.2349999999999999 	38.258000000000003
2.25 	38.240000000000002
2.2650000000000001 	38.220999999999997
2.2799999999999998 	38.203000000000003
2.2949999999999999 	38.185000000000002
2.3100000000000001 	38.167000000000002
2.3250000000000002 	38.149999999999999
2.3399999999999999 	38.131999999999998
2.355 	38.115000000000002
2.3700000000000001 	38.097000000000001
2.3849999999999998 	38.079999999999998
2.3999999999999999 	38.063000000000002
2.415 	38.045999999999999
2.4300000000000002 	38.029000000000003
2.4449999999999998 	38.012
2.46 	37.994999999999997
2.4750000000000001 	37.978999999999999
2.4900000000000002 	37.962000000000003
2.5049999999999999 	37.945999999999998
2.52 	37.93
2.5350000000000001 	37.914000000000001
2.5499999999999998 	37.898000000000003
2.5649999999999999 	37.881999999999998
2.5800000000000001 	37.866
2.5950000000000002 	37.850000000000001
2.6099999999999999 	37.834000000000003
2.625 	37.817999999999998
2.6400000000000001 	37.802999999999997
2.6549999999999998 	37.786999999999999
2.6699999999999999 	37.771999999999998
2.6850000000000001 	37.756999999999998
2.7000000000000002 	37.741
2.7149999999999999 	37.725999999999999
2.73 	37.710999999999999
2.7450000000000001 	37.695999999999998
2.7599999999999998 	37.680999999999997
2.7749999999999999 	37.665999999999997
2.79 	37.652000000000001
2.8050000000000002 	37.637
2.8199999999999998 	37.622
2.835 	37.606999999999999
2.8500000000000001 	37.593000000000004
2.8650000000000002 	37.578000000000003
2.8799999999999999 	37.564
2.895 	37.549999999999997
2.9100000000000001 	37.534999999999997
2.9249999999999998 	37.521000000000001
2.9399999999999999 	37.506999999999998
2.9550000000000001 	37.493000000000002
2.9700000000000002 	37.478000000000002
2.9849999999999999 	37.463999999999999
3 	37.450000000000003
3.0057 	37.444987070000003
3.0114000000000001 	37.439679609999999
3.0171000000000001 	37.434379079999999
3.0228000000000002 	37.429085409999999
3.0285000000000002 	37.423798560000002
3.0341999999999998 	37.418518460000001
3.0398999999999998 	37.413245070000002
3.0455999999999999 	37.407978329999999
3.0512999999999999 	37.402718180000001
3.0569999999999999 	37.397464579999998
3.0627 	37.392217459999998
3.0684 	37.386976779999998
3.0741000000000001 	37.38174248
3.0798000000000001 	37.376514520000001
3.0855000000000001 	37.371292830000002
3.0912000000000002 	37.36607738
3.0969000000000002 	37.360868109999998
3.1025999999999998 	37.355664959999999
3.1082999999999998 	37.350467899999998
3.1139999999999999 	37.345276859999998
3.1196999999999999 	37.340091800000003
3.1254 	37.334912680000002
3.1311 	37.329739429999997
3.1368 	37.324572029999999
3.1425000000000001 	37.319410410000003
3.1482000000000001 	37.314254519999999
3.1539000000000001 	37.309104339999998
3.1596000000000002 	37.30395979
3.1652999999999998 	37.298820849999998
3.1709999999999998 	37.293687460000001
3.1766999999999999 	37.288559579999998
3.1823999999999999 	37.283437159999998
3.1880999999999999 	37.278320149999999
3.1938 	37.273208519999997
3.1995 	37.268102220000003
3.2052 	37.263001199999998
3.2109000000000001 	37.25790542
3.2166000000000001 	37.252814829999998
3.2223000000000002 	37.247729399999997
3.2280000000000002 	37.24264908
3.2336999999999998 	37.237573830000002
3.2393999999999998 	37.232503600000001
3.2450999999999999 	37.227438360000001
3.2507999999999999 	37.222378050000003
3.2565 	37.21732265
3.2622 	37.212272110000001
3.2679 	37.207226390000002
3.2736000000000001 	37.202185440000001
3.2793000000000001 	37.197149230000001
3.2850000000000001 	37.192117719999999
3.2907000000000002 	37.187090869999999
3.2964000000000002 	37.182068630000003
3.3020999999999998 	37.177050979999997
3.3077999999999999 	37.172037869999997
3.3134999999999999 	37.167029249999999
3.3191999999999999 	37.162025110000002
3.3249 	37.15702538
3.3306 	37.15203005
3.3363 	37.147039069999998
3.3420000000000001 	37.142052399999997
3.3477000000000001 	37.137070010000002
3.3534000000000002 	37.132091850000002
3.3591000000000002 	37.127117900000002
3.3647999999999998 	37.122148119999999
3.3704999999999998 	37.117182460000002
3.3761999999999999 	37.112220909999998
3.3818999999999999 	37.107263410000002
3.3875999999999999 	37.102309929999997
3.3933 	37.097360449999996
3.399 	37.092414920000003
3.4047000000000001 	37.08747331
3.4104000000000001 	37.082535589999999
3.4161000000000001 	37.077601710000003
3.4218000000000002 	37.072671659999997
3.4275000000000002 	37.067745389999999
3.4331999999999998 	37.062822869999998
3.4388999999999998 	37.057904069999999
3.4445999999999999 	37.05298895
3.4502999999999999 	37.048077489999997
3.456 	37.043169650000003
3.4617 	37.038265389999999
3.4674 	37.033364689999999
3.4731000000000001 	37.028467509999999
3.4788000000000001 	37.023573820000003
3.4845000000000002 	37.018683600000003
3.4902000000000002 	37.013796800000001
3.4958999999999998 	37.008913409999998
3.5015999999999998 	37.004033380000003
3.5072999999999999 	36.999156679999999
3.5129999999999999 	36.994283299999999
3.5186999999999999 	36.98941319
3.5244 	36.984546330000001
3.5301 	36.979682680000003
3.5358000000000001 	36.97482222
3.5415000000000001 	36.969964920000002
3.5472000000000001 	36.965110750000001
3.5529000000000002 	36.96025968
3.5586000000000002 	36.955411679999997
3.5642999999999998 	36.950566719999998
3.5699999999999998 	36.945724779999999
3.5756999999999999 	36.940885819999998
3.5813999999999999 	36.936049820000001
3.5871 	36.931216749999997
3.5928 	36.926386579999999
3.5985 	36.921559289999998
3.6042000000000001 	36.916734839999997
3.6099000000000001 	36.911913220000002
3.6156000000000001 	36.907094379999997
3.6213000000000002 	36.902278320000001
3.6269999999999998 	36.897464999999997
3.6326999999999998 	36.892654380000003
3.6383999999999999 	36.887846459999999
3.6440999999999999 	36.883041200000001
3.6497999999999999 	36.878238570000001
3.6555 	36.873438559999997
3.6612 	36.868641119999999
3.6669 	36.863846250000002
3.6726000000000001 	36.85905391
3.6783000000000001 	36.85426408
3.6840000000000002 	36.849476729999999
3.6897000000000002 	36.844691840000003
3.6953999999999998 	36.839909390000003
3.7010999999999998 	36.835129350000003
3.7067999999999999 	36.830351690000001
3.7124999999999999 	36.825576390000002
3.7181999999999999 	36.820803429999998
3.7239 	36.81603278
3.7296 	36.811264430000001
3.7353000000000001 	36.806498339999997
3.7410000000000001 	36.801734490000001
3.7467000000000001 	36.796972869999998
3.7524000000000002 	36.792213439999998
3.7581000000000002 	36.78745618
3.7637999999999998 	36.782701080000002
3.7694999999999999 	36.777948109999997
3.7751999999999999 	36.773197240000002
3.7808999999999999 	36.768448450000001
3.7866 	36.763701730000001
3.7923 	36.758957049999999
3.798 	36.754214390000001
3.8037000000000001 	36.749473719999997
3.8094000000000001 	36.74473502
3.8151000000000002 	36.739998280000002
3.8208000000000002 	36.73526347
3.8264999999999998 	36.730530569999999
3.8321999999999998 	36.72579957
3.8378999999999999 	36.721070419999997
3.8435999999999999 	36.716343129999998
3.8492999999999999 	36.711617670000003
3.855 	36.706894009999999
3.8607 	36.702172130000001
3.8664000000000001 	36.69745202
3.8721000000000001 	36.692733660000002
3.8778000000000001 	36.688017029999997
3.8835000000000002 	36.683302099999999
3.8892000000000002 	36.678588849999997
3.8948999999999998 	36.673877269999998
3.9005999999999998 	36.669167340000001
3.9062999999999999 	36.664459030000003
3.9119999999999999 	36.659752339999997
3.9177 	36.655047230000001
3.9234 	36.65034369
3.9291 	36.64564171
3.9348000000000001 	36.640941249999997
3.9405000000000001 	36.63624231
3.9462000000000002 	36.631544859999998
3.9519000000000002 	36.626848889999998
3.9575999999999998 	36.622154379999998
3.9632999999999998 	36.617461310000003
3.9689999999999999 	36.612769649999997
3.9746999999999999 	36.608079410000002
3.9803999999999999 	36.60339055
3.9861 	36.598703049999997
3.9918 	36.594016910000001
3.9975000000000001 	36.5893321
4.0031999999999996 	36.584648600000001
4.0088999999999997 	36.579966409999997
4.0145999999999997 	36.575285489999999
4.0202999999999998 	36.570605839999999
4.0259999999999998 	36.565927430000002
4.0316999999999998 	36.561250250000001
4.0373999999999999 	36.55657429
4.0430999999999999 	36.551899519999999
4.0488 	36.547225930000003
4.0545 	36.542553509999998
4.0602 	36.537882230000001
4.0659000000000001 	36.533212079999998
4.0716000000000001 	36.528543050000003
4.0773000000000001 	36.52387512
4.0830000000000002 	36.519208259999999
4.0887000000000002 	36.514542480000003
4.0944000000000003 	36.50987774
4.1001000000000003 	36.505214039999998
4.1058000000000003 	36.500551350000002
4.1115000000000004 	36.495889669999997
4.1172000000000004 	36.491228980000002
4.1228999999999996 	36.486569269999997
4.1285999999999996 	36.481910499999998
4.1342999999999996 	36.47725269
4.1399999999999997 	36.472595800000001
4.1456999999999997 	36.467939819999998
4.1513999999999998 	36.463284739999999
4.1570999999999998 	36.458630540000001
4.1627999999999998 	36.453977209999998
4.1684999999999999 	36.449324740000002
4.1741999999999999 	36.444673100000003
4.1798999999999999 	36.440022290000002
4.1856 	36.435372289999997
4.1913 	36.43072308
4.1970000000000001 	36.426074659999998
4.2027000000000001 	36.421427000000001
4.2084000000000001 	36.416780099999997
4.2141000000000002 	36.412133939999997
4.2198000000000002 	36.40748851
4.2255000000000003 	36.402843789999999
4.2312000000000003 	36.398199759999997
4.2369000000000003 	36.393556429999997
4.2426000000000004 	36.388913760000001
4.2483000000000004 	36.384271750000003
4.2539999999999996 	36.379630390000003
4.2596999999999996 	36.374989659999997
4.2653999999999996 	36.37034955
4.2710999999999997 	36.365710049999997
4.2767999999999997 	36.36107114
4.2824999999999998 	36.3564328
4.2881999999999998 	36.351795039999999
4.2938999999999998 	36.34715783
4.2995999999999999 	36.342521159999997
4.3052999999999999 	36.337885020000002
4.3109999999999999 	36.3332494
4.3167 	36.328614279999996
4.3224 	36.323979649999998
4.3281000000000001 	36.319345509999998
4.3338000000000001 	36.31471183
4.3395000000000001 	36.310078599999997
4.3452000000000002 	36.305445820000003
4.3509000000000002 	36.300813470000001
4.3566000000000003 	36.296181539999999
4.3623000000000003 	36.291550020000003
4.3680000000000003 	36.286918890000003
4.3737000000000004 	36.282288139999999
4.3794000000000004 	36.277657769999998
4.3851000000000004 	36.273027759999998
4.3907999999999996 	36.268398099999999
4.3964999999999996 	36.263768779999999
4.4021999999999997 	36.259139779999998
4.4078999999999997 	36.254511100000002
4.4135999999999997 	36.249882720000002
4.4192999999999998 	36.245254629999998
4.4249999999999998 	36.240626829999997
4.4306999999999999 	36.235999290000002
4.4363999999999999 	36.231372020000002
4.4420999999999999 	36.22674499
4.4478 	36.222118209999998
4.4535 	36.217491649999999
4.4592000000000001 	36.212865309999998
4.4649000000000001 	36.208239169999999
4.4706000000000001 	36.203613230000002
4.4763000000000002 	36.198987469999999
4.4820000000000002 	36.194361890000003
4.4877000000000002 	36.18973647
4.4934000000000003 	36.185111210000002
4.4991000000000003 	36.180486090000002
4.5048000000000004 	36.175861099999999
4.5105000000000004 	36.171236239999999
4.5162000000000004 	36.166611490000001
4.5218999999999996 	36.161986839999997
4.5275999999999996 	36.157362280000001
4.5332999999999997 	36.152737809999998
4.5389999999999997 	36.148113420000001
4.5446999999999997 	36.143489090000003
4.5503999999999998 	36.138864810000001
4.5560999999999998 	36.134240570000003
4.5617999999999999 	36.129616370000001
4.5674999999999999 	36.124992200000001
4.5731999999999999 	36.120368040000002
4.5789 	36.115743889999997
4.5846 	36.111119739999999
4.5903 	36.106495580000001
4.5960000000000001 	36.101871389999999
4.6017000000000001 	36.097247170000003
4.6074000000000002 	36.092622919999997
4.6131000000000002 	36.08799861
4.6188000000000002 	36.083374249999999
4.6245000000000003 	36.078749819999999
4.6302000000000003 	36.074125309999999
4.6359000000000004 	36.069500720000001
4.6416000000000004 	36.064876040000001
4.6473000000000004 	36.060251260000001
4.6529999999999996 	36.055626359999998
4.6586999999999996 	36.05100135
4.6643999999999997 	36.046376209999998
4.6700999999999997 	36.041750929999999
4.6757999999999997 	36.037125510000003
4.6814999999999998 	36.03249993
4.6871999999999998 	36.027874199999999
4.6928999999999998 	36.023248289999998
4.6985999999999999 	36.018622209999997
4.7042999999999999 	36.01399593
4.71 	36.009369470000003
4.7157 	36.004742800000002
4.7214 	36.000115919999999
4.7271000000000001 	35.995488819999998
4.7328000000000001 	35.990861500000001
4.7385000000000002 	35.986233939999998
4.7442000000000002 	35.981606139999997
4.7499000000000002 	35.976978080000002
4.7556000000000003 	35.972349770000001
4.7613000000000003 	35.9677212
4.7670000000000003 	35.963092349999997
4.7727000000000004 	35.958463219999999
4.7784000000000004 	35.953833799999998
4.7840999999999996 	35.949204080000001
4.7897999999999996 	35.944574060000001
4.7954999999999997 	35.939943730000003
4.8011999999999997 	35.93531308
4.8068999999999997 	35.930682109999999
4.8125999999999998 	35.926050799999999
4.8182999999999998 	35.921419149999998
4.8239999999999998 	35.916787149999998
4.8296999999999999 	35.912154800000003
4.8353999999999999 	35.90752208
4.8411 	35.902889000000002
4.8468 	35.898255540000001
4.8525 	35.893621699999997
4.8582000000000001 	35.888987460000003
4.8639000000000001 	35.884352829999997
4.8696000000000002 	35.879717800000002
4.8753000000000002 	35.87508235
4.8810000000000002 	35.870446489999999
4.8867000000000003 	35.865810199999999
4.8924000000000003 	35.861173479999998
4.8981000000000003 	35.856536329999997
4.9038000000000004 	35.851898720000001
4.9095000000000004 	35.847260669999997
4.9151999999999996 	35.842622159999998
4.9208999999999996 	35.837983190000003
4.9265999999999996 	35.833343749999997
4.9322999999999997 	35.828703820000001
4.9379999999999997 	35.824063420000002
4.9436999999999998 	35.819422529999997
4.9493999999999998 	35.814781140000001
4.9550999999999998 	35.810139249999999
4.9607999999999999 	35.805496840000004
4.9664999999999999 	35.800853930000002
4.9722 	35.79621049
4.9779 	35.791566529999997
4.9836 	35.78692204
4.9893000000000001 	35.782277000000001
4.9950000000000001 	35.777631419999999
5.0007000000000001 	35.772985290000001
5.0064000000000002 	35.768338610000001
5.0121000000000002 	35.763691360000003
5.0178000000000003 	35.75904354
5.0235000000000003 	35.754395150000001
5.0292000000000003 	35.749746170000002
5.0349000000000004 	35.745096619999998
5.0406000000000004 	35.740446470000002
5.0462999999999996 	35.735795719999999
5.0519999999999996 	35.731144370000003
5.0576999999999996 	35.726492409999999
5.0633999999999997 	35.721839840000001
5.0690999999999997 	35.717186650000002
5.0747999999999998 	35.712532830000001
5.0804999999999998 	35.707878379999997
5.0861999999999998 	35.703223299999998
5.0918999999999999 	35.698567580000002
5.0975999999999999 	35.693911210000003
5.1032999999999999 	35.68925419
5.109 	35.684596509999999
5.1147 	35.67993817
5.1204000000000001 	35.675279160000002
5.1261000000000001 	35.670619479999999
5.1318000000000001 	35.665959119999997
5.1375000000000002 	35.661298070000001
5.1432000000000002 	35.656636339999999
5.1489000000000003 	35.651973920000003
5.1546000000000003 	35.6473108
5.1603000000000003 	35.642646980000002
5.1660000000000004 	35.637982440000002
5.1717000000000004 	35.6333172
5.1773999999999996 	35.628651240000003
5.1830999999999996 	35.623984550000003
5.1887999999999996 	35.61931714
5.1944999999999997 	35.614648989999999
5.2001999999999997 	35.609980110000002
5.2058999999999997 	35.605310490000001
5.2115999999999998 	35.600640120000001
5.2172999999999998 	35.595968999999997
5.2229999999999999 	35.59129712
5.2286999999999999 	35.586624479999998
5.2343999999999999 	35.581951080000003
5.2401 	35.577276910000002
5.2458 	35.572601970000001
5.2515000000000001 	35.567926239999998
5.2572000000000001 	35.563249740000003
5.2629000000000001 	35.558572439999999
5.2686000000000002 	35.553894360000001
5.2743000000000002 	35.549215480000001
5.2800000000000002 	35.544535799999998
5.2857000000000003 	35.53985531
5.2914000000000003 	35.535174019999999
5.2971000000000004 	35.530491910000002
5.3028000000000004 	35.525808990000002
5.3085000000000004 	35.521125240000003
5.3141999999999996 	35.516440670000001
5.3198999999999996 	35.511755270000002
5.3255999999999997 	35.507069029999997
5.3312999999999997 	35.502381960000001
5.3369999999999997 	35.49769405
5.3426999999999998 	35.493005289999999
5.3483999999999998 	35.488315669999999
5.3540999999999999 	35.48362521
5.3597999999999999 	35.47893389
5.3654999999999999 	35.4742417
5.3712 	35.46954865
5.3769 	35.464854729999999
5.3826000000000001 	35.460159939999997
5.3883000000000001 	35.45546427
5.3940000000000001 	35.450767720000002
5.3997000000000002 	35.446070280000001
5.4054000000000002 	35.441371959999998
5.4111000000000002 	35.436672739999999
5.4168000000000003 	35.431972629999997
5.4225000000000003 	35.427271619999999
5.4282000000000004 	35.422569699999997
5.4339000000000004 	35.417866879999998
5.4396000000000004 	35.413163150000003
5.4452999999999996 	35.408458510000003
5.4509999999999996 	35.403752939999997
5.4566999999999997 	35.399046460000001
5.4623999999999997 	35.394339049999999
5.4680999999999997 	35.38963072
5.4737999999999998 	35.38492145
5.4794999999999998 	35.380211250000002
5.4851999999999999 	35.375500109999997
5.4908999999999999 	35.37078803
5.4965999999999999 	35.366075010000003
5.5023 	35.361361029999998
5.508 	35.35664611
5.5137 	35.351930230000001
5.5194000000000001 	35.347213400000001
5.5251000000000001 	35.342495599999999
5.5308000000000002 	35.337776839999997
5.5365000000000002 	35.333057109999999
5.5422000000000002 	35.328336409999999
5.5479000000000003 	35.323614739999996
5.5536000000000003 	35.318892089999999
5.5593000000000004 	35.314168469999998
5.5650000000000004 	35.309443860000002
5.5707000000000004 	35.304718260000001
5.5763999999999996 	35.299991679999998
5.5820999999999996 	35.295264099999997
5.5877999999999997 	35.29053553
5.5934999999999997 	35.285805959999998
5.5991999999999997 	35.281075389999998
5.6048999999999998 	35.276343820000001
5.6105999999999998 	35.271611239999999
5.6162999999999998 	35.266877659999999
5.6219999999999999 	35.26214306
5.6276999999999999 	35.257407440000001
5.6334 	35.252670809999998
5.6391 	35.247933160000002
5.6448 	35.24319449
5.6505000000000001 	35.238454789999999
5.6562000000000001 	35.233714059999997
5.6619000000000002 	35.228972300000002
5.6676000000000002 	35.224229510000001
5.6733000000000002 	35.219485679999998
5.6790000000000003 	35.214740810000002
5.6847000000000003 	35.209994899999998
5.6904000000000003 	35.20524794
5.6961000000000004 	35.20049994
5.7018000000000004 	35.195750889999999
5.7074999999999996 	35.191000789999997
5.7131999999999996 	35.18624964
5.7188999999999997 	35.181497419999999
5.7245999999999997 	35.176744149999998
5.7302999999999997 	35.17198982
5.7359999999999998 	35.16723442
5.7416999999999998 	35.162477959999997
5.7473999999999998 	35.157720429999998
5.7530999999999999 	35.152961820000002
5.7587999999999999 	35.148202150000003
5.7645 	35.14344139
5.7702 	35.13867956
5.7759 	35.133916650000003
5.7816000000000001 	35.129152660000003
5.7873000000000001 	35.124387579999997
5.7930000000000001 	35.119621410000001
5.7987000000000002 	35.11485416
5.8044000000000002 	35.110085810000001
5.8101000000000003 	35.105316369999997
5.8158000000000003 	35.100545840000002
5.8215000000000003 	35.095774200000001
5.8272000000000004 	35.091001470000002
5.8329000000000004 	35.086227639999997
5.8385999999999996 	35.0814527
5.8442999999999996 	35.076676650000003
5.8499999999999996 	35.07189949
5.8556999999999997 	35.067121229999998
5.8613999999999997 	35.062341850000003
5.8670999999999998 	35.057561360000001
5.8727999999999998 	35.052779749999999
5.8784999999999998 	35.047997029999998
5.8841999999999999 	35.043213180000002
5.8898999999999999 	35.038428209999999
5.8956 	35.033642120000003
5.9013 	35.028854899999999
5.907 	35.024066560000001
5.9127000000000001 	35.019277080000002
5.9184000000000001 	35.014486470000001
5.9241000000000001 	35.00969473
5.9298000000000002 	35.004901859999997
5.9355000000000002 	35.000107849999999
5.9412000000000003 	34.995312699999999
5.9469000000000003 	34.990516409999998
5.9526000000000003 	34.985718970000001
5.9583000000000004 	34.980920400000002
5.9640000000000004 	34.97612067
5.9696999999999996 	34.971319800000003
5.9753999999999996 	34.966517789999997
5.9810999999999996 	34.961714620000002
5.9867999999999997 	34.956910290000003
5.9924999999999997 	34.952104820000002
5.9981999999999998 	34.947298189999998
6.0038999999999998 	34.942490399999997
6.0095999999999998 	34.93768146
6.0152999999999999 	34.932871349999999
6.0209999999999999 	34.928060080000002
6.0266999999999999 	34.92324765
6.0324 	34.918434060000003
6.0381 	34.91361929
6.0438000000000001 	34.908803370000001
6.0495000000000001 	34.903986269999997
6.0552000000000001 	34.899168000000003
6.0609000000000002 	34.894348559999997
6.0666000000000002 	34.889527940000001
6.0723000000000003 	34.88470615
6.0780000000000003 	34.879883190000001
6.0837000000000003 	34.875059039999996
6.0894000000000004 	34.870233720000002
6.0951000000000004 	34.865407220000002
6.1007999999999996 	34.860579530000003
6.1064999999999996 	34.855750669999999
6.1121999999999996 	34.850920610000003
6.1178999999999997 	34.846089380000002
6.1235999999999997 	34.841256950000002
6.1292999999999997 	34.836423340000003
6.1349999999999998 	34.831588539999998
6.1406999999999998 	34.826752550000002
6.1463999999999999 	34.821915359999998
6.1520999999999999 	34.817076980000003
6.1577999999999999 	34.812237410000002
6.1635 	34.807396650000001
6.1692 	34.80255468
6.1749000000000001 	34.79771152
6.1806000000000001 	34.79286716
6.1863000000000001 	34.7880216
6.1920000000000002 	34.783174840000001
6.1977000000000002 	34.778326880000002
6.2034000000000002 	34.773477710000002
6.2091000000000003 	34.768627340000002
6.2148000000000003 	34.763775760000001
6.2205000000000004 	34.758922980000001
6.2262000000000004 	34.75406899
6.2319000000000004 	34.749213789999999
6.2375999999999996 	34.744357379999997
6.2432999999999996 	34.739499760000001
6.2489999999999997 	34.734640929999998
6.2546999999999997 	34.729780890000001
6.2603999999999997 	34.724919630000002
6.2660999999999998 	34.720057160000003
6.2717999999999998 	34.715193480000003
6.2774999999999999 	34.710328570000001
6.2831999999999999 	34.705462449999999
6.2888999999999999 	34.700595120000003
6.2946 	34.695726559999997
6.3003 	34.690856779999997
6.306 	34.685985789999997
6.3117000000000001 	34.681113570000001
6.3174000000000001 	34.676240129999996
6.3231000000000002 	34.671365469999998
6.3288000000000002 	34.666489579999997
6.3345000000000002 	34.661612470000001
6.3402000000000003 	34.656734129999997
6.3459000000000003 	34.651854569999998
6.3516000000000004 	34.646973780000003
6.3573000000000004 	34.64209176
6.3630000000000004 	34.637208510000001
6.3686999999999996 	34.63232404
6.3743999999999996 	34.627438329999997
6.3800999999999997 	34.622551399999999
6.3857999999999997 	34.617663229999998
6.3914999999999997 	34.612773830000002
6.3971999999999998 	34.607883200000003
6.4028999999999998 	34.602991330000002
6.4085999999999999 	34.598098229999998
6.4142999999999999 	34.593203899999999
6.4199999999999999 	34.588308329999997
6.4257 	34.583411529999999
6.4314 	34.578513489999999
6.4371 	34.573614210000002
6.4428000000000001 	34.568713690000003
6.4485000000000001 	34.563811940000001
6.4542000000000002 	34.558908950000003
6.4599000000000002 	34.554004720000002
6.4656000000000002 	34.549099249999998
6.4713000000000003 	34.544192539999997
6.4770000000000003 	34.539284590000001
6.4827000000000004 	34.534375390000001
6.4884000000000004 	34.529464959999999
6.4941000000000004 	34.524553279999999
6.4997999999999996 	34.519640369999998
6.5054999999999996 	34.514726199999998
6.5111999999999997 	34.509810799999997
6.5168999999999997 	34.504894149999998
6.5225999999999997 	34.499976250000003
6.5282999999999998 	34.495057119999998
6.5339999999999998 	34.490136730000003
6.5396999999999998 	34.485215099999998
6.5453999999999999 	34.480292230000003
6.5510999999999999 	34.475368109999998
6.5568 	34.470442740000003
6.5625 	34.465516119999997
6.5682 	34.460588260000002
6.5739000000000001 	34.455659150000002
6.5796000000000001 	34.450728789999999
6.5853000000000002 	34.44579719
6.5910000000000002 	34.440864329999997
6.5967000000000002 	34.435930229999997
6.6024000000000003 	34.430994869999999
6.6081000000000003 	34.426058269999999
6.6138000000000003 	34.421120420000001
6.6195000000000004 	34.416181309999999
6.6252000000000004 	34.411240960000001
6.6308999999999996 	34.406299359999998
6.6365999999999996 	34.401356499999999
6.6422999999999996 	34.396412400000003
6.6479999999999997 	34.391467040000002
6.6536999999999997 	34.386520439999998
6.6593999999999998 	34.381572579999997
6.6650999999999998 	34.376623469999998
6.6707999999999998 	34.371673100000002
6.6764999999999999 	34.366721490000003
6.6821999999999999 	34.361768619999999
6.6879 	34.35681451
6.6936 	34.351859130000001
6.6993 	34.34690251
6.7050000000000001 	34.341944640000001
6.7107000000000001 	34.336985509999998
6.7164000000000001 	34.332025119999997
6.7221000000000002 	34.32706349
6.7278000000000002 	34.322100599999999
6.7335000000000003 	34.31713646
6.7392000000000003 	34.312171069999998
6.7449000000000003 	34.307204419999998
6.7506000000000004 	34.302236520000001
6.7563000000000004 	34.29726737
6.7619999999999996 	34.292296960000002
6.7676999999999996 	34.287325299999999
6.7733999999999996 	34.28235239
6.7790999999999997 	34.277378220000003
6.7847999999999997 	34.272402800000002
6.7904999999999998 	34.267426129999997
6.7961999999999998 	34.262448200000001
6.8018999999999998 	34.257469020000002
6.8075999999999999 	34.252488589999999
6.8132999999999999 	34.247506909999998
6.819 	34.242523970000001
6.8247 	34.237539779999999
6.8304 	34.232554329999999
6.8361000000000001 	34.227567630000003
6.8418000000000001 	34.222579680000003
6.8475000000000001 	34.217590479999998
6.8532000000000002 	34.212600029999997
6.8589000000000002 	34.207608319999999
6.8646000000000003 	34.202615360000003
6.8703000000000003 	34.197621150000003
6.8760000000000003 	34.192625679999999
6.8817000000000004 	34.187628969999999
6.8874000000000004 	34.182631000000001
6.8930999999999996 	34.177631779999999
6.8987999999999996 	34.17263131
6.9044999999999996 	34.167629589999997
6.9101999999999997 	34.162626619999998
6.9158999999999997 	34.157622400000001
6.9215999999999998 	34.152616930000001
6.9272999999999998 	34.147610200000003
6.9329999999999998 	34.142602230000001
6.9386999999999999 	34.137593010000003
6.9443999999999999 	34.132582530000001
6.9500999999999999 	34.127570810000002
6.9558 	34.122557839999999
6.9615 	34.117543619999999
6.9672000000000001 	34.112528150000003
6.9729000000000001 	34.107511430000002
6.9786000000000001 	34.102493469999999
6.9843000000000002 	34.097474249999998
6.9900000000000002 	34.09245379
6.9957000000000003 	34.087432079999999
7.0014000000000003 	34.082409130000002
7.0071000000000003 	34.077384930000001
7.0128000000000004 	34.072359480000003
7.0185000000000004 	34.067332790000002
7.0242000000000004 	34.062304849999997
7.0298999999999996 	34.057275660000002
7.0355999999999996 	34.052245229999997
7.0412999999999997 	34.047213560000003
7.0469999999999997 	34.042180639999998
7.0526999999999997 	34.037146479999997
7.0583999999999998 	34.03211108
7.0640999999999998 	34.027074429999999
7.0697999999999999 	34.022036540000002
7.0754999999999999 	34.016997410000002
7.0811999999999999 	34.011957029999998
7.0869 	34.006915419999999
7.0926 	34.001872560000002
7.0983000000000001 	33.996828460000003
7.1040000000000001 	33.991783120000001
7.1097000000000001 	33.986736550000003
7.1154000000000002 	33.981688730000002
7.1211000000000002 	33.976639669999997
7.1268000000000002 	33.971589379999998
7.1325000000000003 	33.966537850000002
7.1382000000000003 	33.961485080000003
7.1439000000000004 	33.956431080000002
7.1496000000000004 	33.951375830000003
7.1553000000000004 	33.946319359999997
7.1609999999999996 	33.94126164
7.1666999999999996 	33.936202700000003
7.1723999999999997 	33.931142510000001
7.1780999999999997 	33.926081099999998
7.1837999999999997 	33.921018449999998
7.1894999999999998 	33.915954560000003
7.1951999999999998 	33.910889449999999
7.2008999999999999 	33.905823099999999
7.2065999999999999 	33.900755529999998
7.2122999999999999 	33.89568672
7.218 	33.890616680000001
7.2237 	33.885545409999999
7.2294 	33.880472910000002
7.2351000000000001 	33.875399190000003
7.2408000000000001 	33.870324240000002
7.2465000000000002 	33.865248059999999
7.2522000000000002 	33.860170650000001
7.2579000000000002 	33.855092020000001
7.2636000000000003 	33.850012159999999
7.2693000000000003 	33.844931080000002
7.2750000000000004 	33.839848770000003
7.2807000000000004 	33.834765240000003
7.2864000000000004 	33.829680490000001
7.2920999999999996 	33.824594509999997
7.2977999999999996 	33.81950732
7.3034999999999997 	33.8144189
7.3091999999999997 	33.809329259999998
7.3148999999999997 	33.804238400000003
7.3205999999999998 	33.799146329999999
7.3262999999999998 	33.794053030000001
7.3319999999999999 	33.788958520000001
7.3376999999999999 	33.783862790000001
7.3433999999999999 	33.778765839999998
7.3491 	33.773667680000003
7.3548 	33.768568309999999
7.3605 	33.763467720000001
7.3662000000000001 	33.758365920000003
7.3719000000000001 	33.753262900000003
7.3776000000000002 	33.748158670000002
7.3833000000000002 	33.743053230000001
7.3890000000000002 	33.737946579999999
7.3947000000000003 	33.732838719999997
7.4004000000000003 	33.727729660000001
7.4061000000000003 	33.722619379999998
7.4118000000000004 	33.717507900000001
7.4175000000000004 	33.712395209999997
7.4231999999999996 	33.707281309999999
7.4288999999999996 	33.702166210000001
7.4345999999999997 	33.697049900000003
7.4402999999999997 	33.691932389999998
7.4459999999999997 	33.68681368
7.4516999999999998 	33.681693760000002
7.4573999999999998 	33.676572649999997
7.4630999999999998 	33.671450329999999
7.4687999999999999 	33.666326820000002
7.4744999999999999 	33.661202099999997
7.4802 	33.65607619
7.4859 	33.650949079999997
7.4916 	33.64582077
7.4973000000000001 	33.640691269999998
7.5030000000000001 	33.635560570000003
7.5087000000000002 	33.630428680000001
7.5144000000000002 	33.625295600000001
7.5201000000000002 	33.620161320000001
7.5258000000000003 	33.615025860000003
7.5315000000000003 	33.609889199999998
7.5372000000000003 	33.604751350000001
7.5429000000000004 	33.599612319999999
7.5486000000000004 	33.594472089999996
7.5542999999999996 	33.589330680000003
7.5599999999999996 	33.584188079999997
7.5656999999999996 	33.5790443
7.5713999999999997 	33.573899339999997
7.5770999999999997 	33.568753190000002
7.5827999999999998 	33.563605860000003
7.5884999999999998 	33.558457339999997
7.5941999999999998 	33.553307650000001
7.5998999999999999 	33.548156769999999
7.6055999999999999 	33.543004719999999
7.6113 	33.537851490000001
7.617 	33.532697079999998
7.6227 	33.527541499999998
7.6284000000000001 	33.52238474
7.6341000000000001 	33.517226809999997
7.6398000000000001 	33.512067700000003
7.6455000000000002 	33.506907419999997
7.6512000000000002 	33.501745970000002
7.6569000000000003 	33.496583350000002
7.6626000000000003 	33.491419559999997
7.6683000000000003 	33.486254610000003
7.6740000000000004 	33.481088479999997
7.6797000000000004 	33.475921190000001
7.6853999999999996 	33.470752730000001
7.6910999999999996 	33.465583109999997
7.6967999999999996 	33.460412329999997
7.7024999999999997 	33.455240379999999
7.7081999999999997 	33.450067269999998
7.7138999999999998 	33.444893
7.7195999999999998 	33.439717569999999
7.7252999999999998 	33.434540990000002
7.7309999999999999 	33.429363240000001
7.7366999999999999 	33.424184339999996
7.7423999999999999 	33.419004280000003
7.7481 	33.413823069999999
7.7538 	33.40864071
7.7595000000000001 	33.403457189999997
7.7652000000000001 	33.39827253
7.7709000000000001 	33.393086709999999
7.7766000000000002 	33.387899740000002
7.7823000000000002 	33.382711630000003
7.7880000000000003 	33.37752236
7.7937000000000003 	33.372331959999997
7.7994000000000003 	33.367140399999997
7.8051000000000004 	33.361947710000003
7.8108000000000004 	33.356753869999999
7.8164999999999996 	33.35155889
7.8221999999999996 	33.346362759999998
7.8278999999999996 	33.341165500000002
7.8335999999999997 	33.335967099999998
7.8392999999999997 	33.330767569999999
7.8449999999999998 	33.325566889999997
7.8506999999999998 	33.320365080000002
7.8563999999999998 	33.315162139999998
7.8620999999999999 	33.30995807
7.8677999999999999 	33.304752860000001
7.8734999999999999 	33.29954652
7.8792 	33.294339049999998
7.8849 	33.289130460000003
7.8906000000000001 	33.283920729999998
7.8963000000000001 	33.278709880000001
7.9020000000000001 	33.273497910000003
7.9077000000000002 	33.268284809999997
7.9134000000000002 	33.263070589999998
7.9191000000000003 	33.257855239999998
7.9248000000000003 	33.252638779999998
7.9305000000000003 	33.247421199999998
7.9362000000000004 	33.242202499999998
7.9419000000000004 	33.236982679999997
7.9476000000000004 	33.231761740000003
7.9532999999999996 	33.226539690000003
7.9589999999999996 	33.221316530000003
7.9646999999999997 	33.216092260000003
7.9703999999999997 	33.210866869999997
7.9760999999999997 	33.205640369999998
7.9817999999999998 	33.20041277
7.9874999999999998 	33.195184050000002
7.9931999999999999 	33.189954239999999
7.9988999999999999 	33.184723310000003
8.0045999999999999 	33.179491280000001
8.0103000000000009 	33.17425815
8.016 	33.169023920000001
8.0216999999999992 	33.163788580000002
8.0274000000000001 	33.158552149999998
8.0330999999999992 	33.153314620000003
8.0388000000000002 	33.148075990000002
8.0444999999999993 	33.142836269999997
8.0502000000000002 	33.137595449999999
8.0558999999999994 	33.132353539999997
8.0616000000000003 	33.127110530000003
8.0672999999999995 	33.121866439999998
8.0730000000000004 	33.116621250000001
8.0786999999999995 	33.111374980000001
8.0844000000000005 	33.106127620000002
8.0900999999999996 	33.10087918
8.0958000000000006 	33.095629649999999
8.1014999999999997 	33.090379030000001
8.1072000000000006 	33.08512734
8.1128999999999998 	33.07987456
8.1186000000000007 	33.074620709999998
8.1242999999999999 	33.069365769999997
8.1300000000000008 	33.064109760000001
8.1356999999999999 	33.058852680000001
8.1414000000000009 	33.053594519999997
8.1471 	33.048335280000003
8.1527999999999992 	33.043074969999999
8.1585000000000001 	33.0378136
8.1641999999999992 	33.032551150000003
8.1699000000000002 	33.027287639999997
8.1755999999999993 	33.022023060000002
8.1813000000000002 	33.016757409999997
8.1869999999999994 	33.011490700000003
8.1927000000000003 	33.006222919999999
8.1983999999999995 	33.00095409
8.2041000000000004 	32.995684189999999
8.2097999999999995 	32.990413240000002
8.2155000000000005 	32.985141220000003
8.2211999999999996 	32.979868160000002
8.2269000000000005 	32.974594029999999
8.2325999999999997 	32.969318850000001
8.2383000000000006 	32.964042620000001
8.2439999999999998 	32.958765339999999
8.2497000000000007 	32.953487010000003
8.2553999999999998 	32.948207629999999
8.2611000000000008 	32.9429272
8.2667999999999999 	32.93764573
8.2725000000000009 	32.932363209999998
8.2782 	32.927079650000003
8.2838999999999992 	32.92179505
8.2896000000000001 	32.916509400000002
8.2952999999999992 	32.911222719999998
8.3010000000000002 	32.905934999999999
8.3066999999999993 	32.90064624
8.3124000000000002 	32.895356450000001
8.3180999999999994 	32.890065630000002
8.3238000000000003 	32.884773770000002
8.3294999999999995 	32.879480880000003
8.3352000000000004 	32.874186960000003
8.3408999999999995 	32.868892010000003
8.3466000000000005 	32.863596039999997
8.3522999999999996 	32.858299039999999
8.3580000000000005 	32.85300101
8.3636999999999997 	32.847701970000003
8.3694000000000006 	32.842401899999999
8.3750999999999998 	32.837100810000003
8.3808000000000007 	32.8317987
8.3864999999999998 	32.82649558
8.3922000000000008 	32.82119144
8.3978999999999999 	32.815886280000001
8.4036000000000008 	32.810580109999997
8.4093 	32.805272930000001
8.4149999999999991 	32.79996474
8.4207000000000001 	32.794655540000001
8.4263999999999992 	32.789345339999997
8.4321000000000002 	32.784034120000001
8.4377999999999993 	32.778721910000002
8.4435000000000002 	32.773408680000003
8.4491999999999994 	32.76809446
8.4549000000000003 	32.76277924
8.4605999999999995 	32.757463010000002
8.4663000000000004 	32.75214579
8.4719999999999995 	32.746827580000001
8.4777000000000005 	32.741508359999997
8.4833999999999996 	32.736188159999998
8.4891000000000005 	32.73086696
8.4947999999999997 	32.725544769999999
8.5005000000000006 	32.720221600000002
8.5061999999999998 	32.714897430000001
8.5119000000000007 	32.709572280000003
8.5175999999999998 	32.704246140000002
8.5233000000000008 	32.698919019999998
8.5289999999999999 	32.693590919999998
8.5347000000000008 	32.688261840000003
8.5404 	32.682931779999997
8.5460999999999991 	32.677600740000003
8.5518000000000001 	32.672268719999998
8.5574999999999992 	32.666935729999999
8.5632000000000001 	32.661601769999997
8.5688999999999993 	32.65626683
8.5746000000000002 	32.650930930000001
8.5802999999999994 	32.64559405
8.5860000000000003 	32.640256209999997
8.5916999999999994 	32.634917399999999
8.5974000000000004 	32.62957763
8.6030999999999995 	32.624236889999999
8.6088000000000005 	32.618895190000003
8.6144999999999996 	32.61355253
8.6202000000000005 	32.608208920000003
8.6258999999999997 	32.602864340000004
8.6316000000000006 	32.597518809999997
8.6372999999999998 	32.592172329999997
8.6430000000000007 	32.586824890000003
8.6486999999999998 	32.581476500000001
8.6544000000000008 	32.576127159999999
8.6600999999999999 	32.570776879999997
8.6658000000000008 	32.565425640000001
8.6715 	32.560073459999998
8.6771999999999991 	32.554720340000003
8.6829000000000001 	32.549366280000001
8.6885999999999992 	32.544011269999999
8.6943000000000001 	32.538655319999997
8.6999999999999993 	32.533298440000003
8.7057000000000002 	32.527940620000003
8.7113999999999994 	32.522581860000003
8.7171000000000003 	32.517222179999997
8.7227999999999994 	32.511861549999999
8.7285000000000004 	32.506500000000003
8.7341999999999995 	32.50113752
8.7399000000000004 	32.49577412
8.7455999999999996 	32.49040978
8.7513000000000005 	32.485044520000002
8.7569999999999997 	32.47967834
8.7627000000000006 	32.474311239999999
8.7683999999999997 	32.46894322
8.7741000000000007 	32.463574280000003
8.7797999999999998 	32.458204420000001
8.7855000000000008 	32.452833650000002
8.7911999999999999 	32.447461959999998
8.7969000000000008 	32.442089369999998
8.8026 	32.43671586
8.8082999999999991 	32.431341439999997
8.8140000000000001 	32.425966109999997
8.8196999999999992 	32.420589880000001
8.8254000000000001 	32.415212740000001
8.8310999999999993 	32.409834699999998
8.8368000000000002 	32.404455759999998
8.8424999999999994 	32.399075920000001
8.8482000000000003 	32.393695180000002
8.8538999999999994 	32.388313539999999
8.8596000000000004 	32.38293101
8.8652999999999995 	32.377547579999998
8.8710000000000004 	32.372163270000001
8.8766999999999996 	32.366778060000001
8.8824000000000005 	32.361391959999999
8.8880999999999997 	32.356004970000001
8.8938000000000006 	32.350617100000001
8.8994999999999997 	32.345228339999998
8.9052000000000007 	32.339838700000001
8.9108999999999998 	32.334448180000003
8.9166000000000007 	32.329056780000002
8.9222999999999999 	32.3236645
8.9280000000000008 	32.318271350000003
8.9337 	32.312877319999998
8.9393999999999991 	32.307482409999999
8.9451000000000001 	32.302086629999998
8.9507999999999992 	32.296689989999997
8.9565000000000001 	32.291292470000002
8.9621999999999993 	32.285894089999999
8.9679000000000002 	32.280494840000003
8.9735999999999994 	32.275094719999998
8.9793000000000003 	32.269693750000002
8.9849999999999994 	32.264291909999997
8.9907000000000004 	32.25888921
8.9963999999999995 	32.253485660000003
9.0021000000000004 	32.248081239999998
9.0077999999999996 	32.242675980000001
9.0135000000000005 	32.237269859999998
9.0191999999999997 	32.231862890000002
9.0249000000000006 	32.226455059999999
9.0305999999999997 	32.221046389999998
9.0363000000000007 	32.215636879999998
9.0419999999999998 	32.210226519999999
9.0477000000000007 	32.204815310000001
9.0533999999999999 	32.199403259999997
9.0591000000000008 	32.193990370000002
9.0648 	32.188576650000002
9.0704999999999991 	32.183162080000002
9.0762 	32.177746679999998
9.0818999999999992 	32.172330449999997
9.0876000000000001 	32.166913379999997
9.0932999999999993 	32.161495479999999
9.0990000000000002 	32.156076749999997
9.1046999999999993 	32.150657199999998
9.1104000000000003 	32.14523681
9.1160999999999994 	32.139815609999999
9.1218000000000004 	32.134393580000001
9.1274999999999995 	32.128970729999999
9.1332000000000004 	32.12354706
9.1388999999999996 	32.118122569999997
9.1446000000000005 	32.112697259999997
9.1502999999999997 	32.107271140000002
9.1560000000000006 	32.101844210000003
9.1616999999999997 	32.09641646
9.1674000000000007 	32.090987910000003
9.1730999999999998 	32.085558540000001
9.1788000000000007 	32.080128369999997
9.1844999999999999 	32.074697389999997
9.1902000000000008 	32.069265610000002
9.1959 	32.063833029999998
9.2015999999999991 	32.058399649999998
9.2073 	32.052965469999997
9.2129999999999992 	32.04753049
9.2187000000000001 	32.042094710000001
9.2243999999999993 	32.03665814
9.2301000000000002 	32.031220779999998
9.2357999999999993 	32.025782630000002
9.2415000000000003 	32.020343689999997
9.2471999999999994 	32.014903959999998
9.2529000000000003 	32.009463449999998
9.2585999999999995 	32.004022149999997
9.2643000000000004 	31.998580069999999
9.2699999999999996 	31.9931372
9.2757000000000005 	31.98769356
9.2813999999999997 	31.98224914
9.2871000000000006 	31.976803950000001
9.2927999999999997 	31.971357980000001
9.2985000000000007 	31.96591123
9.3041999999999998 	31.96046372
9.3099000000000007 	31.95501544
9.3155999999999999 	31.94956638
9.3213000000000008 	31.944116569999998
9.327 	31.93866598
9.3327000000000009 	31.933214639999999
9.3384 	31.927762529999999
9.3440999999999992 	31.92230966
9.3498000000000001 	31.916856039999999
9.3554999999999993 	31.911401649999998
9.3612000000000002 	31.905946520000001
9.3668999999999993 	31.90049063
9.3726000000000003 	31.895033980000001
9.3782999999999994 	31.889576590000001
9.3840000000000003 	31.884118449999999
9.3896999999999995 	31.87865957
9.3954000000000004 	31.873199929999998
9.4010999999999996 	31.86773956
9.4068000000000005 	31.862278440000001
9.4124999999999996 	31.85681658
9.4182000000000006 	31.85135399
9.4238999999999997 	31.845890659999998
9.4296000000000006 	31.84042659
9.4352999999999998 	31.834961790000001
9.4410000000000007 	31.829496259999999
9.4466999999999999 	31.82402999
9.4524000000000008 	31.818563000000001
9.4581 	31.813095279999999
9.4638000000000009 	31.807626840000001
9.4695 	31.80215767
9.4751999999999992 	31.796687779999999
9.4809000000000001 	31.791217169999999
9.4865999999999993 	31.785745850000001
9.4923000000000002 	31.7802738
9.4979999999999993 	31.77480104
9.5037000000000003 	31.769327570000002
9.5093999999999994 	31.76385338
9.5151000000000003 	31.758378480000001
9.5207999999999995 	31.752902880000001
9.5265000000000004 	31.747426569999998
9.5321999999999996 	31.741949550000001
9.5379000000000005 	31.736471829999999
9.5435999999999996 	31.73099341
9.5493000000000006 	31.725514279999999
9.5549999999999997 	31.720034460000001
9.5607000000000006 	31.714553939999998
9.5663999999999998 	31.709072729999999
9.5721000000000007 	31.703590819999999
9.5777999999999999 	31.698108220000002
9.5835000000000008 	31.692624930000001
9.5891999999999999 	31.68714095
9.5949000000000009 	31.681656279999999
9.6006 	31.676170930000001
9.6062999999999992 	31.670684900000001
9.6120000000000001 	31.665198180000001
9.6176999999999992 	31.659710780000001
9.6234000000000002 	31.654222699999998
9.6290999999999993 	31.64873395
9.6348000000000003 	31.64324452
9.6404999999999994 	31.63775442
9.6462000000000003 	31.632263640000001
9.6518999999999995 	31.626772200000001
9.6576000000000004 	31.621280089999999
9.6632999999999996 	31.615787300000001
9.6690000000000005 	31.610293859999999
9.6746999999999996 	31.604799750000002
9.6804000000000006 	31.599304979999999
9.6860999999999997 	31.593809539999999
9.6918000000000006 	31.588313450000001
9.6974999999999998 	31.582816709999999
9.7032000000000007 	31.577319299999999
9.7088999999999999 	31.571821249999999
9.7146000000000008 	31.566322540000002
9.7202999999999999 	31.56082318
9.7260000000000009 	31.555323170000001
9.7317 	31.549822519999999
9.7373999999999992 	31.54432122
9.7431000000000001 	31.538819270000001
9.7487999999999992 	31.533316689999999
9.7545000000000002 	31.527813460000001
9.7601999999999993 	31.5223096
9.7659000000000002 	31.516805099999999
9.7715999999999994 	31.511299959999999
9.7773000000000003 	31.5057942
9.7829999999999995 	31.500287790000002
9.7887000000000004 	31.494780760000001
9.7943999999999996 	31.489273099999998
9.8001000000000005 	31.483764820000001
9.8057999999999996 	31.478255910000001
9.8115000000000006 	31.472746369999999
9.8171999999999997 	31.467236209999999
9.8229000000000006 	31.461725439999999
9.8285999999999998 	31.456214039999999
9.8343000000000007 	31.450702029999999
9.8399999999999999 	31.445189410000001
9.8457000000000008 	31.439676169999998
9.8513999999999999 	31.434162310000001
9.8571000000000009 	31.428647850000001
9.8628 	31.42313278
9.8684999999999992 	31.417617109999998
9.8742000000000001 	31.41210083
9.8798999999999992 	31.406583940000001
9.8856000000000002 	31.401066459999999
9.8912999999999993 	31.39554837
9.8970000000000002 	31.390029689999999
9.9026999999999994 	31.384510410000001
9.9084000000000003 	31.378990529999999
9.9140999999999995 	31.373470059999999
9.9198000000000004 	31.367948999999999
9.9254999999999995 	31.362427350000001
9.9312000000000005 	31.35690512
9.9368999999999996 	31.35138229
9.9426000000000005 	31.345858889999999
9.9482999999999997 	31.340334890000001
9.9540000000000006 	31.334810319999999
9.9596999999999998 	31.329285169999999
9.9654000000000007 	31.32375944
9.9710999999999999 	31.318233129999999
9.9768000000000008 	31.312706250000002
9.9824999999999999 	31.307178799999999
9.9882000000000009 	31.301650779999999
9.9939 	31.296122180000001
9.9995999999999992 	31.290593019999999
10.0053 	31.28506329
10.010999999999999 	31.279533000000001
10.0167 	31.274002150000001
10.022399999999999 	31.268470730000001
10.0281 	31.26293875
10.033799999999999 	31.25740622
10.0395 	31.25187313
10.045199999999999 	31.24633949
10.0509 	31.240805290000001
10.0566 	31.235270549999999
10.0623 	31.229735250000001
10.068 	31.224199410000001
10.073700000000001 	31.218663020000001
10.0794 	31.213126089999999
10.085100000000001 	31.207588609999998
10.0908 	31.2020506
10.096500000000001 	31.196512040000002
10.1022 	31.190972949999999
10.107900000000001 	31.185433320000001
10.1136 	31.179893159999999
10.119300000000001 	31.174352460000001
10.125 	31.16881124
10.130699999999999 	31.16326948
10.1364 	31.1577272
10.142099999999999 	31.152184399999999
10.1478 	31.14664106
10.153499999999999 	31.141097210000002
10.1592 	31.135552839999999
10.164899999999999 	31.13000795
10.1706 	31.12446254
10.176299999999999 	31.118916609999999
10.182 	31.11337018
10.1877 	31.107823230000001
10.1934 	31.102275760000001
10.1991 	31.0967278
10.204800000000001 	31.091179319999998
10.2105 	31.085630340000002
10.216200000000001 	31.080080850000002
10.2219 	31.07453087
10.227600000000001 	31.068980379999999
10.2333 	31.0634294
10.239000000000001 	31.057877909999998
10.2447 	31.052325939999999
10.250400000000001 	31.046773470000002
10.2561 	31.041220500000001
10.261799999999999 	31.035667050000001
10.2675 	31.030113109999998
10.273199999999999 	31.024558679999998
10.2789 	31.019003770000001
10.284599999999999 	31.01344838
10.2903 	31.007892500000001
10.295999999999999 	31.002336140000001
10.3017 	30.996779310000001
10.307399999999999 	30.99122199
10.3131 	30.985664209999999
10.3188 	30.980105949999999
10.3245 	30.974547220000002
10.3302 	30.968988020000001
10.335900000000001 	30.963428350000001
10.3416 	30.957868210000001
10.347300000000001 	30.952307609999998
10.353 	30.94674655
10.358700000000001 	30.941185019999999
10.3644 	30.935623039999999
10.370100000000001 	30.930060600000001
10.3758 	30.9244977
10.381500000000001 	30.918934350000001
10.3872 	30.913370539999999
10.392899999999999 	30.907806279999999
10.3986 	30.902241579999998
10.404299999999999 	30.896676419999999
10.41 	30.891110820000002
10.415699999999999 	30.88554478
10.4214 	30.87997829
10.427099999999999 	30.87441136
10.4328 	30.868843989999998
10.438499999999999 	30.863276190000001
10.4442 	30.857707950000002
10.4499 	30.852139269999999
10.4556 	30.846570159999999
10.4613 	30.841000619999999
10.467000000000001 	30.835430649999999
10.4727 	30.829860249999999
10.478400000000001 	30.82428943
10.4841 	30.818718180000001
10.489800000000001 	30.813146509999999
10.4955 	30.807574420000002
10.501200000000001 	30.802001910000001
10.5069 	30.796428989999999
10.512600000000001 	30.79085564
10.5183 	30.78528189
10.523999999999999 	30.779707720000001
10.5297 	30.77413314
10.535399999999999 	30.76855815
10.5411 	30.762982749999999
10.546799999999999 	30.75740695
10.5525 	30.751830739999999
10.558199999999999 	30.746254130000001
10.5639 	30.740677120000001
10.569599999999999 	30.73509971
10.5753 	30.729521900000002
10.581 	30.7239437
10.5867 	30.718365110000001
10.5924 	30.712786120000001
10.598100000000001 	30.70720674
10.6038 	30.70162697
10.609500000000001 	30.696046809999999
10.6152 	30.690466270000002
10.620900000000001 	30.684885349999998
10.6266 	30.679304040000002
10.632300000000001 	30.673722349999998
10.638 	30.66814029
10.643700000000001 	30.662557840000002
10.6494 	30.656975020000001
10.655099999999999 	30.651391830000001
10.6608 	30.645808259999999
10.666499999999999 	30.640224329999999
10.6722 	30.634640019999999
10.677899999999999 	30.629055350000002
10.6836 	30.623470309999998
10.689299999999999 	30.617884910000001
10.695 	30.612299140000001
10.700699999999999 	30.606713020000001
10.7064 	30.601126539999999
10.7121 	30.5955397
10.7178 	30.589952499999999
10.7235 	30.584364950000001
10.729200000000001 	30.578777049999999
10.7349 	30.57318879
10.740600000000001 	30.56760019
10.7463 	30.56201124
10.752000000000001 	30.556421950000001
10.7577 	30.550832310000001
10.763400000000001 	30.545242330000001
10.7691 	30.539652010000001
10.774800000000001 	30.534061350000002
10.7805 	30.52847036
10.786199999999999 	30.522879020000001
10.7919 	30.517287360000001
10.797599999999999 	30.511695360000001
10.8033 	30.506103029999998
10.808999999999999 	30.500510370000001
10.8147 	30.494917390000001
10.820399999999999 	30.489324079999999
10.8261 	30.483730439999999
10.831799999999999 	30.478136490000001
10.8375 	30.47254221
10.8432 	30.466947619999999
10.8489 	30.461352699999999
10.8546 	30.455757470000002
10.860300000000001 	30.45016193
10.866 	30.444566080000001
10.871700000000001 	30.438969910000001
10.8774 	30.43337344
10.883100000000001 	30.427776659999999
10.8888 	30.422179570000001
10.894500000000001 	30.416582179999999
10.9002 	30.410984490000001
10.905900000000001 	30.405386490000001
10.9116 	30.3997882
10.917299999999999 	30.394189610000002
10.923 	30.38859072
10.928699999999999 	30.382991539999999
10.9344 	30.377392069999999
10.940099999999999 	30.37179231
10.9458 	30.366192259999998
10.951499999999999 	30.360591920000001
10.9572 	30.354991290000001
10.962899999999999 	30.349390379999999
10.9686 	30.343789189999999
10.974299999999999 	30.338187720000001
10.98 	30.33258597
10.9857 	30.326983940000002
10.991400000000001 	30.321381630000001
10.9971 	30.31577905
11.002800000000001 	30.310176200000001
11.0085 	30.304573080000001
11.014200000000001 	30.298969679999999
11.0199 	30.293366020000001
11.025600000000001 	30.287762099999998
11.0313 	30.282157909999999
11.037000000000001 	30.276553450000002
11.0427 	30.270948740000001
11.048400000000001 	30.265343770000001
11.0541 	30.259738540000001
11.059799999999999 	30.25413305
11.0655 	30.24852731
11.071199999999999 	30.24292131
11.0769 	30.237315070000001
11.082599999999999 	30.231708569999999
11.0883 	30.226101830000001
11.093999999999999 	30.220494840000001
11.0997 	30.214887600000001
11.105399999999999 	30.20928013
11.1111 	30.203672409999999
11.1168 	30.19806445
11.1225 	30.192456249999999
11.1282 	30.186847820000001
11.133900000000001 	30.18123915
11.1396 	30.175630250000001
11.145300000000001 	30.17002111
11.151 	30.164411749999999
11.156700000000001 	30.15880216
11.1624 	30.15319234
11.168100000000001 	30.1475823
11.1738 	30.141972030000002
11.179500000000001 	30.136361539999999
11.1852 	30.130750840000001
11.190899999999999 	30.125139910000001
11.1966 	30.119528760000001
11.202299999999999 	30.113917399999998
11.208 	30.108305829999999
11.213699999999999 	30.10269405
11.2194 	30.097082050000001
11.225099999999999 	30.091469849999999
11.2308 	30.085857430000001
11.236499999999999 	30.080244820000001
11.2422 	30.074632000000001
11.2479 	30.069018969999998
11.2536 	30.063405750000001
11.2593 	30.057792330000002
11.265000000000001 	30.052178699999999
11.2707 	30.046564889999999
11.276400000000001 	30.04095088
11.2821 	30.03533667
11.287800000000001 	30.029722280000001
11.2935 	30.024107699999998
11.299200000000001 	30.01849292
11.3049 	30.012877970000002
11.310600000000001 	30.007262820000001
11.3163 	30.001647500000001
11.321999999999999 	29.996031989999999
11.3277 	29.990416310000001
11.333399999999999 	29.984800440000001
11.3391 	29.979184400000001
11.344799999999999 	29.973568180000001
11.3505 	29.967951800000002
11.356199999999999 	29.962335230000001
11.3619 	29.956718500000001
11.367599999999999 	29.951101600000001
11.3733 	29.945484539999999
11.379 	29.93986731
11.3847 	29.934249909999998
11.3904 	29.928632360000002
11.396100000000001 	29.923014640000002
11.4018 	29.917396759999999
11.407500000000001 	29.911778730000002
11.4132 	29.906160539999998
11.418900000000001 	29.9005422
11.4246 	29.8949237
11.430300000000001 	29.889305050000001
11.436 	29.883686260000001
11.441700000000001 	29.87806732
11.4474 	29.87244823
11.453099999999999 	29.866828989999998
11.4588 	29.86120962
11.464499999999999 	29.855590100000001
11.4702 	29.84997044
11.475899999999999 	29.844350649999999
11.4816 	29.83873071
11.487299999999999 	29.833110649999998
11.493 	29.827490449999999
11.498699999999999 	29.821870109999999
11.5044 	29.81624965
11.5101 	29.81062906
11.5158 	29.805008350000001
11.5215 	29.799387500000002
11.527200000000001 	29.79376654
11.5329 	29.788145449999998
11.538600000000001 	29.782524240000001
11.5443 	29.77690291
11.550000000000001 	29.771281460000001
11.5557 	29.765659899999999
11.561400000000001 	29.760038229999999
11.5671 	29.75441644
11.572800000000001 	29.748794539999999
11.5785 	29.743172529999999
11.584199999999999 	29.737550410000001
11.5899 	29.731928190000001
11.595599999999999 	29.72630586
11.6013 	29.720683430000001
11.606999999999999 	29.715060900000001
11.6127 	29.709438259999999
11.618399999999999 	29.70381553
11.6241 	29.6981927
11.629799999999999 	29.692569779999999
11.6355 	29.686946760000001
11.6412 	29.68132365
11.6469 	29.675700450000001
11.6526 	29.670077160000002
11.658300000000001 	29.664453779999999
11.664 	29.65883032
11.669700000000001 	29.653206770000001
11.6754 	29.647583139999998
11.681100000000001 	29.64195943
11.6868 	29.636335639999999
11.692500000000001 	29.630711770000001
11.6982 	29.625087820000001
11.703900000000001 	29.619463799999998
11.7096 	29.613839710000001
11.715299999999999 	29.60821554
11.721 	29.602591310000001
11.726699999999999 	29.596966999999999
11.7324 	29.59134263
11.738099999999999 	29.585718190000001
11.7438 	29.580093690000002
11.749499999999999 	29.57446912
11.7552 	29.568844500000001
11.760899999999999 	29.56321981
11.7666 	29.557595070000001
11.7723 	29.551970270000002
11.778 	29.546345420000002
11.7837 	29.54072051
11.789400000000001 	29.535095550000001
11.7951 	29.529470539999998
11.800800000000001 	29.523845479999999
11.8065 	29.518220379999999
11.812200000000001 	29.512595229999999
11.8179 	29.506970039999999
11.823600000000001 	29.501344799999998
11.8293 	29.495719520000002
11.835000000000001 	29.490094209999999
11.8407 	29.484468849999999
11.846399999999999 	29.47884346
11.8521 	29.473218030000002
11.857799999999999 	29.467592580000002
11.8635 	29.461967090000002
11.869199999999999 	29.456341569999999
11.8749 	29.450716020000002
11.880599999999999 	29.445090440000001
11.8863 	29.439464839999999
11.891999999999999 	29.433839209999999
11.8977 	29.42821357
11.9034 	29.4225879
11.9091 	29.416962210000001
11.9148 	29.411336510000002
11.920500000000001 	29.40571078
11.9262 	29.400085050000001
11.931900000000001 	29.394459300000001
11.9376 	29.388833529999999
11.943300000000001 	29.383207760000001
11.949 	29.377581979999999
11.954700000000001 	29.371956189999999
11.9604 	29.366330399999999
11.966100000000001 	29.360704599999998
11.9718 	29.355078800000001
11.977499999999999 	29.349453
11.9832 	29.3438272
11.988899999999999 	29.338201399999999
11.9946 	29.332575609999999
12.000299999999999 	29.326949819999999
12.006 	29.32132404
12.011699999999999 	29.315698260000001
12.0174 	29.31007249
12.023099999999999 	29.304446739999999
12.0288 	29.298821
12.0345 	29.293195269999998
12.0402 	29.287569560000001
12.0459 	29.281943859999998
12.051600000000001 	29.276318180000001
12.0573 	29.270692530000002
12.063000000000001 	29.26506689
12.0687 	29.259441280000001
12.074400000000001 	29.25381569
12.0801 	29.248190130000001
12.085800000000001 	29.242564600000001
12.0915 	29.23693909
12.097200000000001 	29.231313620000002
12.1029 	29.225688179999999
12.108599999999999 	29.220062769999998
12.1143 	29.214437400000001
12.119999999999999 	29.20881206
12.1257 	29.203186760000001
12.131399999999999 	29.197561499999999
12.1371 	29.191936290000001
12.142799999999999 	29.186311109999998
12.1485 	29.18068598
12.154199999999999 	29.175060899999998
12.1599 	29.16943586
12.1656 	29.163810869999999
12.1713 	29.158185929999998
12.177 	29.152561039999998
12.182700000000001 	29.14693621
12.1884 	29.141311429999998
12.194100000000001 	29.135686700000001
12.1998 	29.130062030000001
12.205500000000001 	29.12443743
12.2112 	29.11881288
12.216900000000001 	29.113188390000001
12.2226 	29.107563970000001
12.228300000000001 	29.101939609999999
12.234 	29.096315319999999
12.239699999999999 	29.090691100000001
12.2454 	29.085066950000002
12.251099999999999 	29.07944286
12.2568 	29.073818849999999
12.262499999999999 	29.06819492
12.2682 	29.06257106
12.273899999999999 	29.056947269999998
12.2796 	29.05132356
12.285299999999999 	29.045699939999999
12.291 	29.040076389999999
12.2967 	29.03445293
12.3024 	29.028829550000001
12.3081 	29.023206250000001
12.313800000000001 	29.017583049999999
12.3195 	29.01195993
12.325200000000001 	29.006336900000001
12.3309 	29.000713959999999
12.336600000000001 	28.995091120000001
12.3423 	28.989468370000001
12.348000000000001 	28.983845710000001
12.3537 	28.978223150000002
12.359400000000001 	28.97260069
12.3651 	28.966978340000001
12.370799999999999 	28.961356080000002
12.3765 	28.95573392
12.382199999999999 	28.950111870000001
12.3879 	28.94448993
12.393599999999999 	28.93886809
12.3993 	28.933246359999998
12.404999999999999 	28.92762475
12.4107 	28.922003239999999
12.416399999999999 	28.91638185
12.4221 	28.910760570000001
12.4278 	28.90513941
12.4335 	28.899518359999998
12.4392 	28.89389744
12.444900000000001 	28.88827663
12.4506 	28.88265595
12.456300000000001 	28.87703539
12.462 	28.871414949999998
12.467700000000001 	28.865794640000001
12.4734 	28.86017446
12.479100000000001 	28.854554400000001
12.4848 	28.84893448
12.490500000000001 	28.84331469
12.4962 	28.837695029999999
12.501899999999999 	28.832075509999999
12.5076 	28.82645612
12.513299999999999 	28.820836870000001
12.519 	28.815217759999999
12.524699999999999 	28.809598789999999
12.5304 	28.803979959999999
12.536099999999999 	28.798361280000002
12.5418 	28.792742730000001
12.547499999999999 	28.787124339999998
12.5532 	28.781506090000001
12.5589 	28.775887990000001
12.5646 	28.770270050000001
12.5703 	28.764652250000001
12.576000000000001 	28.75903461
12.5817 	28.753417120000002
12.587400000000001 	28.747799789999998
12.5931 	28.74218261
12.598800000000001 	28.736565599999999
12.6045 	28.730948739999999
12.610200000000001 	28.725332049999999
12.6159 	28.719715520000001
12.621600000000001 	28.714099149999999
12.6273 	28.70848295
12.632999999999999 	28.702866920000002
12.6387 	28.697251049999998
12.644399999999999 	28.691635359999999
12.6501 	28.686019829999999
12.655799999999999 	28.68040448
12.6615 	28.674789310000001
12.667199999999999 	28.669174309999999
12.6729 	28.663559490000001
12.678599999999999 	28.657944839999999
12.6843 	28.652330379999999
12.69 	28.646716090000002
12.6957 	28.641101989999999
12.7014 	28.635488079999998
12.707100000000001 	28.629874350000001
12.7128 	28.624260799999998
12.718500000000001 	28.618647450000001
12.7242 	28.613034280000001
12.729900000000001 	28.607421309999999
12.7356 	28.601808519999999
12.741300000000001 	28.59619593
12.747 	28.590583540000001
12.752700000000001 	28.584971339999999
12.7584 	28.57935934
12.764099999999999 	28.57374755
12.7698 	28.568135949999999
12.775499999999999 	28.562524549999999
12.7812 	28.556913359999999
12.786899999999999 	28.551302369999998
12.7926 	28.545691590000001
12.798299999999999 	28.540081010000002
12.804 	28.534470649999999
12.809699999999999 	28.52886049
12.8154 	28.52325055
12.821099999999999 	28.51764082
12.8268 	28.5120313
12.8325 	28.506422000000001
12.838200000000001 	28.500812920000001
12.8439 	28.495204059999999
12.849600000000001 	28.48959541
12.8553 	28.483986989999998
12.861000000000001 	28.478378790000001
12.8667 	28.47277081
12.872400000000001 	28.467163060000001
12.8781 	28.461555539999999
12.883800000000001 	28.455948240000001
12.8895 	28.450341179999999
12.895200000000001 	28.44473434
12.9009 	28.43912774
12.906599999999999 	28.433521370000001
12.9123 	28.42791523
12.917999999999999 	28.422309340000002
12.9237 	28.416703680000001
12.929399999999999 	28.411098249999998
12.9351 	28.405493069999999
12.940799999999999 	28.399888130000001
12.9465 	28.394283439999999
12.952199999999999 	28.388678980000002
12.9579 	28.383074780000001
12.9636 	28.377470819999999
12.9693 	28.37186711
12.975 	28.36626365
12.980700000000001 	28.36066044
12.9864 	28.355057479999999
12.992100000000001 	28.349454770000001
12.9978 	28.34385232
13.003500000000001 	28.338250129999999
13.0092 	28.332648200000001
13.014900000000001 	28.32704652
13.0206 	28.321445109999999
13.026300000000001 	28.315843950000001
13.032 	28.310243060000001
13.037699999999999 	28.304642439999999
13.0434 	28.29904208
13.049099999999999 	28.293441980000001
13.0548 	28.28784216
13.060499999999999 	28.282242610000001
13.0662 	28.276643320000002
13.071899999999999 	28.271044310000001
13.0776 	28.265445570000001
13.083299999999999 	28.259847109999999
13.089 	28.254248919999998
13.0947 	28.24865102
13.1004 	28.24305339
13.1061 	28.237456040000001
13.111800000000001 	28.231858970000001
13.1175 	28.226262179999999
13.123200000000001 	28.22066568
13.1289 	28.21506947
13.134600000000001 	28.209473540000001
13.1403 	28.203877899999998
13.146000000000001 	28.198282549999998
13.1517 	28.192687490000001
13.157400000000001 	28.18709273
13.1631 	28.181498250000001
13.168799999999999 	28.175904070000001
13.1745 	28.170310189999999
13.180199999999999 	28.164716599999998
13.1859 	28.159123319999999
13.191599999999999 	28.153530329999999
13.1973 	28.147937639999999
13.202999999999999 	28.142345259999999
13.2087 	28.136753179999999
13.214399999999999 	28.131161410000001
13.2201 	28.125569939999998
13.2258 	28.11997878
13.2315 	28.114387929999999
13.2372 	28.108797389999999
13.242900000000001 	28.10320716
13.2486 	28.097617240000002
13.254300000000001 	28.092027640000001
13.26 	28.086438350000002
13.265700000000001 	28.08084938
13.2714 	28.07526073
13.277100000000001 	28.069672400000002
13.2828 	28.064084390000001
13.288500000000001 	28.058496699999999
13.2942 	28.052909329999999
13.299899999999999 	28.04732229
13.3056 	28.04173557
13.311299999999999 	28.036149179999999
13.317 	28.03056312
13.322699999999999 	28.02497739
13.3284 	28.019391980000002
13.334099999999999 	28.01380691
13.3398 	28.008222180000001
13.345499999999999 	28.002637780000001
13.3512 	27.997053709999999
13.3569 	27.991469980000002
13.3626 	27.98588659
13.3683 	27.980303540000001
13.374000000000001 	27.97472084
13.3797 	27.969138470000001
13.385400000000001 	27.963556440000001
13.3911 	27.95797477
13.396800000000001 	27.952393430000001
13.4025 	27.946812449999999
13.408200000000001 	27.941231810000001
13.4139 	27.93565152
13.419600000000001 	27.930071590000001
13.4253 	27.924492000000001
13.430999999999999 	27.918912769999999
13.4367 	27.913333900000001
13.442399999999999 	27.907755380000001
13.4481 	27.902177219999999
13.453799999999999 	27.89659941
13.4595 	27.891021970000001
13.465199999999999 	27.885444889999999
13.4709 	27.879868170000002
13.476599999999999 	27.874291809999999
13.4823 	27.868715819999998
13.488 	27.863140189999999
13.4937 	27.857564929999999
13.4994 	27.85199004
13.505100000000001 	27.846415520000001
13.5108 	27.84084137
13.516500000000001 	27.835267590000001
13.5222 	27.829694190000001
13.527900000000001 	27.824121160000001
13.5336 	27.818548509999999
13.539300000000001 	27.81297623
13.545 	27.807404330000001
13.550700000000001 	27.801832810000001
13.5564 	27.79626167
13.562099999999999 	27.790690919999999
13.5678 	27.785120549999998
13.573499999999999 	27.779550560000001
13.5792 	27.773980959999999
13.584899999999999 	27.768411740000001
13.5906 	27.76284291
13.596299999999999 	27.75727448
13.602 	27.751706429999999
13.607699999999999 	27.746138770000002
13.6134 	27.740571509999999
13.6191 	27.73500464
13.6248 	27.729438170000002
13.6305 	27.72387209
13.636200000000001 	27.718306420000001
13.6419 	27.712741139999999
13.647600000000001 	27.707176260000001
13.6533 	27.70161178
13.659000000000001 	27.696047709999998
13.6647 	27.690484040000001
13.670400000000001 	27.684920770000002
13.6761 	27.67935791
13.681800000000001 	27.673795460000001
13.6875 	27.66823342
13.693199999999999 	27.662671790000001
13.6989 	27.65711056
13.704599999999999 	27.651549750000001
13.7103 	27.645989360000002
13.715999999999999 	27.64042938
13.7217 	27.634869810000001
13.727399999999999 	27.629310660000002
13.7331 	27.623751930000001
13.738799999999999 	27.61819362
13.7445 	27.612635730000001
13.7502 	27.607078269999999
13.7559 	27.601521219999999
13.7616 	27.595964599999999
13.767300000000001 	27.590408409999998
13.773 	27.584852640000001
13.778700000000001 	27.5792973
13.7844 	27.57374239
13.790100000000001 	27.568187909999999
13.7958 	27.562633859999998
13.801500000000001 	27.557080240000001
13.8072 	27.551527050000001
13.812900000000001 	27.545974309999998
13.8186 	27.540421989999999
13.824299999999999 	27.534870120000001
13.83 	27.529318679999999
13.835699999999999 	27.523767679999999
13.8414 	27.51821713
13.847099999999999 	27.512667010000001
13.8528 	27.507117340000001
13.858499999999999 	27.501568110000001
13.8642 	27.496019329999999
13.869899999999999 	27.490470989999999
13.8756 	27.48492311
13.8813 	27.47937567
13.887 	27.47382868
13.8927 	27.468282139999999
13.898400000000001 	27.462736060000001
13.9041 	27.45719042
13.909800000000001 	27.451645249999999
13.9155 	27.446100529999999
13.921200000000001 	27.440556260000001
13.9269 	27.435012449999999
13.932600000000001 	27.429469109999999
13.9383 	27.423926219999998
13.944000000000001 	27.418383800000001
13.9497 	27.412841839999999
13.955399999999999 	27.407300339999999
13.9611 	27.401759299999998
13.966799999999999 	27.396218739999998
13.9725 	27.390678640000001
13.978199999999999 	27.38513901
13.9839 	27.379599850000002
13.989599999999999 	27.37406116
13.9953 	27.368522939999998
14.000999999999999 	27.36298519
14.0067 	27.357447919999998
14.0124 	27.35191112
14.0181 	27.34637481
14.0238 	27.340838959999999
14.029500000000001 	27.3353036
14.0352 	27.329768720000001
14.040900000000001 	27.324234310000001
14.0466 	27.31870039
14.052300000000001 	27.31316696
14.058 	27.307634
14.063700000000001 	27.302101539999999
14.0694 	27.296569559999998
14.075100000000001 	27.291038060000002
14.0808 	27.28550706
14.086499999999999 	27.279976550000001
14.0922 	27.274446520000001
14.097899999999999 	27.268916990000001
14.1036 	27.263387949999998
14.109299999999999 	27.257859409999998
14.115 	27.252331359999999
14.120699999999999 	27.246803809999999
14.1264 	27.241276760000002
14.132099999999999 	27.235750209999999
14.1378 	27.230224150000002
14.1435 	27.2246986
14.1492 	27.219173550000001
14.1549 	27.213649
14.160600000000001 	27.208124959999999
14.1663 	27.202601420000001
14.172000000000001 	27.197078390000001
14.1777 	27.191555869999998
14.183400000000001 	27.186033850000001
14.1891 	27.180512350000001
14.194800000000001 	27.17499136
14.2005 	27.169470879999999
14.206200000000001 	27.163950910000001
14.2119 	27.158431449999998
14.217599999999999 	27.152912520000001
14.2233 	27.147394089999999
14.228999999999999 	27.141876190000001
14.2347 	27.136358810000001
14.240399999999999 	27.13084194
14.2461 	27.1253256
14.251799999999999 	27.11980977
14.2575 	27.114294470000001
14.263199999999999 	27.108779699999999
14.2689 	27.103265449999999
14.2746 	27.097751729999999
14.2803 	27.092238529999999
14.286 	27.086725860000001
14.291700000000001 	27.081213720000001
14.2974 	27.075702119999999
14.303100000000001 	27.070191040000001
14.3088 	27.064680500000001
14.314500000000001 	27.05917049
14.3202 	27.053661009999999
14.325900000000001 	27.04815207
14.3316 	27.04264367
14.337300000000001 	27.037135809999999
14.343 	27.031628489999999
14.348699999999999 	27.026121700000001
14.3544 	27.020615459999998
14.360099999999999 	27.015109760000001
14.3658 	27.009604599999999
14.371499999999999 	27.00409999
14.3772 	26.99859592
14.382899999999999 	26.993092399999998
14.3886 	26.98758943
14.394299999999999 	26.982087010000001
14.4 	26.976585140000001
14.4057 	26.97108381
14.4114 	26.965583039999999
14.4171 	26.96008282
14.422800000000001 	26.954583159999999
14.4285 	26.94908405
14.434200000000001 	26.943585500000001
14.4399 	26.938087500000002
14.445600000000001 	26.93259007
14.4513 	26.927093190000001
14.457000000000001 	26.921596869999998
14.4627 	26.91610112
14.468400000000001 	26.910605919999998
14.4741 	26.905111290000001
14.479799999999999 	26.89961723
14.4855 	26.89412373
14.491199999999999 	26.888630790000001
14.4969 	26.883138429999999
14.502599999999999 	26.877646630000001
14.5083 	26.8721554
14.513999999999999 	26.866664750000002
14.5197 	26.86117466
14.525399999999999 	26.855685149999999
14.5311 	26.85019621
14.536799999999999 	26.844707849999999
14.5425 	26.839220059999999
14.5482 	26.833732850000001
14.553900000000001 	26.82824622
14.5596 	26.822760160000001
14.565300000000001 	26.817274690000001
14.571 	26.811789789999999
14.576700000000001 	26.806305479999999
14.5824 	26.800821760000002
14.588100000000001 	26.795338610000002
14.5938 	26.789856050000001
14.599500000000001 	26.784374079999999
14.6052 	26.778892689999999
14.610900000000001 	26.773411899999999
14.6166 	26.767931690000001
14.622299999999999 	26.762452069999998
14.628 	26.756973039999998
14.633699999999999 	26.751494610000002
14.6394 	26.746016770000001
14.645099999999999 	26.740539519999999
14.6508 	26.73506287
14.656499999999999 	26.729586810000001
14.6622 	26.724111350000001
14.667899999999999 	26.718636490000002
14.6736 	26.713162229999998
14.6793 	26.707688569999998
14.685 	26.702215509999998
14.6907 	26.696743049999998
14.696400000000001 	26.691271189999998
14.7021 	26.685799939999999
14.707800000000001 	26.6803293
14.7135 	26.674859260000002
14.719200000000001 	26.66938983
14.7249 	26.663920999999998
14.730600000000001 	26.658452789999998
14.7363 	26.652985180000002
14.742000000000001 	26.64751819
14.7477 	26.642051810000002
14.753399999999999 	26.636586040000001
14.7591 	26.631120880000001
14.764799999999999 	26.625656339999999
14.7705 	26.620192419999999
14.776199999999999 	26.614729109999999
14.7819 	26.609266430000002
14.787599999999999 	26.603804360000002
14.7933 	26.59834291
14.798999999999999 	26.592882079999999
14.8047 	26.58742187
14.8104 	26.58196229
14.8161 	26.576503330000001
14.8218 	26.571044990000001
14.827500000000001 	26.56558729
14.8332 	26.5601302
14.838900000000001 	26.554673749999999
14.8446 	26.54921792
14.850300000000001 	26.543762730000001
14.856 	26.53830816
14.861700000000001 	26.532854230000002
14.8674 	26.527400929999999
14.873100000000001 	26.521948259999998
14.8788 	26.516496220000001
14.884499999999999 	26.511044829999999
14.8902 	26.50559406
14.895899999999999 	26.500143940000001
14.9016 	26.494694450000001
14.907299999999999 	26.489245610000001
14.913 	26.4837974
14.918699999999999 	26.47834984
14.9244 	26.472902909999998
14.930099999999999 	26.467456630000001
14.9358 	26.462011
14.9415 	26.45656601
14.9472 	26.451121659999998
14.9529 	26.445677960000001
14.958600000000001 	26.440234910000001
14.9643 	26.434792510000001
14.970000000000001 	26.429350759999998
14.9757 	26.42390966
14.981400000000001 	26.418469210000001
14.9871 	26.41302941
14.992800000000001 	26.40759027
14.9985 	26.402151780000001
15.004200000000001 	26.396713940000001
15.0099 	26.39127676
15.015599999999999 	26.38584024
15.0213 	26.380404380000002
15.026999999999999 	26.374969180000001
15.0327 	26.36953463
15.038399999999999 	26.364100749999999
15.0441 	26.358667530000002
15.049799999999999 	26.353234969999999
15.0555 	26.347803079999998
15.061199999999999 	26.342371849999999
15.0669 	26.336941280000001
15.0726 	26.331511379999998
15.0783 	26.326082150000001
15.084 	26.320653589999999
15.089700000000001 	26.315225699999999
15.0954 	26.30979847
15.101100000000001 	26.304371920000001
15.1068 	26.298946040000001
15.112500000000001 	26.293520829999999
15.1182 	26.288096299999999
15.123900000000001 	26.282672439999999
15.1296 	26.277249260000001
15.135300000000001 	26.271826749999999
15.141 	26.266404919999999
15.146699999999999 	26.260983769999999
15.1524 	26.255563299999999
15.158099999999999 	26.250143510000001
15.1638 	26.244724399999999
15.169499999999999 	26.23930597
15.1752 	26.233888220000001
15.180899999999999 	26.228471160000002
15.1866 	26.223054789999999
15.192299999999999 	26.217639089999999
15.198 	26.212224089999999
15.2037 	26.20680977
15.2094 	26.20139614
15.2151 	26.195983200000001
15.220800000000001 	26.190570950000001
15.2265 	26.185159389999999
15.232200000000001 	26.17974852
15.2379 	26.174338349999999
15.243600000000001 	26.168928860000001
15.2493 	26.163520080000001
15.255000000000001 	26.158111980000001
15.2607 	26.152704589999999
15.266400000000001 	26.147297890000001
15.2721 	26.14189189
15.277799999999999 	26.136486590000001
15.2835 	26.131081980000001
15.289199999999999 	26.12567808
15.2949 	26.12027488
15.300599999999999 	26.114872389999999
15.3063 	26.109470590000001
15.311999999999999 	26.104069500000001
15.3177 	26.09866912
15.323399999999999 	26.09326944
15.3291 	26.087870460000001
15.3348 	26.082472200000002
15.3405 	26.077074639999999
15.3462 	26.071677789999999
15.351900000000001 	26.066281660000001
15.3576 	26.060886230000001
15.363300000000001 	26.05549152
15.369 	26.050097520000001
15.374700000000001 	26.044704230000001
15.3804 	26.039311659999999
15.386100000000001 	26.0339198
15.3918 	26.028528659999999
15.397500000000001 	26.023138230000001
15.4032 	26.017748529999999
15.408899999999999 	26.012359539999999
15.4146 	26.006971270000001
15.420299999999999 	26.001583719999999
15.426 	25.996196900000001
15.431699999999999 	25.990810790000001
15.4374 	25.985425410000001
15.443099999999999 	25.980040750000001
15.4488 	25.97465682
15.454499999999999 	25.969273619999999
15.4602 	25.963891140000001
15.4659 	25.958509379999999
15.4716 	25.953128360000001
15.4773 	25.947748059999999
15.483000000000001 	25.942368500000001
15.4887 	25.936989659999998
15.494400000000001 	25.93161156
15.5001 	25.926234189999999
15.505800000000001 	25.920857550000001
15.5115 	25.91548165
15.517200000000001 	25.91010648
15.5229 	25.904732039999999
15.528600000000001 	25.89935835
15.5343 	25.893985390000001
15.539999999999999 	25.888613159999998
15.5457 	25.883241680000001
15.551399999999999 	25.877870940000001
15.5571 	25.872500939999998
15.562799999999999 	25.86713168
15.5685 	25.861763159999999
15.574199999999999 	25.856395379999999
15.5799 	25.85102835
15.585599999999999 	25.845662069999999
15.5913 	25.840296519999999
15.597 	25.834931730000001
15.6027 	25.82956768
15.6084 	25.824204380000001
15.614100000000001 	25.81884183
15.6198 	25.813480030000001
15.625500000000001 	25.80811898
15.6312 	25.80275868
15.636900000000001 	25.79739914
15.6426 	25.79204034
15.648300000000001 	25.786682299999999
15.654 	25.781325020000001
15.659700000000001 	25.77596849
15.6654 	25.770612710000002
15.671099999999999 	25.765257689999999
15.6768 	25.759903439999999
15.682499999999999 	25.75454993
15.6882 	25.74919719
15.693899999999999 	25.74384521
15.6996 	25.738493989999998
15.705299999999999 	25.73314353
15.711 	25.72779384
15.716699999999999 	25.722444899999999
15.7224 	25.717096730000002
15.7281 	25.71174933
15.7338 	25.706402690000001
15.7395 	25.701056820000002
15.745200000000001 	25.695711719999998
15.7509 	25.690367380000001
15.756600000000001 	25.685023810000001
15.7623 	25.67968102
15.768000000000001 	25.674338989999999
15.7737 	25.668997730000001
15.779400000000001 	25.66365725
15.7851 	25.658317539999999
15.790800000000001 	25.652978600000001
15.7965 	25.64764044
15.802199999999999 	25.642303049999999
15.8079 	25.636966439999998
15.813599999999999 	25.631630600000001
15.8193 	25.626295540000001
15.824999999999999 	25.620961260000001
15.8307 	25.615627759999999
15.836399999999999 	25.61029504
15.8421 	25.604963099999999
15.847799999999999 	25.599631939999998
15.8535 	25.594301569999999
15.8592 	25.588971969999999
15.8649 	25.583643160000001
15.8706 	25.57831513
15.876300000000001 	25.57298789
15.882 	25.567661439999998
15.887700000000001 	25.562335770000001
15.8934 	25.557010890000001
15.899100000000001 	25.551686799999999
15.9048 	25.546363490000001
15.910500000000001 	25.541040979999998
15.9162 	25.53571926
15.921900000000001 	25.530398330000001
15.9276 	25.525078189999999
15.933299999999999 	25.519758840000001
15.939 	25.514440279999999
15.944699999999999 	25.509122519999998
15.9504 	25.50380556
15.956099999999999 	25.49848939
15.9618 	25.493174020000001
15.967499999999999 	25.487859440000001
15.9732 	25.48254567
15.978899999999999 	25.477232690000001
15.9846 	25.47192051
15.9903 	25.466609129999998
15.996 	25.461298559999999
16.0017 	25.455988779999998
16.007400000000001 	25.45067981
16.013100000000001 	25.445371640000001
16.018799999999999 	25.440064270000001
16.0245 	25.43475771
16.030200000000001 	25.429451950000001
16.035900000000002 	25.424147000000001
16.041599999999999 	25.418842860000002
16.0473 	25.413539530000001
16.053000000000001 	25.408237
16.058700000000002 	25.402935280000001
16.064399999999999 	25.397634369999999
16.0701 	25.39233428
16.075800000000001 	25.38703499
16.081499999999998 	25.38173652
16.087199999999999 	25.37643886
16.0929 	25.37114201
16.098600000000001 	25.365845969999999
16.104299999999999 	25.360550759999999
16.109999999999999 	25.355256350000001
16.1157 	25.349962770000001
16.121400000000001 	25.344670000000001
16.127099999999999 	25.33937804
16.1328 	25.33408691
16.138500000000001 	25.3287966
16.144200000000001 	25.3235071
16.149899999999999 	25.318218430000002
16.1556 	25.31293058
16.161300000000001 	25.307643550000002
16.167000000000002 	25.30235734
16.172699999999999 	25.297071949999999
16.1784 	25.2917874
16.184100000000001 	25.286503660000001
16.189800000000002 	25.281220749999999
16.195499999999999 	25.275938669999999
16.2012 	25.270657409999998
16.206900000000001 	25.265376979999999
16.212599999999998 	25.260097380000001
16.218299999999999 	25.254818610000001
16.224 	25.249540669999998
16.229700000000001 	25.24426356
16.235399999999998 	25.23898728
16.241099999999999 	25.233711840000002
16.2468 	25.22843722
16.252500000000001 	25.22316344
16.258199999999999 	25.217890489999998
16.2639 	25.212618379999999
16.269600000000001 	25.2073471
16.275300000000001 	25.202076659999999
16.280999999999999 	25.196807060000001
16.2867 	25.19153829
16.292400000000001 	25.186270360000002
16.298100000000002 	25.181003279999999
16.303799999999999 	25.175737030000001
16.3095 	25.170471620000001
16.315200000000001 	25.165207049999999
16.320900000000002 	25.15994332
16.326599999999999 	25.154680429999999
16.3323 	25.149418390000001
16.338000000000001 	25.144157190000001
16.343699999999998 	25.138896840000001
16.349399999999999 	25.133637329999999
16.3551 	25.12837867
16.360800000000001 	25.123120849999999
16.366499999999998 	25.117863880000002
16.372199999999999 	25.11260776
16.3779 	25.107352479999999
16.383600000000001 	25.102098059999999
16.389299999999999 	25.096844480000001
16.395 	25.091591749999999
16.400700000000001 	25.086339880000001
16.406400000000001 	25.081088860000001
16.412099999999999 	25.075838690000001
16.4178 	25.07058937
16.423500000000001 	25.06534091
16.429200000000002 	25.060093299999998
16.434899999999999 	25.05484654
16.4406 	25.049600649999999
16.446300000000001 	25.044355599999999
16.452000000000002 	25.039111420000001
16.457699999999999 	25.033868089999999
16.4634 	25.02862562
16.469100000000001 	25.023384010000001
16.474799999999998 	25.018143259999999
16.480499999999999 	25.01290337
16.4862 	25.007664340000002
16.491900000000001 	25.00242617
16.497599999999998 	24.997188869999999
16.503299999999999 	24.991952430000001
16.509 	24.986716850000001
16.514700000000001 	24.98148213
16.520399999999999 	24.97624828
16.5261 	24.971015300000001
16.5318 	24.965783179999999
16.537500000000001 	24.960551930000001
16.543199999999999 	24.95532154
16.5489 	24.95009203
16.554600000000001 	24.944863380000001
16.560300000000002 	24.939635599999999
16.565999999999999 	24.934408690000001
16.5717 	24.929182659999999
16.577400000000001 	24.923957489999999
16.583100000000002 	24.918733199999998
16.588799999999999 	24.913509770000001
16.5945 	24.908287229999999
16.600200000000001 	24.903065550000001
16.605899999999998 	24.897844750000001
16.611599999999999 	24.892624820000002
16.6173 	24.887405770000001
16.623000000000001 	24.882187600000002
16.628699999999998 	24.8769703
16.634399999999999 	24.87175388
16.6401 	24.866538340000002
16.645800000000001 	24.861323680000002
16.651499999999999 	24.8561099
16.6572 	24.850897
16.6629 	24.845684970000001
16.668600000000001 	24.840473830000001
16.674299999999999 	24.835263569999999
16.68 	24.830054199999999
16.685700000000001 	24.824845710000002
16.691400000000002 	24.819638099999999
16.697099999999999 	24.814431370000001
16.7028 	24.809225529999999
16.708500000000001 	24.80402058
16.714200000000002 	24.798816510000002
16.719899999999999 	24.793613329999999
16.7256 	24.788411029999999
16.731300000000001 	24.783209630000002
16.736999999999998 	24.778009109999999
16.742699999999999 	24.772809479999999
16.7484 	24.767610739999999
16.754100000000001 	24.762412900000001
16.759799999999998 	24.757215939999998
16.765499999999999 	24.752019879999999
16.7712 	24.746824700000001
16.776900000000001 	24.74163042
16.782599999999999 	24.736437039999998
16.7883 	24.73124455
16.794 	24.72605295
16.799700000000001 	24.72086225
16.805399999999999 	24.715672439999999
16.8111 	24.710483530000001
16.816800000000001 	24.70529552
16.822500000000002 	24.700108400000001
16.828199999999999 	24.69492219
16.8339 	24.689736870000001
16.839600000000001 	24.684552450000002
16.845300000000002 	24.679368929999999
16.850999999999999 	24.67418631
16.8567 	24.669004600000001
16.862400000000001 	24.663823780000001
16.868099999999998 	24.658643869999999
16.873799999999999 	24.65346486
16.8795 	24.648286760000001
16.885200000000001 	24.643109559999999
16.890899999999998 	24.637933260000001
16.896599999999999 	24.632757869999999
16.9023 	24.627583380000001
16.908000000000001 	24.6224098
16.913699999999999 	24.617237129999999
16.9194 	24.61206537
16.9251 	24.60689451
16.930800000000001 	24.601724560000001
16.936499999999999 	24.596555519999999
16.9422 	24.591387399999999
16.947900000000001 	24.586220180000002
16.953600000000002 	24.581053870000002
16.959299999999999 	24.57588848
16.965 	24.570723990000001
16.970700000000001 	24.565560420000001
16.976400000000002 	24.560397770000002
16.982099999999999 	24.555236019999999
16.9878 	24.550075190000001
16.993500000000001 	24.544915280000001
16.999199999999998 	24.539756279999999
17.004899999999999 	24.534598200000001
17.0106 	24.529441039999998
17.016300000000001 	24.524284789999999
17.021999999999998 	24.519129459999998
17.027699999999999 	24.513975049999999
17.0334 	24.508821560000001
17.039100000000001 	24.50366898
17.044799999999999 	24.498517329999999
17.0505 	24.493366600000002
17.0562 	24.488216789999999
17.061900000000001 	24.483067900000002
17.067599999999999 	24.477919929999999
17.0733 	24.472772890000002
17.079000000000001 	24.467626769999999
17.084700000000002 	24.462481570000001
17.090399999999999 	24.457337299999999
17.0961 	24.452193950000002
17.101800000000001 	24.44705153
17.107500000000002 	24.441910029999999
17.113199999999999 	24.436769460000001
17.1189 	24.431629820000001
17.124600000000001 	24.426491110000001
17.130299999999998 	24.421353320000001
17.135999999999999 	24.416216469999998
17.1417 	24.41108054
17.147400000000001 	24.405945540000001
17.153099999999998 	24.400811470000001
17.158799999999999 	24.39567834
17.1645 	24.390546130000001
17.170200000000001 	24.385414860000001
17.175899999999999 	24.38028452
17.1816 	24.375155110000001
17.1873 	24.370026639999999
17.193000000000001 	24.364899099999999
17.198699999999999 	24.359772499999998
17.2044 	24.35464683
17.210100000000001 	24.349522100000002
17.215800000000002 	24.344398300000002
17.221499999999999 	24.339275440000002
17.2272 	24.334153520000001
17.232900000000001 	24.329032529999999
17.238600000000002 	24.323912490000001
17.244299999999999 	24.318793379999999
17.25 	24.31367521
17.255700000000001 	24.30855798
17.261399999999998 	24.30344169
17.267099999999999 	24.29832635
17.2728 	24.293211939999999
17.278500000000001 	24.288098479999999
17.284199999999998 	24.282985960000001
17.289899999999999 	24.27787438
17.2956 	24.272763749999999
17.301300000000001 	24.267654060000002
17.306999999999999 	24.262545320000001
17.3127 	24.25743752
17.3184 	24.252330659999998
17.324100000000001 	24.247224750000001
17.329799999999999 	24.24211979
17.3355 	24.23701578
17.341200000000001 	24.23191271
17.346900000000002 	24.226810589999999
17.352599999999999 	24.22170942
17.3583 	24.216609200000001
17.364000000000001 	24.211509929999998
17.369700000000002 	24.20641161
17.375399999999999 	24.201314239999999
17.3811 	24.196217820000001
17.386800000000001 	24.191122360000001
17.392499999999998 	24.186027840000001
17.398199999999999 	24.180934279999999
17.4039 	24.175841670000001
17.409600000000001 	24.17075002
17.415299999999998 	24.16565932
17.420999999999999 	24.16056957
17.4267 	24.155480780000001
17.432400000000001 	24.15039294
17.438099999999999 	24.145306059999999
17.4438 	24.14022014
17.4495 	24.135135179999999
17.455200000000001 	24.130051170000002
17.460899999999999 	24.124968119999998
17.4666 	24.11988603
17.472300000000001 	24.114804889999998
17.478000000000002 	24.109724719999999
17.483699999999999 	24.104645510000001
17.4894 	24.099567260000001
17.495100000000001 	24.094489970000001
17.500800000000002 	24.08941364
17.506499999999999 	24.08433827
17.5122 	24.079263869999998
17.517900000000001 	24.074190420000001
17.523599999999998 	24.069117940000002
17.529299999999999 	24.064046430000001
17.535 	24.058975879999998
17.540700000000001 	24.05390629
17.546399999999998 	24.048837670000001
17.552099999999999 	24.04377002
17.5578 	24.038703330000001
17.563500000000001 	24.03363761
17.569199999999999 	24.028572860000001
17.5749 	24.023509069999999
17.5806 	24.01844625
17.586300000000001 	24.0133844
17.591999999999999 	24.008323520000001
17.5977 	24.003263610000001
17.603400000000001 	23.99820467
17.609100000000002 	23.9931467
17.614799999999999 	23.9880897
17.6205 	23.983033670000001
17.626200000000001 	23.977978610000001
17.631900000000002 	23.97292453
17.637599999999999 	23.967871420000002
17.6433 	23.962819280000001
17.649000000000001 	23.957768120000001
17.654699999999998 	23.952717929999999
17.660399999999999 	23.947668709999999
17.6661 	23.942620470000001
17.671800000000001 	23.937573199999999
17.677499999999998 	23.93252691
17.683199999999999 	23.9274816
17.6889 	23.92243727
17.694600000000001 	23.917393910000001
17.700299999999999 	23.912351529999999
17.706 	23.907310120000002
17.7117 	23.902269700000002
17.717400000000001 	23.897230260000001
17.723099999999999 	23.892191789999998
17.7288 	23.88715431
17.734500000000001 	23.8821178
17.740200000000002 	23.87708228
17.745899999999999 	23.872047739999999
17.7516 	23.867014180000002
17.757300000000001 	23.8619816
17.763000000000002 	23.856950000000001
17.768699999999999 	23.851919389999999
17.7744 	23.84688976
17.780100000000001 	23.84186111
17.785799999999998 	23.83683345
17.791499999999999 	23.831806780000001
17.7972 	23.826781090000001
17.802900000000001 	23.82175638
17.808599999999998 	23.81673266
17.814299999999999 	23.811709929999999
17.82 	23.806688189999999
17.825700000000001 	23.801667429999998
17.831399999999999 	23.796647660000001
17.8371 	23.791628880000001
17.8428 	23.786611090000001
17.848500000000001 	23.78159428
17.854199999999999 	23.77657847
17.8599 	23.771563650000001
17.865600000000001 	23.766549810000001
17.871300000000002 	23.761536970000002
17.876999999999999 	23.756525119999999
17.8827 	23.75151426
17.888400000000001 	23.746504389999998
17.894100000000002 	23.741495520000001
17.899799999999999 	23.73648764
17.9055 	23.731480749999999
17.911200000000001 	23.726474849999999
17.916899999999998 	23.721469949999999
17.922599999999999 	23.716466050000001
17.9283 	23.711463139999999
17.934000000000001 	23.706461220000001
17.939699999999998 	23.701460300000001
17.945399999999999 	23.696460380000001
17.9511 	23.691461449999998
17.956800000000001 	23.68646352
17.962499999999999 	23.681466589999999
17.9682 	23.67647066
17.9739 	23.67147572
17.979600000000001 	23.666481789999999
17.985299999999999 	23.661488850000001
17.991 	23.656496910000001
17.996700000000001 	23.651505969999999
18.002400000000002 	23.646516040000002
18.008099999999999 	23.641527100000001
18.0138 	23.636539160000002
18.019500000000001 	23.63155223
18.025200000000002 	23.6265663
18.030899999999999 	23.621581370000001
18.0366 	23.61659744
18.042300000000001 	23.61161452
18.047999999999998 	23.606632600000001
18.053699999999999 	23.60165168
18.0594 	23.59667177
18.065100000000001 	23.591692859999998
18.070799999999998 	23.586714959999998
18.076499999999999 	23.58173807
18.0822 	23.576762179999999
18.087900000000001 	23.57178729
18.093599999999999 	23.566813419999999
18.099299999999999 	23.561840549999999
18.105 	23.556868680000001
18.110700000000001 	23.551897830000001
18.116399999999999 	23.54692798
18.1221 	23.541959139999999
18.127800000000001 	23.536991319999998
18.133500000000002 	23.532024499999999
18.139199999999999 	23.52705869
18.1449 	23.522093890000001
18.150600000000001 	23.517130099999999
18.156300000000002 	23.51216732
18.161999999999999 	23.507205559999999
18.1677 	23.5022448
18.173400000000001 	23.497285059999999
18.179099999999998 	23.492326330000001
18.184799999999999 	23.487368610000001
18.1905 	23.48241191
18.196200000000001 	23.477456220000001
18.201899999999998 	23.47250154
18.207599999999999 	23.467547880000001
18.2133 	23.462595230000002
18.219000000000001 	23.457643600000001
18.224699999999999 	23.452692989999999
18.230399999999999 	23.447743389999999
18.2361 	23.442794800000001
18.241800000000001 	23.437847229999999
18.247499999999999 	23.432900679999999
18.2532 	23.427955149999999
18.258900000000001 	23.42301063
18.264600000000002 	23.418067140000002
18.270299999999999 	23.413124660000001
18.276 	23.4081832
18.281700000000001 	23.403242760000001
18.287400000000002 	23.398303330000001
18.293099999999999 	23.393364930000001
18.2988 	23.388427549999999
18.304500000000001 	23.383491190000001
18.310199999999998 	23.378555850000001
18.315899999999999 	23.373621530000001
18.3216 	23.36868823
18.327300000000001 	23.363755959999999
18.332999999999998 	23.35882471
18.338699999999999 	23.353894480000001
18.3444 	23.348965270000001
18.350100000000001 	23.34403709
18.355799999999999 	23.339109929999999
18.361499999999999 	23.334183790000001
18.3672 	23.329258679999999
18.372900000000001 	23.324334589999999
18.378599999999999 	23.31941153
18.3843 	23.314489500000001
18.390000000000001 	23.30956849
18.395700000000001 	23.30464851
18.401399999999999 	23.299729549999999
18.4071 	23.294811620000001
18.412800000000001 	23.289894719999999
18.418500000000002 	23.284978840000001
18.424199999999999 	23.280063999999999
18.4299 	23.275150180000001
18.435600000000001 	23.270237389999998
18.441299999999998 	23.26532563
18.446999999999999 	23.260414900000001
18.4527 	23.255505200000002
18.458400000000001 	23.250596519999998
18.464099999999998 	23.245688879999999
18.469799999999999 	23.24078227
18.4755 	23.235876690000001
18.481200000000001 	23.230972139999999
18.486899999999999 	23.22606863
18.492599999999999 	23.221166140000001
18.4983 	23.216264689999999
18.504000000000001 	23.211364270000001
18.509699999999999 	23.206464889999999
18.5154 	23.201566530000001
18.521100000000001 	23.19666921
18.526800000000001 	23.191772929999999
18.532499999999999 	23.186877679999998
18.5382 	23.181983460000001
18.543900000000001 	23.177090280000002
18.549600000000002 	23.172198130000002
18.555299999999999 	23.167307019999999
18.561 	23.162416950000001
18.566700000000001 	23.157527909999999
18.572399999999998 	23.152639910000001
18.578099999999999 	23.147752950000001
18.5838 	23.142867020000001
18.589500000000001 	23.137982130000001
18.595199999999998 	23.133098279999999
18.600899999999999 	23.128215470000001
18.6066 	23.123333689999999
18.612300000000001 	23.118452949999998
18.617999999999999 	23.113573259999999
18.623699999999999 	23.1086946
18.6294 	23.103816980000001
18.635100000000001 	23.098940410000001
18.640799999999999 	23.09406487
18.6465 	23.089190370000001
18.652200000000001 	23.084316919999999
18.657900000000001 	23.079444500000001
18.663599999999999 	23.074573130000001
18.6693 	23.069702800000002
18.675000000000001 	23.06483351
18.680700000000002 	23.059965269999999
18.686399999999999 	23.05509807
18.6921 	23.050231910000001
18.697800000000001 	23.045366789999999
18.703499999999998 	23.040502719999999
18.709199999999999 	23.03563969
18.7149 	23.030777709999999
18.720600000000001 	23.025916769999998
18.726299999999998 	23.02105688
18.731999999999999 	23.016198030000002
18.7377 	23.011340229999998
18.743400000000001 	23.006483469999999
18.749099999999999 	23.001627760000002
18.754799999999999 	22.996773099999999
18.7605 	22.99191948
18.766200000000001 	22.987066909999999
18.771899999999999 	22.98221539
18.7776 	22.977364919999999
18.783300000000001 	22.972515489999999
18.789000000000001 	22.967667110000001
18.794699999999999 	22.96281978
18.8004 	22.957973500000001
18.806100000000001 	22.953128270000001
18.811800000000002 	22.948284090000001
18.817499999999999 	22.94344096
18.8232 	22.938598880000001
18.828900000000001 	22.933757839999998
18.834599999999998 	22.928917859999999
18.840299999999999 	22.92407893
18.846 	22.91924105
18.851700000000001 	22.914404229999999
18.857399999999998 	22.909568449999998
18.863099999999999 	22.90473373
18.8688 	22.89990006
18.874500000000001 	22.895067439999998
18.880199999999999 	22.890235870000001
18.885899999999999 	22.88540536
18.8916 	22.8805759
18.897300000000001 	22.875747499999999
18.902999999999999 	22.87092015
18.9087 	22.866093849999999
18.914400000000001 	22.86126861
18.920100000000001 	22.856444419999999
18.925799999999999 	22.851621290000001
18.9315 	22.84679921
18.937200000000001 	22.841978189999999
18.942900000000002 	22.837158219999999
18.948599999999999 	22.832339309999998
18.9543 	22.82752146
18.960000000000001 	22.82270467
18.965699999999998 	22.817888929999999
18.971399999999999 	22.81307425
18.9771 	22.808260619999999
18.982800000000001 	22.803448060000001
18.988499999999998 	22.798636550000001
18.994199999999999 	22.7938261
18.9999 	22.789016709999999
19.005600000000001 	22.784208379999999
19.011299999999999 	22.779401109999998
19.016999999999999 	22.774594889999999
19.0227 	22.76978974
19.028400000000001 	22.76498565
19.034099999999999 	22.760182610000001
19.0398 	22.755380639999998
19.045500000000001 	22.750579729999998
19.051200000000001 	22.745779880000001
19.056899999999999 	22.740981089999998
19.0626 	22.736183359999998
19.068300000000001 	22.731386700000002
19.074000000000002 	22.726591089999999
19.079699999999999 	22.721796550000001
19.0854 	22.717003070000001
19.091100000000001 	22.712210649999999
19.096800000000002 	22.707419300000002
19.102499999999999 	22.702629009999999
19.1082 	22.697839779999999
19.113900000000001 	22.693051619999999
19.119599999999998 	22.688264520000001
19.125299999999999 	22.683478489999999
19.131 	22.678693519999999
19.136700000000001 	22.67390962
19.142399999999999 	22.669126779999999
19.148099999999999 	22.664345000000001
19.1538 	22.659564289999999
19.159500000000001 	22.65478465
19.165199999999999 	22.65000607
19.1709 	22.64522856
19.176600000000001 	22.640452119999999
19.182300000000001 	22.635676740000001
19.187999999999999 	22.630902429999999
19.1937 	22.62612919
19.199400000000001 	22.621357010000001
19.205100000000002 	22.616585910000001
19.210799999999999 	22.611815870000001
19.2165 	22.607046889999999
19.222200000000001 	22.602278989999999
19.227900000000002 	22.597512160000001
19.233599999999999 	22.592746389999999
19.2393 	22.5879817
19.245000000000001 	22.583218070000001
19.250699999999998 	22.578455510000001
19.256399999999999 	22.573694029999999
19.2621 	22.568933609999998
19.267800000000001 	22.564174260000001
19.273499999999999 	22.559415990000002
19.279199999999999 	22.55465878
19.2849 	22.54990265
19.290600000000001 	22.545147589999999
19.296299999999999 	22.540393600000002
19.302 	22.53564068
19.307700000000001 	22.530888829999999
19.313400000000001 	22.52613805
19.319099999999999 	22.521388349999999
19.3248 	22.516639720000001
19.330500000000001 	22.511892159999999
19.336200000000002 	22.507145680000001
19.341899999999999 	22.502400269999999
19.3476 	22.497655930000001
19.353300000000001 	22.492912669999999
19.359000000000002 	22.488170480000001
19.364699999999999 	22.483429359999999
19.3704 	22.478689320000001
19.376100000000001 	22.47395036
19.381799999999998 	22.469212460000001
19.387499999999999 	22.464475650000001
19.3932 	22.45973991
19.398900000000001 	22.455005239999998
19.404599999999999 	22.450271650000001
19.410299999999999 	22.445539140000001
19.416 	22.440807700000001
19.421700000000001 	22.436077340000001
19.427399999999999 	22.431348060000001
19.4331 	22.426619850000002
19.438800000000001 	22.421892719999999
19.444500000000001 	22.417166659999999
19.450199999999999 	22.412441690000001
19.4559 	22.40771779
19.461600000000001 	22.402994970000002
19.467300000000002 	22.398273230000001
19.472999999999999 	22.39355256
19.4787 	22.38883298
19.484400000000001 	22.38411447
19.490100000000002 	22.379397040000001
19.495799999999999 	22.374680690000002
19.5015 	22.369965430000001
19.507200000000001 	22.365251239999999
19.512899999999998 	22.360538129999998
19.518599999999999 	22.355826090000001
19.5243 	22.351115140000001
19.530000000000001 	22.346405270000002
19.535699999999999 	22.34169649
19.541399999999999 	22.336988779999999
19.5471 	22.332282150000001
19.552800000000001 	22.3275766
19.558499999999999 	22.322872140000001
19.5642 	22.318168750000002
19.569900000000001 	22.31346645
19.575600000000001 	22.308765229999999
19.581299999999999 	22.304065090000002
19.587 	22.299366039999999
19.592700000000001 	22.29466807
19.598400000000002 	22.289971179999998
19.604099999999999 	22.285275370000001
19.6098 	22.28058064
19.615500000000001 	22.275887000000001
19.621200000000002 	22.271194439999999
19.626899999999999 	22.266502970000001
19.6326 	22.261812580000001
19.638300000000001 	22.257123270000001
19.643999999999998 	22.252435049999999
19.649699999999999 	22.247747919999998
19.6554 	22.243061860000001
19.661100000000001 	22.238376890000001
19.666799999999999 	22.23369301
19.672499999999999 	22.229010209999998
19.6782 	22.224328499999999
19.683900000000001 	22.219647869999999
19.689599999999999 	22.214968330000001
19.6953 	22.210289880000001
19.701000000000001 	22.205612510000002
19.706700000000001 	22.200936219999999
19.712399999999999 	22.196261029999999
19.7181 	22.191586919999999
19.723800000000001 	22.18691389
19.729500000000002 	22.182241959999999
19.735199999999999 	22.177571109999999
19.7409 	22.17290135
19.746600000000001 	22.168232669999998
19.752300000000002 	22.163565089999999
19.757999999999999 	22.15889859
19.7637 	22.154233179999999
19.769400000000001 	22.149568850000001
19.775099999999998 	22.144905619999999
19.780799999999999 	22.140243470000001
19.7865 	22.135582419999999
19.792200000000001 	22.13092245
19.797899999999998 	22.126263569999999
19.803599999999999 	22.121605779999999
19.8093 	22.116949080000001
19.815000000000001 	22.112293470000001
19.820699999999999 	22.107638949999998
19.8264 	22.102985520000001
19.832100000000001 	22.098333180000001
19.837800000000001 	22.093681920000002
19.843499999999999 	22.089031760000001
19.8492 	22.084382690000002
19.854900000000001 	22.07973471
19.860600000000002 	22.075087830000001
19.866299999999999 	22.070442029999999
19.872 	22.065797320000001
19.877700000000001 	22.061153709999999
19.883400000000002 	22.056511189999998
19.889099999999999 	22.051869759999999
19.8948 	22.047229420000001
19.900500000000001 	22.04259017
19.906199999999998 	22.037952010000001
19.911899999999999 	22.033314950000001
19.9176 	22.028678979999999
19.923300000000001 	22.024044100000001
19.928999999999998 	22.019410319999999
19.934699999999999 	22.014777630000001
19.9404 	22.010146030000001
19.946100000000001 	22.005515519999999
19.951799999999999 	22.00088611
19.9575 	21.996257790000001
19.963200000000001 	21.991630570000002
19.968900000000001 	21.98700444
19.974599999999999 	21.982379399999999
19.9803 	21.977755460000001
19.986000000000001 	21.97313261
19.991700000000002 	21.968510859999999
19.997399999999999 	21.963890200000002
20.0031 	21.959270629999999
20.008800000000001 	21.954652159999998
20.014500000000002 	21.95003479
20.020199999999999 	21.94541851
20.0259 	21.940803330000001
20.031600000000001 	21.936189240000001
20.037299999999998 	21.931576249999999
20.042999999999999 	21.926964349999999
20.0487 	21.92235355
20.054400000000001 	21.917743850000001
20.060099999999998 	21.913135239999999
20.065799999999999 	21.908527729999999
20.0715 	21.903921310000001
20.077200000000001 	21.899315990000002
20.082899999999999 	21.894711770000001
20.0886 	21.890108649999998
20.0943 	21.885506620000001
20.100000000000001 	21.880905689999999
20.105699999999999 	21.876305850000001
20.1114 	21.87170712
20.117100000000001 	21.86710948
20.122800000000002 	21.862512939999998
20.128499999999999 	21.857917499999999
20.1342 	21.853323150000001
20.139900000000001 	21.848729909999999
20.145600000000002 	21.844137759999999
20.151299999999999 	21.83954671
20.157 	21.834956760000001
20.162700000000001 	21.83036791
20.168399999999998 	21.825780160000001
20.174099999999999 	21.8211935
20.1798 	21.816607950000002
20.185500000000001 	21.812023490000001
20.191199999999998 	21.807440140000001
20.196899999999999 	21.802857880000001
20.2026 	21.79827672
20.208300000000001 	21.793696659999998
20.213999999999999 	21.789117709999999
20.2197 	21.784539850000002
20.2254 	21.779963089999999
20.231100000000001 	21.775387429999999
20.236799999999999 	21.770812880000001
20.2425 	21.766239420000002
20.248200000000001 	21.761667060000001
20.253900000000002 	21.757095809999999
20.259599999999999 	21.75252566
20.2653 	21.747956599999998
20.271000000000001 	21.74338865
20.276700000000002 	21.7388218
20.282399999999999 	21.734256049999999
20.2881 	21.7296914
20.293800000000001 	21.725127860000001
20.299499999999998 	21.720565409999999
20.305199999999999 	21.71600407
20.3109 	21.71144383
20.316600000000001 	21.706884689999999
20.322299999999998 	21.70232665
20.327999999999999 	21.69776972
20.3337 	21.693213879999998
20.339400000000001 	21.688659149999999
20.345099999999999 	21.68410553
20.3508 	21.679552999999999
20.3565 	21.67500158
20.362200000000001 	21.67045126
20.367899999999999 	21.66590205
20.3736 	21.661353940000001
20.379300000000001 	21.656806929999998
20.385000000000002 	21.652261020000001
20.390699999999999 	21.64771622
20.3964 	21.64317252
20.402100000000001 	21.63862993
20.407800000000002 	21.634088429999998
20.413499999999999 	21.62954805
20.4192 	21.62500876
20.424900000000001 	21.62047059
20.430599999999998 	21.615933510000001
20.436299999999999 	21.611397539999999
20.442 	21.606862679999999
20.447700000000001 	21.602328910000001
20.453399999999998 	21.597796259999999
20.459099999999999 	21.59326471
20.4648 	21.588734259999999
20.470500000000001 	21.584204920000001
20.476199999999999 	21.579676679999999
20.4819 	21.575149549999999
20.4876 	21.570623520000002
20.493300000000001 	21.5660986
20.498999999999999 	21.561574780000001
20.5047 	21.557052070000001
20.510400000000001 	21.552530470000001
20.516100000000002 	21.548009969999999
20.521799999999999 	21.54349058
20.5275 	21.53897229
20.533200000000001 	21.53445511
20.538900000000002 	21.529939039999999
20.544599999999999 	21.52542407
20.5503 	21.52091021
20.556000000000001 	21.516397449999999
20.561699999999998 	21.511885800000002
20.567399999999999 	21.50737526
20.5731 	21.50286582
20.578800000000001 	21.49835749
20.584499999999998 	21.493850269999999
20.590199999999999 	21.489344150000001
20.5959 	21.484839139999998
20.601600000000001 	21.480335239999999
20.607299999999999 	21.475832449999999
20.613 	21.471330760000001
20.6187 	21.466830179999999
20.624400000000001 	21.46233071
20.630099999999999 	21.45783235
20.6358 	21.453335089999999
20.641500000000001 	21.448838940000002
20.647200000000002 	21.4443439
20.652899999999999 	21.439849970000001
20.6586 	21.435357140000001
20.664300000000001 	21.43086542
20.670000000000002 	21.426374809999999
20.675699999999999 	21.42188531
20.6814 	21.417396920000002
20.687100000000001 	21.412909639999999
20.692799999999998 	21.408423460000002
20.698499999999999 	21.40393839
20.7042 	21.399454429999999
20.709900000000001 	21.39497158
20.715599999999998 	21.390489840000001
20.721299999999999 	21.386009210000001
20.727 	21.381529690000001
20.732700000000001 	21.377051269999999
20.738399999999999 	21.372573970000001
20.7441 	21.368097769999999
20.7498 	21.363622679999999
20.755500000000001 	21.359148699999999
20.761199999999999 	21.354675839999999
20.7669 	21.350204080000001
20.772600000000001 	21.345733429999999
20.778300000000002 	21.34126389
20.783999999999999 	21.336795460000001
20.7897 	21.332328140000001
20.795400000000001 	21.32786192
20.801100000000002 	21.323396819999999
20.806799999999999 	21.318932830000001
20.8125 	21.314469949999999
20.818200000000001 	21.310008180000001
20.823899999999998 	21.305547520000001
20.829599999999999 	21.301087970000001
20.8353 	21.296629530000001
20.841000000000001 	21.2921722
20.846699999999998 	21.287715980000002
20.852399999999999 	21.283260869999999
20.8581 	21.27880687
20.863800000000001 	21.274353980000001
20.869499999999999 	21.269902210000001
20.8752 	21.265451540000001
20.8809 	21.26100198
20.886600000000001 	21.256553539999999
20.892299999999999 	21.2521062
20.898 	21.247659980000002
20.903700000000001 	21.243214869999999
20.909400000000002 	21.23877087
20.915099999999999 	21.23432798
20.9208 	21.229886199999999
20.926500000000001 	21.225445529999998
20.932200000000002 	21.22100597
20.937899999999999 	21.216567529999999
20.9436 	21.21213019
20.949300000000001 	21.207693970000001
20.954999999999998 	21.203258859999998
20.960699999999999 	21.198824859999998
20.9664 	21.194391979999999
20.972100000000001 	21.189960200000002
20.977799999999998 	21.185529540000001
20.983499999999999 	21.181099979999999
20.9892 	21.176671540000001
20.994900000000001 	21.172244209999999
21.000599999999999 	21.167818
21.0063 	21.163392890000001
21.012 	21.158968900000001
21.017700000000001 	21.154546020000002
21.023399999999999 	21.150124250000001
21.0291 	21.145703600000001
21.034800000000001 	21.141284049999999
21.040500000000002 	21.136865619999998
21.046199999999999 	21.1324483
21.0519 	21.128032099999999
21.057600000000001 	21.123616999999999
21.063300000000002 	21.11920302
21.068999999999999 	21.114790150000001
21.0747 	21.110378390000001
21.080400000000001 	21.105967750000001
21.086099999999998 	21.101558220000001
21.091799999999999 	21.0971498
21.0975 	21.0927425
21.103200000000001 	21.088336300000002
21.108899999999998 	21.08393122
21.114599999999999 	21.079527250000002
21.1203 	21.0751244
21.126000000000001 	21.070722660000001
21.131699999999999 	21.066322029999998
21.1374 	21.061922509999999
21.1431 	21.057524109999999
21.148800000000001 	21.053126819999999
21.154499999999999 	21.04873065
21.1602 	21.044335579999998
21.165900000000001 	21.039941630000001
21.171600000000002 	21.035548800000001
21.177299999999999 	21.031157069999999
21.183 	21.026766460000001
21.188700000000001 	21.02237697
21.194400000000002 	21.017988590000002
21.200099999999999 	21.013601319999999
21.2058 	21.00921516
21.211500000000001 	21.004830120000001
21.217199999999998 	21.000446190000002
21.222899999999999 	20.996063370000002
21.2286 	20.991681669999998
21.234300000000001 	20.987301080000002
21.239999999999998 	20.982921609999998
21.245699999999999 	20.978543250000001
21.2514 	20.974166
21.257100000000001 	20.969789859999999
21.262799999999999 	20.965414849999998
21.2685 	20.96104094
21.2742 	20.956668149999999
21.279900000000001 	20.95229647
21.285599999999999 	20.947925900000001
21.2913 	20.943556449999999
21.297000000000001 	20.939188120000001
21.302700000000002 	20.934820890000001
21.308399999999999 	20.930454789999999
21.3141 	20.926089789999999
21.319800000000001 	20.921725909999999
21.325500000000002 	20.917363139999999
21.331199999999999 	20.913001489999999
21.3369 	20.908640949999999
21.342600000000001 	20.904281529999999
21.348299999999998 	20.899923220000002
21.353999999999999 	20.89556602
21.3597 	20.89120994
21.365400000000001 	20.886854970000002
21.371099999999998 	20.882501120000001
21.376799999999999 	20.878148379999999
21.3825 	20.873796760000001
21.388200000000001 	20.869446249999999
21.393899999999999 	20.86509685
21.3996 	20.860748569999998
21.4053 	20.856401399999999
21.411000000000001 	20.852055350000001
21.416699999999999 	20.847710410000001
21.4224 	20.843366589999999
21.428100000000001 	20.839023879999999
21.433800000000002 	20.834682279999999
21.439499999999999 	20.830341799999999
21.4452 	20.826002429999999
21.450900000000001 	20.821664179999999
21.456600000000002 	20.817327039999999
21.462299999999999 	20.812991019999998
21.468 	20.808656110000001
21.473700000000001 	20.804322320000001
21.479399999999998 	20.79998964
21.485099999999999 	20.795658070000002
21.4908 	20.791327620000001
21.496500000000001 	20.78699829
21.502199999999998 	20.782670060000001
21.507899999999999 	20.77834296
21.5136 	20.774016960000001
21.519300000000001 	20.769692089999999
21.524999999999999 	20.76536832
21.5307 	20.761045679999999
21.5364 	20.756724139999999
21.542100000000001 	20.75240372
21.547799999999999 	20.748084420000001
21.5535 	20.743766229999999
21.559200000000001 	20.739449149999999
21.564900000000002 	20.735133189999999
21.570599999999999 	20.730818339999999
21.5763 	20.726504609999999
21.582000000000001 	20.722192
21.587700000000002 	20.717880489999999
21.593399999999999 	20.713570109999999
21.5991 	20.709260830000002
21.604800000000001 	20.704952670000001
21.610499999999998 	20.70064563
21.616199999999999 	20.696339699999999
21.6219 	20.692034889999999
21.627600000000001 	20.687731190000001
21.633299999999998 	20.683428599999999
21.638999999999999 	20.679127130000001
21.6447 	20.67482678
21.650400000000001 	20.670527539999998
21.656099999999999 	20.66622941
21.661799999999999 	20.661932400000001
21.6675 	20.657636499999999
21.673200000000001 	20.65334172
21.678899999999999 	20.649048050000001
21.6846 	20.644755499999999
21.690300000000001 	20.640464059999999
21.696000000000002 	20.636173729999999
21.701699999999999 	20.63188452
21.7074 	20.627596430000001
21.713100000000001 	20.623309450000001
21.718800000000002 	20.61902358
21.724499999999999 	20.61473883
21.7302 	20.61045519
21.735900000000001 	20.606172669999999
21.741599999999998 	20.601891259999999
21.747299999999999 	20.597610970000002
21.753 	20.593331790000001
21.758700000000001 	20.58905373
21.764399999999998 	20.584776779999999
21.770099999999999 	20.58050094
21.7758 	20.576226219999999
21.781500000000001 	20.571952620000001
21.787199999999999 	20.567680129999999
21.792899999999999 	20.563408750000001
21.7986 	20.559138489999999
21.804300000000001 	20.55486934
21.809999999999999 	20.5506013
21.8157 	20.546334380000001
21.821400000000001 	20.542068579999999
21.827100000000002 	20.537803889999999
21.832799999999999 	20.533540309999999
21.8385 	20.52927785
21.844200000000001 	20.5250165
21.849900000000002 	20.52075627
21.855599999999999 	20.516497149999999
21.8613 	20.512239139999998
21.867000000000001 	20.507982250000001
21.872699999999998 	20.503726480000001
21.878399999999999 	20.499471809999999
21.8841 	20.495218260000001
21.889800000000001 	20.49096583
21.895499999999998 	20.486714509999999
21.901199999999999 	20.4824643
21.9069 	20.478215209999998
21.912600000000001 	20.47396724
21.918299999999999 	20.469720370000001
21.923999999999999 	20.465474619999998
21.9297 	20.46122999
21.935400000000001 	20.45698646
21.941099999999999 	20.452744060000001
21.9468 	20.44850276
21.952500000000001 	20.44426258
21.958200000000001 	20.44002352
21.963899999999999 	20.435785559999999
21.9696 	20.431548729999999
21.975300000000001 	20.427313000000002
21.981000000000002 	20.423078390000001
21.986699999999999 	20.418844889999999
21.9924 	20.414612510000001
21.998100000000001 	20.41038124
22.003799999999998 	20.406151090000002
22.009499999999999 	20.401922039999999
22.0152 	20.39769411
22.020900000000001 	20.393467300000001
22.026599999999998 	20.389241599999998
22.032299999999999 	20.385017009999999
22.038 	20.380793539999999
22.043700000000001 	20.376571169999998
22.049399999999999 	20.372349929999999
22.055099999999999 	20.368129790000001
22.0608 	20.36391077
22.066500000000001 	20.359692859999999
22.072199999999999 	20.355476070000002
22.0779 	20.35126039
22.083600000000001 	20.347045820000002
22.089300000000001 	20.34283237
22.094999999999999 	20.33862002
22.1007 	20.334408799999999
22.106400000000001 	20.330198679999999
22.112100000000002 	20.325989679999999
22.117799999999999 	20.321781789999999
22.1235 	20.317575009999999
22.129200000000001 	20.313369349999999
22.134899999999998 	20.309164800000001
22.140599999999999 	20.30496136
22.1463 	20.300759039999999
22.152000000000001 	20.29655782
22.157699999999998 	20.292357729999999
22.163399999999999 	20.28815874
22.1691 	20.283960870000001
22.174800000000001 	20.279764100000001
22.180499999999999 	20.275568459999999
22.186199999999999 	20.271373919999998
22.1919 	20.267180499999998
22.197600000000001 	20.262988180000001
22.203299999999999 	20.25879699
22.209 	20.254606899999999
22.214700000000001 	20.25041792
22.220400000000001 	20.246230059999998
22.226099999999999 	20.24204331
22.2318 	20.237857680000001
22.237500000000001 	20.233673150000001
22.243200000000002 	20.229489740000002
22.248899999999999 	20.225307440000002
22.2546 	20.221126250000001
22.260300000000001 	20.21694617
22.265999999999998 	20.212767209999999
22.271699999999999 	20.20858935
22.2774 	20.204412609999999
22.283100000000001 	20.20023698
22.288799999999998 	20.19606246
22.294499999999999 	20.191889060000001
22.3002 	20.187716760000001
22.305900000000001 	20.183545580000001
22.311599999999999 	20.17937551
22.317299999999999 	20.175206549999999
22.323 	20.1710387
22.328700000000001 	20.166871960000002
22.334399999999999 	20.16270634
22.3401 	20.15854182
22.345800000000001 	20.15437842
22.351500000000001 	20.15021613
22.357199999999999 	20.14605495
22.3629 	20.141894879999999
22.368600000000001 	20.137735920000001
22.374300000000002 	20.133578069999999
22.379999999999999 	20.12942133
22.3857 	20.125265710000001
22.391400000000001 	20.121111190000001
22.397099999999998 	20.116957790000001
22.402799999999999 	20.11280549
22.4085 	20.108654309999999
22.414200000000001 	20.104504240000001
22.419899999999998 	20.100355279999999
22.425599999999999 	20.096207419999999
22.4313 	20.092060679999999
22.437000000000001 	20.087915049999999
22.442699999999999 	20.083770529999999
22.448399999999999 	20.079627120000001
22.4541 	20.07548482
22.459800000000001 	20.071343630000001
22.465499999999999 	20.067203549999999
22.4712 	20.063064579999999
22.476900000000001 	20.058926719999999
22.482600000000001 	20.054789970000002
22.488299999999999 	20.05065433
22.494 	20.046519799999999
22.499700000000001 	20.04238638
22.505400000000002 	20.038254070000001
22.511099999999999 	20.034122870000001
22.5168 	20.02999277
22.522500000000001 	20.025863789999999
22.528199999999998 	20.021735920000001
22.533899999999999 	20.017609149999998
22.5396 	20.0134835
22.545300000000001 	20.009358949999999
22.550999999999998 	20.005235519999999
22.556699999999999 	20.001113190000002
22.5624 	19.99699197
22.568100000000001 	19.992871860000001
22.573799999999999 	19.988752860000002
22.579499999999999 	19.984634969999998
22.5852 	19.980518190000002
22.590900000000001 	19.97640251
22.596599999999999 	19.972287949999998
22.6023 	19.968174489999999
22.608000000000001 	19.964062139999999
22.613700000000001 	19.959950899999999
22.619399999999999 	19.955840769999998
22.6251 	19.95173174
22.630800000000001 	19.947623830000001
22.636500000000002 	19.943517020000002
22.642199999999999 	19.939411320000001
22.6479 	19.935306730000001
22.653600000000001 	19.931203239999999
22.659300000000002 	19.92710087
22.664999999999999 	19.922999600000001
22.6707 	19.918899440000001
22.676400000000001 	19.91480039
22.682099999999998 	19.910702440000001
22.687799999999999 	19.906605599999999
22.6935 	19.902509869999999
22.699200000000001 	19.898415249999999
22.704899999999999 	19.894321730000001
22.710599999999999 	19.89022932
22.7163 	19.886138020000001
22.722000000000001 	19.882047830000001
22.727699999999999 	19.87795874
22.7334 	19.873870759999999
22.739100000000001 	19.869783890000001
22.744800000000001 	19.865698120000001
22.750499999999999 	19.861613460000001
22.7562 	19.857529899999999
22.761900000000001 	19.853447460000002
22.767600000000002 	19.849366109999998
22.773299999999999 	19.845285879999999
22.779 	19.841206750000001
22.784700000000001 	19.83712873
22.790400000000002 	19.833051810000001
22.796099999999999 	19.828976000000001
22.8018 	19.824901300000001
22.807500000000001 	19.820827699999999
22.813199999999998 	19.816755199999999
22.818899999999999 	19.81268382
22.8246 	19.80861354
22.830300000000001 	19.804544360000001
22.835999999999999 	19.800476289999999
22.841699999999999 	19.796409319999999
22.8474 	19.792343460000001
22.853100000000001 	19.78827871
22.858799999999999 	19.784215060000001
22.8645 	19.780152510000001
22.870200000000001 	19.77609107
22.875900000000001 	19.772030740000002
22.881599999999999 	19.767971509999999
22.8873 	19.763913380000002
22.893000000000001 	19.759856360000001
22.898700000000002 	19.755800440000002
22.904399999999999 	19.751745629999998
22.9101 	19.747691920000001
22.915800000000001 	19.74363932
22.921500000000002 	19.739587820000001
22.927199999999999 	19.735537430000001
22.9329 	19.731488129999999
22.938600000000001 	19.727439950000001
22.944299999999998 	19.723392860000001
22.949999999999999 	19.71934688
22.9557 	19.715302009999998
22.961400000000001 	19.711258229999999
22.967099999999999 	19.707215569999999
22.972799999999999 	19.703174000000001
22.9785 	19.699133539999998
22.984200000000001 	19.695094180000002
22.989899999999999 	19.69105592
22.9956 	19.687018770000002
23.001300000000001 	19.682982719999998
23.007000000000001 	19.678947770000001
23.012699999999999 	19.674913920000002
23.0184 	19.670881179999999
23.024100000000001 	19.666849540000001
23.029800000000002 	19.66281901
23.035499999999999 	19.65878957
23.0412 	19.654761239999999
23.046900000000001 	19.650734010000001
23.052600000000002 	19.646707880000001
23.058299999999999 	19.64268285
23.064 	19.638658929999998
23.069700000000001 	19.634636109999999
23.075399999999998 	19.630614380000001
23.081099999999999 	19.626593759999999
23.0868 	19.62257425
23.092500000000001 	19.618555829999998
23.098199999999999 	19.61453852
23.103899999999999 	19.6105223
23.1096 	19.606507189999999
23.115300000000001 	19.60249318
23.120999999999999 	19.598480259999999
23.1267 	19.594468450000001
23.132400000000001 	19.590457749999999
23.138100000000001 	19.586448140000002
23.143799999999999 	19.58243963
23.1495 	19.57843222
23.155200000000001 	19.574425909999999
23.160900000000002 	19.5704207
23.166599999999999 	19.5664166
23.1723 	19.562413589999998
23.178000000000001 	19.558411679999999
23.183700000000002 	19.554410879999999
23.189399999999999 	19.55041117
23.1951 	19.54641256
23.200800000000001 	19.542415049999999
23.206499999999998 	19.53841864
23.212199999999999 	19.534423329999999
23.2179 	19.530429120000001
23.223600000000001 	19.526436010000001
23.229299999999999 	19.522444
23.234999999999999 	19.51845308
23.2407 	19.51446327
23.246400000000001 	19.510474550000001
23.252099999999999 	19.506486930000001
23.2578 	19.50250041
23.263500000000001 	19.49851499
23.269200000000001 	19.49453067
23.274899999999999 	19.490547450000001
23.2806 	19.48656532
23.286300000000001 	19.482584289999998
23.292000000000002 	19.478604359999999
23.297699999999999 	19.474625530000001
23.3034 	19.470647790000001
23.309100000000001 	19.46667115
23.314800000000002 	19.462695610000001
23.320499999999999 	19.45872117
23.3262 	19.454747820000001
23.331900000000001 	19.450775570000001
23.337599999999998 	19.446804419999999
23.343299999999999 	19.44283437
23.349 	19.438865409999998
23.354700000000001 	19.434897549999999
23.360399999999998 	19.430930780000001
23.366099999999999 	19.426965110000001
23.3718 	19.42300054
23.377500000000001 	19.419037060000001
23.383199999999999 	19.41507468
23.3889 	19.411113400000001
23.394600000000001 	19.407153210000001
23.400300000000001 	19.403194119999998
23.405999999999999 	19.399236120000001
23.4117 	19.395279219999999
23.417400000000001 	19.391323409999998
23.423100000000002 	19.3873687
23.428799999999999 	19.383415079999999
23.4345 	19.37946256
23.440200000000001 	19.37551114
23.445900000000002 	19.371560809999998
23.451599999999999 	19.367611570000001
23.4573 	19.363663429999999
23.463000000000001 	19.359716379999998
23.468699999999998 	19.35577043
23.474399999999999 	19.351825569999999
23.4801 	19.347881810000001
23.485800000000001 	19.343939129999999
23.491499999999998 	19.33999756
23.497199999999999 	19.33605708
23.5029 	19.33211769
23.508600000000001 	19.328179389999999
23.514299999999999 	19.32424219
23.52 	19.320306080000002
23.525700000000001 	19.316371060000002
23.531400000000001 	19.31243714
23.537099999999999 	19.30850431
23.5428 	19.304572570000001
23.548500000000001 	19.300641930000001
23.554200000000002 	19.296712379999999
23.559899999999999 	19.292783920000002
23.5656 	19.288856549999998
23.571300000000001 	19.284930280000001
23.577000000000002 	19.281005090000001
23.582699999999999 	19.277080999999999
23.5884 	19.27315801
23.594100000000001 	19.269236100000001
23.599799999999998 	19.265315279999999
23.605499999999999 	19.26139556
23.6112 	19.257476929999999
23.616900000000001 	19.253559389999999
23.622599999999998 	19.249642940000001
23.628299999999999 	19.245727580000001
23.634 	19.241813310000001
23.639700000000001 	19.23790013
23.645399999999999 	19.23398804
23.6511 	19.230077049999998
23.6568 	19.226167140000001
23.662500000000001 	19.222258329999999
23.668199999999999 	19.218350600000001
23.6739 	19.214443960000001
23.679600000000001 	19.210538419999999
23.685300000000002 	19.206633960000001
23.690999999999999 	19.202730599999999
23.6967 	19.198828320000001
23.702400000000001 	19.19492713
23.708100000000002 	19.191027030000001
23.713799999999999 	19.187128019999999
23.7195 	19.183230099999999
23.725200000000001 	19.179333270000001
23.730899999999998 	19.17543753
23.736599999999999 	19.17154287
23.7423 	19.167649310000002
23.748000000000001 	19.163756830000001
23.753699999999998 	19.159865440000001
23.759399999999999 	19.155975139999999
23.7651 	19.152085929999998
23.770800000000001 	19.148197799999998
23.776499999999999 	19.14431076
23.7822 	19.140424809999999
23.7879 	19.13653995
23.793600000000001 	19.132656180000001
23.799299999999999 	19.12877349
23.805 	19.124891890000001
23.810700000000001 	19.121011370000002
23.816400000000002 	19.11713194
23.822099999999999 	19.1132536
23.8278 	19.109376350000002
23.833500000000001 	19.10550018
23.839200000000002 	19.1016251
23.844899999999999 	19.0977511
23.8506 	19.093878190000002
23.856300000000001 	19.090006370000001
23.861999999999998 	19.086135630000001
23.867699999999999 	19.082265979999999
23.8734 	19.078397410000001
23.879100000000001 	19.074529930000001
23.884799999999998 	19.070663530000001
23.890499999999999 	19.066798219999999
23.8962 	19.062933990000001
23.901900000000001 	19.059070850000001
23.907599999999999 	19.055208789999998
23.9133 	19.05134782
23.919 	19.047487929999999
23.924700000000001 	19.043629119999999
23.930399999999999 	19.039771399999999
23.9361 	19.035914770000002
23.941800000000001 	19.03205921
23.947500000000002 	19.02820474
23.953199999999999 	19.024351360000001
23.9589 	19.020499059999999
23.964600000000001 	19.016647840000001
23.970300000000002 	19.0127977
23.975999999999999 	19.008948650000001
23.9817 	19.005100680000002
23.987400000000001 	19.00125379
23.993099999999998 	18.997407979999998
23.998799999999999 	18.993563259999998
24.0045 	18.989719619999999
24.010200000000001 	18.98587706
24.015899999999998 	18.982035580000002
24.021599999999999 	18.978195190000001
24.0273 	18.974355880000001
24.033000000000001 	18.970517640000001
24.038699999999999 	18.966680490000002
24.0444 	18.96284442
24.0501 	18.959009439999999
24.055800000000001 	18.955175530000002
24.061499999999999 	18.951342700000001
24.0672 	18.947510959999999
24.072900000000001 	18.94368029
24.078600000000002 	18.939850710000002
24.084299999999999 	18.9360222
24.09 	18.93219478
24.095700000000001 	18.92836844
24.101400000000002 	18.92454317
24.107099999999999 	18.920718990000001
24.1128 	18.916895879999998
24.118500000000001 	18.91307385
24.124199999999998 	18.909252909999999
24.129899999999999 	18.905433039999998
24.1356 	18.901614250000002
24.141300000000001 	18.897796540000002
24.146999999999998 	18.893979909999999
24.152699999999999 	18.89016436
24.1584 	18.886349880000001
24.164100000000001 	18.88253649
24.169799999999999 	18.878724170000002
24.1755 	18.874912930000001
24.1812 	18.871102759999999
24.186900000000001 	18.86729368
24.192599999999999 	18.863485669999999
24.1983 	18.85967874
24.204000000000001 	18.855872890000001
24.209700000000002 	18.852068110000001
24.215399999999999 	18.848264409999999
24.2211 	18.84446179
24.226800000000001 	18.840660239999998
24.232500000000002 	18.83685977
24.238199999999999 	18.833060379999999
24.2439 	18.829262060000001
24.249600000000001 	18.825464820000001
24.255299999999998 	18.82166866
24.260999999999999 	18.81787357
24.2667 	18.814079549999999
24.272400000000001 	18.810286609999999
24.278099999999998 	18.806494749999999
24.283799999999999 	18.802703959999999
24.2895 	18.798914249999999
24.295200000000001 	18.795125609999999
24.300899999999999 	18.791338039999999
24.3066 	18.78755155
24.3123 	18.783766140000001
24.318000000000001 	18.779981800000002
24.323699999999999 	18.776198529999998
24.3294 	18.772416339999999
24.335100000000001 	18.768635209999999
24.340800000000002 	18.764855170000001
24.346499999999999 	18.761076190000001
24.3522 	18.757298290000001
24.357900000000001 	18.753521469999999
24.363600000000002 	18.749745709999999
24.369299999999999 	18.74597103
24.375 	18.74219742
24.380700000000001 	18.738424890000001
24.386399999999998 	18.734653420000001
24.392099999999999 	18.730883030000001
24.3978 	18.727113710000001
24.403500000000001 	18.723345460000001
24.409199999999998 	18.71957828
24.414899999999999 	18.71581218
24.4206 	18.712047139999999
24.426300000000001 	18.708283179999999
24.431999999999999 	18.704520290000001
24.4377 	18.70075847
24.4434 	18.696997719999999
24.449100000000001 	18.693238040000001
24.454799999999999 	18.689479429999999
24.4605 	18.68572189
24.466200000000001 	18.681965420000001
24.471900000000002 	18.678210020000002
24.477599999999999 	18.674455689999998
24.4833 	18.670702429999999
24.489000000000001 	18.666950239999998
24.494700000000002 	18.663199120000002
24.500399999999999 	18.659449070000001
24.5061 	18.655700079999999
24.511800000000001 	18.651952170000001
24.517499999999998 	18.648205319999999
24.523199999999999 	18.644459550000001
24.5289 	18.640714840000001
24.534600000000001 	18.636971200000001
24.540299999999998 	18.633228620000001
24.545999999999999 	18.62948712
24.5517 	18.625746679999999
24.557400000000001 	18.622007310000001
24.563099999999999 	18.618269009999999
24.5688 	18.614531769999999
24.5745 	18.610795599999999
24.580200000000001 	18.607060499999999
24.585899999999999 	18.603326469999999
24.5916 	18.599593500000001
24.597300000000001 	18.595861589999998
24.603000000000002 	18.59213076
24.608699999999999 	18.58840099
24.6144 	18.584672279999999
24.620100000000001 	18.580944639999998
24.625800000000002 	18.577218070000001
24.631499999999999 	18.573492559999998
24.6372 	18.569768119999999
24.642900000000001 	18.566044739999999
24.648599999999998 	18.562322429999998
24.654299999999999 	18.55860118
24.66 	18.554881000000002
24.665700000000001 	18.551161879999999
24.671399999999998 	18.547443820000002
24.677099999999999 	18.543726830000001
24.6828 	18.540010899999999
24.688500000000001 	18.53629604
24.694199999999999 	18.53258224
24.6999 	18.528869499999999
24.7056 	18.525157830000001
24.711300000000001 	18.521447219999999
24.716999999999999 	18.517737669999999
24.7227 	18.514029180000001
24.728400000000001 	18.51032176
24.734100000000002 	18.506615400000001
24.739799999999999 	18.502910100000001
24.7455 	18.499205870000001
24.751200000000001 	18.495502689999999
24.756900000000002 	18.49180058
24.762599999999999 	18.48809953
24.7683 	18.484399539999998
24.774000000000001 	18.48070061
24.779699999999998 	18.47700274
24.785399999999999 	18.473305929999999
24.7911 	18.469610190000001
24.796800000000001 	18.465915500000001
24.802499999999998 	18.46222187
24.808199999999999 	18.458529309999999
24.8139 	18.4548378
24.819600000000001 	18.45114736
24.825299999999999 	18.447457969999999
24.831 	18.443769639999999
24.8367 	18.44008238
24.842400000000001 	18.436396169999998
24.848099999999999 	18.432711019999999
24.8538 	18.429026929999999
24.859500000000001 	18.425343890000001
24.865200000000002 	18.421661919999998
24.870899999999999 	18.417981000000001
24.8766 	18.41430115
24.882300000000001 	18.410622350000001
24.888000000000002 	18.406944599999999
24.893699999999999 	18.403267920000001
24.8994 	18.399592290000001
24.905100000000001 	18.39591772
24.910799999999998 	18.392244210000001
24.916499999999999 	18.388571750000001
24.9222 	18.384900349999999
24.927900000000001 	18.381230009999999
24.933599999999998 	18.377560720000002
24.939299999999999 	18.373892489999999
24.945 	18.370225309999999
24.950700000000001 	18.366559200000001
24.956399999999999 	18.362894130000001
24.9621 	18.359230119999999
24.9678 	18.35556717
24.973500000000001 	18.35190527
24.979199999999999 	18.348244430000001
24.9849 	18.344584640000001
24.990600000000001 	18.340925909999999
24.996300000000002 	18.337268229999999
25.001999999999999 	18.333611600000001
25.0077 	18.329956030000002
25.013400000000001 	18.32630151
25.019100000000002 	18.322648050000002
25.024799999999999 	18.318995640000001
25.0305 	18.315344280000001
25.036200000000001 	18.311693980000001
25.041899999999998 	18.308044729999999
25.047599999999999 	18.304396530000002
25.0533 	18.300749379999999
25.059000000000001 	18.297103289999999
25.064699999999998 	18.29345825
25.070399999999999 	18.28981426
25.0761 	18.286171320000001
25.081800000000001 	18.28252943
25.087499999999999 	18.278888599999998
25.0932 	18.275248810000001
25.0989 	18.271610079999999
25.104600000000001 	18.267972400000001
25.110299999999999 	18.264335769999999
25.116 	18.260700190000001
25.121700000000001 	18.257065659999999
25.127400000000002 	18.253432180000001
25.133099999999999 	18.249799750000001
25.1388 	18.246168369999999
25.144500000000001 	18.242538039999999
25.150200000000002 	18.238908760000001
25.155899999999999 	18.235280530000001
25.1616 	18.231653349999998
25.167300000000001 	18.228027220000001
25.172999999999998 	18.224402130000001
25.178699999999999 	18.2207781
25.1844 	18.21715511
25.190100000000001 	18.213533170000002
25.195799999999998 	18.209912280000001
25.201499999999999 	18.206292439999999
25.2072 	18.20267364
25.212900000000001 	18.199055900000001
25.218599999999999 	18.195439189999998
25.224299999999999 	18.191823540000001
25.23 	18.188208929999998
25.235700000000001 	18.18459537
25.241399999999999 	18.18098286
25.2471 	18.177371390000001
25.252800000000001 	18.17376097
25.258500000000002 	18.170151600000001
25.264199999999999 	18.166543269999998
25.2699 	18.16293598
25.275600000000001 	18.159329750000001
25.281300000000002 	18.155724549999999
25.286999999999999 	18.152120400000001
25.2927 	18.148517300000002
25.298400000000001 	18.14491524
25.304099999999998 	18.141314229999999
25.309799999999999 	18.137714259999999
25.3155 	18.13411533
25.321200000000001 	18.130517449999999
25.326899999999998 	18.126920609999999
25.332599999999999 	18.123324820000001
25.3383 	18.119730069999999
25.344000000000001 	18.116136359999999
25.349699999999999 	18.1125437
25.355399999999999 	18.108952070000001
25.3611 	18.10536149
25.366800000000001 	18.101771960000001
25.372499999999999 	18.098183460000001
25.3782 	18.09459601
25.383900000000001 	18.0910096
25.389600000000002 	18.08742423
25.395299999999999 	18.083839900000001
25.401 	18.08025662
25.406700000000001 	18.076674369999999
25.412400000000002 	18.07309317
25.418099999999999 	18.069513000000001
25.4238 	18.065933879999999
25.429500000000001 	18.062355799999999
25.435199999999998 	18.058778749999998
25.440899999999999 	18.055202749999999
25.4466 	18.051627790000001
25.452300000000001 	18.04805386
25.457999999999998 	18.044480979999999
25.463699999999999 	18.040909129999999
25.4694 	18.037338330000001
25.475100000000001 	18.033768559999999
25.480799999999999 	18.030199830000001
25.486499999999999 	18.02663214
25.4922 	18.02306549
25.497900000000001 	18.019499880000001
25.503599999999999 	18.015935299999999
25.5093 	18.012371760000001
25.515000000000001 	18.00880926
25.520700000000001 	18.005247799999999
25.526399999999999 	18.001687369999999
25.5321 	17.99812798
25.537800000000001 	17.994569630000001
25.543500000000002 	17.991012309999999
25.549199999999999 	17.987456030000001
25.5549 	17.98390079
25.560600000000001 	17.980346579999999
25.566299999999998 	17.976793409999999
25.571999999999999 	17.973241269999999
25.5777 	17.96969017
25.583400000000001 	17.966140100000001
25.589099999999998 	17.962591069999998
25.594799999999999 	17.95904307
25.6005 	17.955496109999999
25.606200000000001 	17.951950180000001
25.611899999999999 	17.94840529
25.617599999999999 	17.94486143
25.6233 	17.941318599999999
25.629000000000001 	17.937776809999999
25.634699999999999 	17.934236049999999
25.6404 	17.930696319999999
25.646100000000001 	17.92715763
25.651800000000001 	17.923619970000001
25.657499999999999 	17.920083340000001
25.6632 	17.916547749999999
25.668900000000001 	17.91301318
25.674600000000002 	17.909479650000002
25.680299999999999 	17.905947149999999
25.686 	17.902415680000001
25.691700000000001 	17.898885249999999
25.697399999999998 	17.895355840000001
25.703099999999999 	17.891827469999999
25.7088 	17.88830012
25.714500000000001 	17.884773809999999
25.720199999999998 	17.881248530000001
25.725899999999999 	17.877724279999999
25.7316 	17.87420105
25.737300000000001 	17.870678860000002
25.742999999999999 	17.8671577
25.748699999999999 	17.863637570000002
25.7544 	17.860118459999999
25.760100000000001 	17.856600390000001
25.765799999999999 	17.853083340000001
25.7715 	17.849567319999998
25.777200000000001 	17.846052329999999
25.782900000000001 	17.84253837
25.788599999999999 	17.83902544
25.7943 	17.83551353
25.800000000000001 	17.832002660000001
25.805700000000002 	17.82849281
25.811399999999999 	17.824983979999999
25.8171 	17.821476189999998
25.822800000000001 	17.817969420000001
25.828499999999998 	17.814463679999999
25.834199999999999 	17.810958960000001
25.8399 	17.807455269999998
25.845600000000001 	17.80395261
25.851299999999998 	17.80045097
25.856999999999999 	17.79695036
25.8627 	17.79345077
25.868400000000001 	17.789952209999999
25.874099999999999 	17.786454670000001
25.879799999999999 	17.78295816
25.8855 	17.779462670000001
25.891200000000001 	17.775968209999998
25.896899999999999 	17.772474769999999
25.9026 	17.768982350000002
25.908300000000001 	17.765490960000001
25.914000000000001 	17.7620006
25.919699999999999 	17.758511250000002
25.9254 	17.755022929999999
25.931100000000001 	17.751535629999999
25.936800000000002 	17.74804936
25.942499999999999 	17.744564100000002
25.9482 	17.74107987
25.953900000000001 	17.737596669999999
25.959599999999998 	17.734114479999999
25.965299999999999 	17.730633319999999
25.971 	17.727153170000001
25.976700000000001 	17.72367405
25.982399999999998 	17.720195950000001
25.988099999999999 	17.716718870000001
25.9938 	17.713242810000001
25.999500000000001 	17.70976778
26.005199999999999 	17.706293760000001
26.010899999999999 	17.702820760000002
26.0166 	17.699348780000001
26.022300000000001 	17.69587782
26.027999999999999 	17.692407889999998
26.0337 	17.688938969999999
26.039400000000001 	17.685471069999998
26.045100000000001 	17.68200418
26.050799999999999 	17.678538320000001
26.0565 	17.675073479999998
26.062200000000001 	17.671609650000001
26.067900000000002 	17.668146839999999
26.073599999999999 	17.664685049999999
26.0793 	17.661224279999999
26.085000000000001 	17.657764530000001
26.090699999999998 	17.654305789999999
26.096399999999999 	17.650848069999999
26.1021 	17.647391370000001
26.107800000000001 	17.643935679999998
26.113499999999998 	17.640481009999998
26.119199999999999 	17.63702735
26.1249 	17.633574710000001
26.130600000000001 	17.630123090000001
26.136299999999999 	17.626672490000001
26.141999999999999 	17.623222890000001
26.1477 	17.619774320000001
26.153400000000001 	17.616326749999999
26.159099999999999 	17.61288021
26.1648 	17.60943468
26.170500000000001 	17.605990160000001
26.176200000000001 	17.602546650000001
26.181899999999999 	17.59910416
26.1876 	17.595662690000001
26.193300000000001 	17.59222222
26.199000000000002 	17.588782770000002
26.204699999999999 	17.585344339999999
26.2104 	17.581906910000001
26.216100000000001 	17.578470500000002
26.221800000000002 	17.575035100000001
26.227499999999999 	17.571600719999999
26.2332 	17.568167339999999
26.238900000000001 	17.564734980000001
26.244599999999998 	17.561303630000001
26.250299999999999 	17.55787329
26.256 	17.55444396
26.261700000000001 	17.55101565
26.267399999999999 	17.547588340000001
26.273099999999999 	17.54416204
26.2788 	17.540736760000001
26.284500000000001 	17.537312480000001
26.290199999999999 	17.533889219999999
26.2959 	17.530466959999998
26.301600000000001 	17.527045709999999
26.307300000000001 	17.52362548
26.312999999999999 	17.520206250000001
26.3187 	17.516788030000001
26.324400000000001 	17.513370819999999
26.330100000000002 	17.509954619999998
26.335799999999999 	17.506539419999999
26.3415 	17.503125239999999
26.347200000000001 	17.49971206
26.352900000000002 	17.49629989
26.358599999999999 	17.492888730000001
26.3643 	17.489478569999999
26.370000000000001 	17.48606942
26.375699999999998 	17.482661279999999
26.381399999999999 	17.479254139999998
26.3871 	17.47584801
26.392800000000001 	17.47244289
26.398499999999999 	17.469038770000001
26.404199999999999 	17.46563566
26.4099 	17.462233550000001
26.415600000000001 	17.458832449999999
26.421299999999999 	17.45543236
26.427 	17.452033270000001
26.432700000000001 	17.44863518
26.438400000000001 	17.445238100000001
26.444099999999999 	17.441842019999999
26.4498 	17.438446949999999
26.455500000000001 	17.435052880000001
26.461200000000002 	17.431659809999999
26.466899999999999 	17.42826775
26.4726 	17.424876690000001
26.478300000000001 	17.42148663
26.484000000000002 	17.41809757
26.489699999999999 	17.414709519999999
26.4954 	17.411322470000002
26.501100000000001 	17.407936419999999
26.506799999999998 	17.404551380000001
26.512499999999999 	17.40116733
26.5182 	17.397784290000001
26.523900000000001 	17.394402249999999
26.529599999999999 	17.391021210000002
26.535299999999999 	17.387641169999998
26.541 	17.38426213
26.546700000000001 	17.380884089999999
26.552399999999999 	17.377507049999998
26.5581 	17.374131009999999
26.563800000000001 	17.370755970000001
26.569500000000001 	17.367381930000001
26.575199999999999 	17.364008890000001
26.5809 	17.360636840000002
26.586600000000001 	17.3572658
26.592300000000002 	17.35389576
26.597999999999999 	17.35052671
26.6037 	17.347158660000002
26.609400000000001 	17.34379161
26.615100000000002 	17.34042556
26.620799999999999 	17.3370605
26.6265 	17.333696450000001
26.632200000000001 	17.330333379999999
26.637899999999998 	17.326971319999998
26.643599999999999 	17.323610250000002
26.6493 	17.320250179999999
26.655000000000001 	17.31689111
26.660699999999999 	17.313533029999999
26.666399999999999 	17.310175950000001
26.6721 	17.306819860000001
26.677800000000001 	17.303464770000001
26.683499999999999 	17.300110669999999
26.6892 	17.29675757
26.694900000000001 	17.293405459999999
26.700600000000001 	17.290054349999998
26.706299999999999 	17.286704230000002
26.712 	17.283355100000001
26.717700000000001 	17.280006969999999
26.723400000000002 	17.27665983
26.729099999999999 	17.273313689999998
26.7348 	17.269968540000001
26.740500000000001 	17.26662438
26.746200000000002 	17.26328122
26.751899999999999 	17.259939039999999
26.7576 	17.256597859999999
26.763300000000001 	17.25325767
26.768999999999998 	17.249918480000002
26.774699999999999 	17.246580269999999
26.7804 	17.243243060000001
26.786100000000001 	17.239906829999999
26.791799999999999 	17.236571600000001
26.797499999999999 	17.23323736
26.8032 	17.22990411
26.808900000000001 	17.226571849999999
26.814599999999999 	17.223240579999999
26.8203 	17.219910299999999
26.826000000000001 	17.216581009999999
26.831700000000001 	17.213252709999999
26.837399999999999 	17.209925389999999
26.8431 	17.206599069999999
26.848800000000001 	17.20327374
26.854500000000002 	17.19994939
26.860199999999999 	17.196626030000001
26.8659 	17.193303660000002
26.871600000000001 	17.189982279999999
26.877300000000002 	17.18666189
26.882999999999999 	17.18334248
26.8887 	17.180024060000001
26.894400000000001 	17.176706630000002
26.900099999999998 	17.173390179999998
26.905799999999999 	17.170074719999999
26.9115 	17.166760249999999
26.917200000000001 	17.163446759999999
26.922899999999998 	17.16013426
26.928599999999999 	17.156822739999999
26.9343 	17.153512209999999
26.940000000000001 	17.150202669999999
26.945699999999999 	17.146894110000002
26.9514 	17.14358653
26.957100000000001 	17.140279939999999
26.962800000000001 	17.136974330000001
26.968499999999999 	17.133669709999999
26.9742 	17.130366070000001
26.979900000000001 	17.127063419999999
26.985600000000002 	17.123761739999999
26.991299999999999 	17.120461049999999
26.997 	17.11716135
27.002700000000001 	17.11386263
27.008400000000002 	17.110564889999999
27.014099999999999 	17.107268130000001
27.0198 	17.103972349999999
27.025500000000001 	17.100677560000001
27.031199999999998 	17.097383740000001
27.036899999999999 	17.094090909999998
27.0426 	17.090799059999998
27.048300000000001 	17.087508190000001
27.053999999999998 	17.0842183
27.059699999999999 	17.080929399999999
27.0654 	17.07764147
27.071100000000001 	17.07435452
27.076799999999999 	17.07106855
27.0825 	17.067783559999999
27.088200000000001 	17.064499550000001
27.093900000000001 	17.061216519999999
27.099599999999999 	17.057934469999999
27.1053 	17.054653399999999
27.111000000000001 	17.051373309999999
27.116700000000002 	17.04809419
27.122399999999999 	17.044816050000001
27.1281 	17.041538890000002
27.133800000000001 	17.038262710000001
27.139500000000002 	17.034987510000001
27.145199999999999 	17.031713280000002
27.1509 	17.028440029999999
27.156600000000001 	17.025167750000001
27.162299999999998 	17.021896460000001
27.167999999999999 	17.018626130000001
27.1737 	17.015356789999998
27.179400000000001 	17.012088420000001
27.185099999999998 	17.008821019999999
27.190799999999999 	17.0055546
27.1965 	17.00228916
27.202200000000001 	16.999024689999999
27.207899999999999 	16.9957612
27.2136 	16.992498680000001
27.2193 	16.989237129999999
27.225000000000001 	16.985976560000001
27.230699999999999 	16.982716960000001
27.2364 	16.97945833
27.242100000000001 	16.976200680000002
27.247800000000002 	16.972943999999998
27.253499999999999 	16.969688300000001
27.2592 	16.96643357
27.264900000000001 	16.963179799999999
27.270600000000002 	16.959927019999999
27.276299999999999 	16.956675199999999
27.282 	16.953424349999999
27.287700000000001 	16.950174480000001
27.293399999999998 	16.946925579999998
27.299099999999999 	16.943677650000001
27.3048 	16.940430689999999
27.310500000000001 	16.9371847
27.316199999999998 	16.933939680000002
27.321899999999999 	16.930695629999999
27.3276 	16.927452550000002
27.333300000000001 	16.92421044
27.338999999999999 	16.920969289999999
27.3447 	16.917729120000001
27.3504 	16.914489920000001
27.356100000000001 	16.91125169
27.361799999999999 	16.908014420000001
27.3675 	16.90477812
27.373200000000001 	16.901542790000001
27.378900000000002 	16.89830843
27.384599999999999 	16.895075039999998
27.3903 	16.891842610000001
27.396000000000001 	16.888611149999999
27.401700000000002 	16.885380659999999
27.407399999999999 	16.88215113
27.4131 	16.87892257
27.418800000000001 	16.875694979999999
27.424499999999998 	16.872468349999998
27.430199999999999 	16.86924269
27.4359 	16.86601799
27.441600000000001 	16.862794260000001
27.447299999999998 	16.859571500000001
27.452999999999999 	16.856349699999999
27.4587 	16.853128860000002
27.464400000000001 	16.849908989999999
27.470099999999999 	16.846690079999998
27.4758 	16.843472139999999
27.4815 	16.840255160000002
27.487200000000001 	16.837039140000002
27.492899999999999 	16.833824079999999
27.4986 	16.830609989999999
27.504300000000001 	16.827396870000001
27.510000000000002 	16.8241847
27.515699999999999 	16.820973500000001
27.5214 	16.81776326
27.527100000000001 	16.814553979999999
27.532800000000002 	16.811345660000001
27.538499999999999 	16.8081383
27.5442 	16.804931910000001
27.549900000000001 	16.801726469999998
27.555599999999998 	16.798521999999998
27.561299999999999 	16.79531849
27.567 	16.792115930000001
27.572700000000001 	16.788914340000002
27.578399999999998 	16.78571371
27.584099999999999 	16.782514030000002
27.5898 	16.779315319999998
27.595500000000001 	16.776117559999999
27.601199999999999 	16.772920769999999
27.6069 	16.769724929999999
27.6126 	16.76653005
27.618300000000001 	16.763336129999999
27.623999999999999 	16.760143169999999
27.6297 	16.75695116
27.635400000000001 	16.753760110000002
27.641100000000002 	16.750570020000001
27.646799999999999 	16.747380889999999
27.6525 	16.74419271
27.658200000000001 	16.741005489999999
27.663900000000002 	16.737819219999999
27.669599999999999 	16.734633909999999
27.6753 	16.731449560000001
27.681000000000001 	16.72826616
27.686699999999998 	16.725083720000001
27.692399999999999 	16.721902239999999
27.6981 	16.7187217
27.703800000000001 	16.715542129999999
27.709499999999998 	16.712363499999999
27.715199999999999 	16.70918584
27.7209 	16.706009120000001
27.726600000000001 	16.70283336
27.732299999999999 	16.699658549999999
27.738 	16.696484699999999
27.7437 	16.6933118
27.749400000000001 	16.690139850000001
27.755099999999999 	16.68696885
27.7608 	16.683798809999999
27.766500000000001 	16.680629719999999
27.772200000000002 	16.677461579999999
27.777899999999999 	16.67429439
27.7836 	16.671128159999999
27.789300000000001 	16.66796287
27.795000000000002 	16.66479854
27.800699999999999 	16.661635149999999
27.8064 	16.658472719999999
27.812100000000001 	16.65531124
27.817799999999998 	16.6521507
27.823499999999999 	16.648991120000002
27.8292 	16.64583249
27.834900000000001 	16.642674800000002
27.840599999999998 	16.639518070000001
27.846299999999999 	16.63636228
27.852 	16.63320744
27.857700000000001 	16.63005355
27.863399999999999 	16.62690061
27.8691 	16.623748620000001
27.8748 	16.620597570000001
27.880500000000001 	16.617447479999999
27.886199999999999 	16.61429833
27.8919 	16.611150120000001
27.897600000000001 	16.608002859999999
27.903300000000002 	16.604856550000001
27.908999999999999 	16.60171119
27.9147 	16.598566770000001
27.920400000000001 	16.5954233
27.926100000000002 	16.592280769999999
27.931799999999999 	16.589139190000001
27.9375 	16.585998549999999
27.943200000000001 	16.582858860000002
27.948899999999998 	16.57972011
27.954599999999999 	16.576582309999999
27.9603 	16.573445450000001
27.966000000000001 	16.570309529999999
27.971699999999998 	16.567174560000002
27.977399999999999 	16.564040540000001
27.9831 	16.560907449999998
27.988800000000001 	16.55777531
27.994499999999999 	16.554644110000002
28.0002 	16.551513849999999
28.0059 	16.548384540000001
28.011600000000001 	16.545256169999998
28.017299999999999 	16.542128739999999
28.023 	16.539002249999999
28.028700000000001 	16.535876699999999
28.034400000000002 	16.5327521
28.040099999999999 	16.529628429999999
28.0458 	16.526505709999999
28.051500000000001 	16.523383920000001
28.057200000000002 	16.520263079999999
28.062899999999999 	16.517143170000001
28.0686 	16.514024209999999
28.074300000000001 	16.510906179999999
28.079999999999998 	16.5077891
28.085699999999999 	16.50467295
28.0914 	16.501557739999999
28.097100000000001 	16.498443470000002
28.102799999999998 	16.49533014
28.108499999999999 	16.492217749999998
28.1142 	16.489106289999999
28.119900000000001 	16.485995769999999
28.125599999999999 	16.482886189999999
28.1313 	16.479777550000001
28.137 	16.47666984
28.142700000000001 	16.473563070000001
28.148399999999999 	16.470457240000002
28.1541 	16.467352340000001
28.159800000000001 	16.464248380000001
28.165500000000002 	16.461145349999999
28.171199999999999 	16.45804326
28.1769 	16.4549421
28.182600000000001 	16.45184188
28.188300000000002 	16.448742599999999
28.193999999999999 	16.445644250000001
28.1997 	16.442546830000001
28.205400000000001 	16.439450350000001
28.211099999999998 	16.4363548
28.216799999999999 	16.433260180000001
28.2225 	16.430166499999999
28.228200000000001 	16.427073750000002
28.233899999999998 	16.42398193
28.239599999999999 	16.420891050000002
28.2453 	16.417801099999998
28.251000000000001 	16.414712080000001
28.256699999999999 	16.411623989999999
28.2624 	16.408536829999999
28.2681 	16.405450609999999
28.273800000000001 	16.40236531
28.279499999999999 	16.399280950000001
28.2852 	16.396197520000001
28.290900000000001 	16.39311502
28.296600000000002 	16.390033450000001
28.302299999999999 	16.3869528
28.308 	16.383873090000002
28.313700000000001 	16.380794309999999
28.319400000000002 	16.377716459999998
28.325099999999999 	16.37463953
28.3308 	16.37156354
28.336500000000001 	16.368488469999999
28.342199999999998 	16.365414340000001
28.347899999999999 	16.362341130000001
28.3536 	16.359268839999999
28.359300000000001 	16.35619749
28.364999999999998 	16.353127059999998
28.370699999999999 	16.35005756
28.3764 	16.34698899
28.382100000000001 	16.343921340000001
28.387799999999999 	16.340854620000002
28.3935 	16.337788830000001
28.3992 	16.334723960000002
28.404900000000001 	16.331660020000001
28.410599999999999 	16.328596999999998
28.4163 	16.325534909999998
28.422000000000001 	16.32247374
28.427700000000002 	16.3194135
28.433399999999999 	16.316354180000001
28.4391 	16.313295790000002
28.444800000000001 	16.31023832
28.450500000000002 	16.30718177
28.456199999999999 	16.304126149999998
28.4619 	16.301071449999998
28.467600000000001 	16.298017680000001
28.473299999999998 	16.294964830000001
28.478999999999999 	16.2919129
28.4847 	16.28886189
28.490400000000001 	16.285811800000001
28.496099999999998 	16.282762640000001
28.501799999999999 	16.2797144
28.5075 	16.276667079999999
28.513200000000001 	16.273620680000001
28.518899999999999 	16.2705752
28.5246 	16.26753064
28.5303 	16.264486999999999
28.536000000000001 	16.26144429
28.541699999999999 	16.258402490000002
28.5474 	16.255361610000001
28.553100000000001 	16.252321649999999
28.558800000000002 	16.249282610000002
28.564499999999999 	16.246244489999999
28.5702 	16.243207290000001
28.575900000000001 	16.240171010000001
28.581600000000002 	16.237135649999999
28.587299999999999 	16.234101200000001
28.593 	16.231067670000002
28.598700000000001 	16.22803506
28.604399999999998 	16.22500337
28.610099999999999 	16.22197259
28.6158 	16.218942729999998
28.621500000000001 	16.215913789999998
28.627199999999998 	16.212885759999999
28.632899999999999 	16.209858650000001
28.6386 	16.206832460000001
28.644300000000001 	16.203807179999998
28.649999999999999 	16.200782820000001
28.6557 	16.19775937
28.6614 	16.194736840000001
28.667100000000001 	16.191715219999999
28.672799999999999 	16.188694510000001
28.6785 	16.185674720000002
28.684200000000001 	16.18265585
28.689900000000002 	16.179637889999999
28.695599999999999 	16.176620839999998
28.7013 	16.173604699999999
28.707000000000001 	16.17058948
28.712700000000002 	16.167575169999999
28.718399999999999 	16.164561769999999
28.7241 	16.16154929
28.729800000000001 	16.158537720000002
28.735499999999998 	16.155527060000001
28.741199999999999 	16.15251731
28.7469 	16.149508470000001
28.752600000000001 	16.146500540000002
28.758299999999998 	16.143493530000001
28.763999999999999 	16.140487419999999
28.7697 	16.13748223
28.775400000000001 	16.13447794
28.781099999999999 	16.131474570000002
28.786799999999999 	16.1284721
28.7925 	16.125470549999999
28.798200000000001 	16.122469899999999
28.803899999999999 	16.119470159999999
28.8096 	16.11647133
28.815300000000001 	16.113473410000001
28.821000000000002 	16.1104764
28.826699999999999 	16.107480299999999
28.8324 	16.104485100000002
28.838100000000001 	16.101490810000001
28.843800000000002 	16.098497429999998
28.849499999999999 	16.095504949999999
28.8552 	16.092513390000001
28.860900000000001 	16.089522720000001
28.866599999999998 	16.08653297
28.872299999999999 	16.083544119999999
28.878 	16.080556179999999
28.883700000000001 	16.077569140000001
28.889399999999998 	16.074583010000001
28.895099999999999 	16.071597780000001
28.9008 	16.068613460000002
28.906500000000001 	16.065630039999999
28.912199999999999 	16.06264753
28.917899999999999 	16.05966592
28.9236 	16.056685210000001
28.929300000000001 	16.053705409999999
28.934999999999999 	16.050726510000001
28.9407 	16.047748519999999
28.946400000000001 	16.04477142
28.952100000000002 	16.041795230000002
28.957799999999999 	16.038819950000001
28.9635 	16.035845559999998
28.969200000000001 	16.032872080000001
28.974900000000002 	16.029899499999999
28.980599999999999 	16.026927820000001
28.9863 	16.023957039999999
28.992000000000001 	16.020987160000001
28.997699999999998 	16.018018179999999
29.003399999999999 	16.015050110000001
29.0091 	16.012082929999998
29.014800000000001 	16.00911666
29.020499999999998 	16.006151280000001
29.026199999999999 	16.003186800000002
29.0319 	16.000223219999999
29.037600000000001 	15.99726055
29.043299999999999 	15.99429877
29.048999999999999 	15.99133789
29.0547 	15.9883779
29.060400000000001 	15.98541882
29.066099999999999 	15.98246063
29.0718 	15.979503340000001
29.077500000000001 	15.976546949999999
29.083200000000001 	15.97359146
29.088899999999999 	15.970636860000001
29.0946 	15.96768316
29.100300000000001 	15.96473035
29.106000000000002 	15.96177844
29.111699999999999 	15.958827429999999
29.1174 	15.955877320000001
29.123100000000001 	15.95292809
29.128799999999998 	15.949979770000001
29.134499999999999 	15.94703234
29.1402 	15.9440858
29.145900000000001 	15.94114016
29.151599999999998 	15.938195410000001
29.157299999999999 	15.935251559999999
29.163 	15.932308600000001
29.168700000000001 	15.929366529999999
29.174399999999999 	15.92642536
29.180099999999999 	15.923485080000001
29.1858 	15.920545690000001
29.191500000000001 	15.91760719
29.197199999999999 	15.914669590000001
29.2029 	15.911732880000001
29.208600000000001 	15.908797059999999
29.214300000000001 	15.905862129999999
29.219999999999999 	15.9029281
29.2257 	15.89999495
29.231400000000001 	15.897062699999999
29.237100000000002 	15.894131339999999
29.242799999999999 	15.89120086
29.2485 	15.88827128
29.254200000000001 	15.88534259
29.259899999999998 	15.88241478
29.265599999999999 	15.87948787
29.2713 	15.876561840000001
29.277000000000001 	15.87363671
29.282699999999998 	15.87071246
29.288399999999999 	15.8677891
29.2941 	15.86486663
29.299800000000001 	15.861945049999999
29.305499999999999 	15.85902435
29.311199999999999 	15.85610455
29.3169 	15.85318562
29.322600000000001 	15.85026759
29.328299999999999 	15.84735044
29.334 	15.84443418
29.339700000000001 	15.84151881
29.345400000000001 	15.83860432
29.351099999999999 	15.835690720000001
29.3568 	15.832777999999999
29.362500000000001 	15.829866170000001
29.368200000000002 	15.826955229999999
29.373899999999999 	15.824045160000001
29.3796 	15.82113599
29.385300000000001 	15.818227690000001
29.390999999999998 	15.815320290000001
29.396699999999999 	15.81241376
29.4024 	15.80950812
29.408100000000001 	15.80660336
29.413799999999998 	15.80369949
29.419499999999999 	15.80079649
29.4252 	15.797894380000001
29.430900000000001 	15.794993160000001
29.436599999999999 	15.79209281
29.442299999999999 	15.78919335
29.448 	15.78629477
29.453700000000001 	15.783397069999999
29.459399999999999 	15.780500249999999
29.4651 	15.777604309999999
29.470800000000001 	15.774709250000001
29.476500000000001 	15.77181508
29.482199999999999 	15.768921779999999
29.4879 	15.766029359999999
29.493600000000001 	15.76313783
29.499300000000002 	15.76024717
29.504999999999999 	15.757357389999999
29.5107 	15.754468490000001
29.516400000000001 	15.75158047
29.522099999999998 	15.74869333
29.527799999999999 	15.745807060000001
29.5335 	15.74292168
29.539200000000001 	15.740037170000001
29.544899999999998 	15.73715354
29.550599999999999 	15.73427079
29.5563 	15.73138891
29.562000000000001 	15.728507909999999
29.567699999999999 	15.725627790000001
29.573399999999999 	15.72274854
29.5791 	15.71987017
29.584800000000001 	15.71699267
29.590499999999999 	15.714116049999999
29.5962 	15.711240310000001
29.601900000000001 	15.70836544
29.607600000000001 	15.70549145
29.613299999999999 	15.70261833
29.619 	15.699746080000001
29.624700000000001 	15.696874709999999
29.630400000000002 	15.694004209999999
29.636099999999999 	15.691134590000001
29.6418 	15.68826584
29.647500000000001 	15.68539796
29.653199999999998 	15.682530959999999
29.658899999999999 	15.67966483
29.6646 	15.67679957
29.670300000000001 	15.673935180000001
29.675999999999998 	15.67107167
29.681699999999999 	15.668209020000001
29.6874 	15.66534725
29.693100000000001 	15.66248635
29.698799999999999 	15.659626319999999
29.704499999999999 	15.656767159999999
29.7102 	15.653908879999999
29.715900000000001 	15.65105146
29.721599999999999 	15.648194910000001
29.7273 	15.645339229999999
29.733000000000001 	15.642484420000001
29.738700000000001 	15.639630479999999
29.744399999999999 	15.636777410000001
29.7501 	15.633925209999999
29.755800000000001 	15.631073880000001
29.761500000000002 	15.62822341
29.767199999999999 	15.625373809999999
29.7729 	15.622525080000001
29.778600000000001 	15.61967722
29.784300000000002 	15.61683023
29.789999999999999 	15.6139841
29.7957 	15.611138840000001
29.801400000000001 	15.608294450000001
29.807099999999998 	15.605450919999999
29.812799999999999 	15.60260826
29.8185 	15.59976646
29.824200000000001 	15.59692553
29.829899999999999 	15.59408547
29.835599999999999 	15.591246269999999
29.8413 	15.588407930000001
29.847000000000001 	15.58557046
29.852699999999999 	15.582733859999999
29.8584 	15.579898119999999
29.864100000000001 	15.577063239999999
29.869800000000001 	15.574229219999999
29.875499999999999 	15.57139607
29.8812 	15.568563790000001
29.886900000000001 	15.56573236
29.892600000000002 	15.562901800000001
29.898299999999999 	15.560072099999999
29.904 	15.55724326
29.909700000000001 	15.55441529
29.915400000000002 	15.55158818
29.921099999999999 	15.54876192
29.9268 	15.545936530000001
29.932500000000001 	15.543112000000001
29.938199999999998 	15.54028834
29.943899999999999 	15.53746553
29.9496 	15.534643579999999
29.955300000000001 	15.53182249
29.960999999999999 	15.52900226
29.966699999999999 	15.5261829
29.9724 	15.523364389999999
29.978100000000001 	15.52054674
29.983799999999999 	15.517729940000001
29.9895 	15.51491401
29.995200000000001 	15.51209894
30.000900000000001 	15.50928472
30.006599999999999 	15.506471360000001
30.0123 	15.50365886
30.018000000000001 	15.500847220000001
30.023700000000002 	15.498036430000001
30.029399999999999 	15.495226499999999
30.0351 	15.49241743
30.040800000000001 	15.489609209999999
30.046500000000002 	15.486801850000001
30.052199999999999 	15.483995350000001
30.0579 	15.4811897
30.063600000000001 	15.4783849
30.069299999999998 	15.47558096
30.074999999999999 	15.472777880000001
30.0807 	15.46997565
30.086400000000001 	15.46717428
30.092099999999999 	15.464373760000001
30.097799999999999 	15.461574089999999
30.1035 	15.458775279999999
30.109200000000001 	15.455977320000001
30.114899999999999 	15.453180209999999
30.1206 	15.45038396
30.126300000000001 	15.44758856
30.132000000000001 	15.444794010000001
30.137699999999999 	15.44200032
30.1434 	15.439207469999999
30.149100000000001 	15.436415480000001
30.154800000000002 	15.43362434
30.160499999999999 	15.43083405
30.1662 	15.42804462
30.171900000000001 	15.42525603
30.177600000000002 	15.422468289999999
30.183299999999999 	15.419681410000001
30.189 	15.416895370000001
30.194700000000001 	15.41411018
30.200399999999998 	15.411325850000001
30.206099999999999 	15.40854236
30.2118 	15.405759720000001
30.217500000000001 	15.40297793
30.223199999999999 	15.40019699
30.228899999999999 	15.3974169
30.2346 	15.39463765
30.240300000000001 	15.39185926
30.245999999999999 	15.389081709999999
30.2517 	15.386305009999999
30.257400000000001 	15.383529149999999
30.263100000000001 	15.38075415
30.268799999999999 	15.37797999
30.2745 	15.375206670000001
30.280200000000001 	15.372434200000001
30.285900000000002 	15.36966258
30.291599999999999 	15.366891799999999
30.2973 	15.36412187
30.303000000000001 	15.36135279
30.308700000000002 	15.35858455
30.314399999999999 	15.35581715
30.3201 	15.3530506
30.325800000000001 	15.350284889999999
30.331499999999998 	15.34752003
30.337199999999999 	15.344756009999999
30.3429 	15.341992830000001
30.348600000000001 	15.339230499999999
30.354299999999999 	15.33646901
30.359999999999999 	15.333708359999999
30.3657 	15.33094856
30.371400000000001 	15.3281896
30.377099999999999 	15.325431480000001
30.3828 	15.3226742
30.388500000000001 	15.319917759999999
30.394200000000001 	15.31716217
30.399899999999999 	15.314407409999999
30.4056 	15.3116535
30.411300000000001 	15.308900420000001
30.417000000000002 	15.30614819
30.422699999999999 	15.3033968
30.4284 	15.30064625
30.434100000000001 	15.297896529999999
30.439800000000002 	15.29514766
30.445499999999999 	15.29239963
30.4512 	15.28965243
30.456900000000001 	15.286906070000001
30.462599999999998 	15.284160549999999
30.468299999999999 	15.28141587
30.474 	15.278672029999999
30.479700000000001 	15.27592903
30.485399999999998 	15.273186859999999
30.491099999999999 	15.27044553
30.4968 	15.267705039999999
30.502500000000001 	15.26496538
30.508199999999999 	15.26222656
30.5139 	15.259488579999999
30.519600000000001 	15.25675143
30.525300000000001 	15.25401512
30.530999999999999 	15.25127964
30.5367 	15.248545
30.542400000000001 	15.24581119
30.548100000000002 	15.243078219999999
30.553799999999999 	15.24034608
30.5595 	15.237614779999999
30.565200000000001 	15.23488431
30.570900000000002 	15.232154680000001
30.576599999999999 	15.229425880000001
30.5823 	15.22669791
30.588000000000001 	15.223970769999999
30.593699999999998 	15.22124447
30.599399999999999 	15.218519000000001
30.6051 	15.21579436
30.610800000000001 	15.21307056
30.616499999999998 	15.21034759
30.622199999999999 	15.20762545
30.6279 	15.20490414
30.633600000000001 	15.202183659999999
30.639299999999999 	15.19946401
30.645 	15.19674519
30.650700000000001 	15.194027200000001
30.656400000000001 	15.19131005
30.662099999999999 	15.18859372
30.6678 	15.185878219999999
30.673500000000001 	15.183163560000001
30.679200000000002 	15.18044972
30.684899999999999 	15.17773671
30.6906 	15.17502453
30.696300000000001 	15.172313170000001
30.702000000000002 	15.16960265
30.707699999999999 	15.166892949999999
30.7134 	15.164184089999999
30.719100000000001 	15.16147604
30.724799999999998 	15.15876883
30.730499999999999 	15.156062439999999
30.7362 	15.15335688
30.741900000000001 	15.150652150000001
30.747599999999998 	15.14794824
30.753299999999999 	15.14524516
30.759 	15.14254291
30.764700000000001 	15.139841479999999
30.770399999999999 	15.13714087
30.7761 	15.1344411
30.7818 	15.13174214
30.787500000000001 	15.129044009999999
30.793199999999999 	15.12634671
30.7989 	15.12365022
30.804600000000001 	15.12095457
30.810300000000002 	15.11825973
30.815999999999999 	15.115565719999999
30.8217 	15.11287254
30.827400000000001 	15.11018017
30.833100000000002 	15.107488630000001
30.838799999999999 	15.10479791
30.8445 	15.10210801
30.850200000000001 	15.09941894
30.855899999999998 	15.096730689999999
30.861599999999999 	15.09404325
30.8673 	15.091356640000001
30.873000000000001 	15.08867085
30.878699999999998 	15.085985880000001
30.884399999999999 	15.08330174
30.8901 	15.08061841
30.895800000000001 	15.0779359
30.901499999999999 	15.075254210000001
30.9072 	15.07257334
30.9129 	15.06989329
30.918600000000001 	15.06721406
30.924299999999999 	15.06453565
30.93 	15.06185806
30.935700000000001 	15.059181280000001
30.941400000000002 	15.05650533
30.947099999999999 	15.053830189999999
30.9528 	15.051155870000001
30.958500000000001 	15.04848236
30.964200000000002 	15.045809670000001
30.969899999999999 	15.0431378
30.9756 	15.04046675
30.981300000000001 	15.03779651
30.986999999999998 	15.03512709
30.992699999999999 	15.03245849
30.9984 	15.0297907
31.004100000000001 	15.02712373
31.009799999999998 	15.024457569999999
31.015499999999999 	15.02179222
31.0212 	15.019127689999999
31.026900000000001 	15.016463979999999
31.032599999999999 	15.01380108
31.0383 	15.011138989999999
31.044 	15.00847772
31.049700000000001 	15.005817260000001
31.055399999999999 	15.003157610000001
31.0611 	15.000498779999999
31.066800000000001 	14.997840760000001
31.072500000000002 	14.99518355
31.078199999999999 	14.99252716
31.0839 	14.989871580000001
31.089600000000001 	14.987216800000001
31.095300000000002 	14.984562840000001
31.100999999999999 	14.981909699999999
31.1067 	14.97925736
31.112400000000001 	14.97660583
31.118099999999998 	14.97395511
31.123799999999999 	14.971305210000001
31.1295 	14.96865611
31.135200000000001 	14.966007830000001
31.140899999999998 	14.96336035
31.146599999999999 	14.96071369
31.1523 	14.958067829999999
31.158000000000001 	14.955422779999999
31.163699999999999 	14.952778540000001
31.1694 	14.95013511
31.1751 	14.947492479999999
31.180800000000001 	14.944850669999999
31.186499999999999 	14.94220966
31.1922 	14.93956946
31.197900000000001 	14.936930070000001
31.203600000000002 	14.934291480000001
31.209299999999999 	14.9316537
31.215 	14.929016730000001
31.220700000000001 	14.92638056
31.226400000000002 	14.923745200000001
31.232099999999999 	14.921110649999999
31.2378 	14.9184769
31.243500000000001 	14.91584396
31.249199999999998 	14.913211820000001
31.254899999999999 	14.91058048
31.2606 	14.907949950000001
31.266300000000001 	14.905320229999999
31.271999999999998 	14.90269131
31.277699999999999 	14.900063189999999
31.2834 	14.89743588
31.289100000000001 	14.894809370000001
31.294799999999999 	14.892183660000001
31.3005 	14.88955876
31.3062 	14.88693466
31.311900000000001 	14.88431136
31.317599999999999 	14.881688860000001
31.3233 	14.879067170000001
31.329000000000001 	14.876446270000001
31.334700000000002 	14.87382618
31.340399999999999 	14.87120689
31.3461 	14.8685884
31.351800000000001 	14.865970709999999
31.357500000000002 	14.863353829999999
31.363199999999999 	14.860737739999999
31.3689 	14.85812245
31.374600000000001 	14.855507960000001
31.380299999999998 	14.85289427
31.385999999999999 	14.85028138
31.3917 	14.847669290000001
31.397400000000001 	14.845058
31.403099999999998 	14.84244751
31.408799999999999 	14.83983782
31.4145 	14.837228919999999
31.420200000000001 	14.83462082
31.425899999999999 	14.83201352
31.4316 	14.82940702
31.4373 	14.82680131
31.443000000000001 	14.8241964
31.448699999999999 	14.82159229
31.4544 	14.818988969999999
31.460100000000001 	14.81638645
31.465800000000002 	14.81378473
31.471499999999999 	14.8111838
31.4772 	14.808583670000001
31.482900000000001 	14.805984329999999
31.488600000000002 	14.80338579
31.494299999999999 	14.80078804
31.5 	14.79819108
31.505700000000001 	14.79559493
31.511399999999998 	14.79299956
31.517099999999999 	14.790404990000001
31.5228 	14.787811209999999
31.528500000000001 	14.78521823
31.534199999999998 	14.78262604
31.539899999999999 	14.78003464
31.5456 	14.77744403
31.551300000000001 	14.77485422
31.556999999999999 	14.7722652
31.5627 	14.769676970000001
31.5684 	14.76708953
31.574100000000001 	14.76450288
31.579799999999999 	14.761917029999999
31.5855 	14.759331960000001
31.591200000000001 	14.756747689999999
31.596900000000002 	14.7541642
31.602599999999999 	14.751581509999999
31.6083 	14.74899961
31.614000000000001 	14.74641849
31.619700000000002 	14.74383817
31.625399999999999 	14.741258630000001
31.6311 	14.73867989
31.636800000000001 	14.73610193
31.642499999999998 	14.73352476
31.648199999999999 	14.730948379999999
31.6539 	14.72837279
31.659600000000001 	14.72579799
31.665299999999998 	14.723223969999999
31.670999999999999 	14.72065074
31.6767 	14.7180783
31.682400000000001 	14.715506639999999
31.688099999999999 	14.71293577
31.6938 	14.71036569
31.6995 	14.70779639
31.705200000000001 	14.705227880000001
31.710899999999999 	14.702660160000001
31.7166 	14.700093219999999
31.722300000000001 	14.69752707
31.728000000000002 	14.6949617
31.733699999999999 	14.69239711
31.7394 	14.689833309999999
31.745100000000001 	14.6872703
31.750800000000002 	14.68470806
31.756499999999999 	14.682146619999999
31.7622 	14.67958595
31.767900000000001 	14.67702607
31.773599999999998 	14.674466969999999
31.779299999999999 	14.67190866
31.785 	14.669351130000001
31.790700000000001 	14.66679437
31.796399999999998 	14.664238409999999
31.802099999999999 	14.66168322
31.8078 	14.65912881
31.813500000000001 	14.65657519
31.819199999999999 	14.65402235
31.8249 	14.651470290000001
31.8306 	14.64891901
31.836300000000001 	14.64636851
31.841999999999999 	14.643818789999999
31.8477 	14.64126985
31.853400000000001 	14.638721690000001
31.859100000000002 	14.6361743
31.864799999999999 	14.6336277
31.8705 	14.63108188
31.876200000000001 	14.628536840000001
31.881900000000002 	14.625992569999999
31.887599999999999 	14.62344908
31.8933 	14.62090637
31.899000000000001 	14.618364440000001
31.904699999999998 	14.61582329
31.910399999999999 	14.613282910000001
31.9161 	14.61074331
31.921800000000001 	14.60820449
31.927499999999998 	14.605666449999999
31.933199999999999 	14.60312918
31.9389 	14.60059268
31.944600000000001 	14.59805697
31.950299999999999 	14.595522020000001
31.956 	14.592987859999999
31.9617 	14.590454469999999
31.967400000000001 	14.587921850000001
31.973099999999999 	14.585390009999999
31.9788 	14.582858939999999
31.984500000000001 	14.58032865
31.990200000000002 	14.577799130000001
31.995899999999999 	14.57527039
32.001600000000003 	14.572742420000001
32.007300000000001 	14.57021522
32.012999999999998 	14.56768879
32.018700000000003 	14.565163139999999
32.0244 	14.56263826
32.030099999999997 	14.560114159999999
32.035800000000002 	14.55759082
32.041499999999999 	14.555068260000001
32.047199999999997 	14.552546469999999
32.052900000000001 	14.55002545
32.058599999999998 	14.5475052
32.064300000000003 	14.54498572
32.07 	14.542467009999999
32.075699999999998 	14.53994908
32.081400000000002 	14.53743191
32.0871 	14.534915509999999
32.092799999999997 	14.532399890000001
32.098500000000001 	14.529885030000001
32.104199999999999 	14.527370940000001
32.109900000000003 	14.524857620000001
32.115600000000001 	14.52234507
32.121299999999998 	14.519833289999999
32.127000000000002 	14.51732228
32.1327 	14.51481203
32.138399999999997 	14.51230256
32.144100000000002 	14.509793849999999
32.149799999999999 	14.507285899999999
32.155500000000004 	14.50477873
32.161200000000001 	14.502272319999999
32.166899999999998 	14.49976668
32.172600000000003 	14.4972618
32.1783 	14.494757699999999
32.183999999999997 	14.49225435
32.189700000000002 	14.489751780000001
32.195399999999999 	14.48724996
32.201099999999997 	14.484748919999999
32.206800000000001 	14.48224864
32.212499999999999 	14.479749119999999
32.218200000000003 	14.47725037
32.2239 	14.47475238
32.229599999999998 	14.47225516
32.235300000000002 	14.4697587
32.241 	14.467263000000001
32.246699999999997 	14.46476807
32.252400000000002 	14.4622739
32.258099999999999 	14.45978049
32.263800000000003 	14.45728785
32.269500000000001 	14.454795969999999
32.275199999999998 	14.452304850000001
32.280900000000003 	14.44981449
32.2866 	14.4473249
32.292299999999997 	14.44483606
32.298000000000002 	14.44234799
32.303699999999999 	14.439860680000001
32.309399999999997 	14.43737413
32.315100000000001 	14.434888340000001
32.320799999999998 	14.43240331
32.326500000000003 	14.42991904
32.3322 	14.42743553
32.337899999999998 	14.42495278
32.343600000000002 	14.42247079
32.349299999999999 	14.419989559999999
32.354999999999997 	14.41750908
32.360700000000001 	14.415029369999999
32.366399999999999 	14.41255041
32.372100000000003 	14.41007222
32.377800000000001 	14.40759478
32.383499999999998 	14.40511809
32.389200000000002 	14.40264217
32.3949 	14.400167
32.400599999999997 	14.39769259
32.406300000000002 	14.395218939999999
32.411999999999999 	14.39274604
32.417700000000004 	14.3902739
32.423400000000001 	14.387802519999999
32.429099999999998 	14.38533189
32.434800000000003 	14.382862019999999
32.4405 	14.3803929
32.446199999999997 	14.37792454
32.451900000000002 	14.37545693
32.457599999999999 	14.372990079999999
32.463299999999997 	14.37052398
32.469000000000001 	14.368058639999999
32.474699999999999 	14.36559405
32.480400000000003 	14.36313021
32.4861 	14.36066713
32.491799999999998 	14.358204799999999
32.497500000000002 	14.355743220000001
32.5032 	14.353282399999999
32.508899999999997 	14.35082233
32.514600000000002 	14.34836301
32.520299999999999 	14.34590444
32.526000000000003 	14.343446630000001
32.531700000000001 	14.34098957
32.537399999999998 	14.338533249999999
32.543100000000003 	14.33607769
32.5488 	14.333622889999999
32.554499999999997 	14.331168829999999
32.560200000000002 	14.328715519999999
32.565899999999999 	14.326262959999999
32.571599999999997 	14.323811149999999
32.577300000000001 	14.321360090000001
32.582999999999998 	14.318909789999999
32.588700000000003 	14.316460230000001
32.5944 	14.31401142
32.600099999999998 	14.311563359999999
32.605800000000002 	14.309116039999999
32.611499999999999 	14.30666948
32.617199999999997 	14.30422366
32.622900000000001 	14.30177859
32.628599999999999 	14.299334269999999
32.634300000000003 	14.296890700000001
32.640000000000001 	14.29444788
32.645699999999998 	14.2920058
32.651400000000002 	14.289564459999999
32.6571 	14.287123879999999
32.662799999999997 	14.28468404
32.668500000000002 	14.282244950000001
32.674199999999999 	14.279806600000001
32.679900000000004 	14.277369
32.685600000000001 	14.274932140000001
32.691299999999998 	14.272496029999999
32.697000000000003 	14.27006066
32.7027 	14.26762604
32.708399999999997 	14.26519216
32.714100000000002 	14.26275903
32.719799999999999 	14.260326640000001
32.725499999999997 	14.25789499
32.731200000000001 	14.25546409
32.736899999999999 	14.253033930000001
32.742600000000003 	14.25060452
32.7483 	14.24817584
32.753999999999998 	14.24574791
32.759700000000002 	14.243320730000001
32.7654 	14.240894279999999
32.771099999999997 	14.238468579999999
32.776800000000001 	14.236043609999999
32.782499999999999 	14.233619389999999
32.788200000000003 	14.23119591
32.793900000000001 	14.22877317
32.799599999999998 	14.226351169999999
32.805300000000003 	14.22392992
32.811 	14.2215094
32.816699999999997 	14.21908962
32.822400000000002 	14.216670580000001
32.828099999999999 	14.21425228
32.833799999999997 	14.21183473
32.839500000000001 	14.209417910000001
32.845199999999998 	14.20700182
32.850900000000003 	14.20458648
32.8566 	14.20217188
32.862299999999998 	14.19975801
32.868000000000002 	14.197344879999999
32.873699999999999 	14.194932489999999
32.879399999999997 	14.19252084
32.885100000000001 	14.19010993
32.890799999999999 	14.18769975
32.896500000000003 	14.1852903
32.902200000000001 	14.1828816
32.907899999999998 	14.18047363
32.913600000000002 	14.178066400000001
32.9193 	14.175659899999999
32.924999999999997 	14.173254139999999
32.930700000000002 	14.170849110000001
32.936399999999999 	14.168444819999999
32.942100000000003 	14.16604126
32.947800000000001 	14.16363844
32.953499999999998 	14.16123636
32.959200000000003 	14.158835
32.9649 	14.15643438
32.970599999999997 	14.1540345
32.976300000000002 	14.151635349999999
32.981999999999999 	14.149236930000001
32.987699999999997 	14.14683924
32.993400000000001 	14.144442290000001
32.999099999999999 	14.142046069999999
33.004800000000003 	14.13965059
33.0105 	14.137255830000001
33.016199999999998 	14.13486181
33.021900000000002 	14.13246852
33.0276 	14.13007595
33.033299999999997 	14.12768413
33.039000000000001 	14.12529303
33.044699999999999 	14.122902659999999
33.050400000000003 	14.120513020000001
33.056100000000001 	14.118124119999999
33.061799999999998 	14.11573594
33.067500000000003 	14.11334849
33.0732 	14.11096178
33.078899999999997 	14.10857579
33.084600000000002 	14.106190529999999
33.090299999999999 	14.103806000000001
33.095999999999997 	14.1014222
33.101700000000001 	14.09903913
33.107399999999998 	14.096656790000001
33.113100000000003 	14.09427517
33.1188 	14.09189428
33.124499999999998 	14.08951412
33.130200000000002 	14.087134689999999
33.135899999999999 	14.084755980000001
33.141599999999997 	14.082378
33.147300000000001 	14.08000075
33.152999999999999 	14.077624220000001
33.158700000000003 	14.075248419999999
33.164400000000001 	14.07287335
33.170099999999998 	14.070499
33.175800000000002 	14.06812538
33.1815 	14.06575248
33.187199999999997 	14.0633803
33.192900000000002 	14.061008859999999
33.198599999999999 	14.05863813
33.204300000000003 	14.056268129999999
33.210000000000001 	14.05389886
33.215699999999998 	14.05153031
33.221400000000003 	14.04916248
33.2271 	14.04679537
33.232799999999997 	14.04442899
33.238500000000002 	14.04206334
33.244199999999999 	14.039698400000001
33.249899999999997 	14.037334189999999
33.255600000000001 	14.034970700000001
33.261299999999999 	14.032607929999999
33.267000000000003 	14.030245880000001
33.2727 	14.02788456
33.278399999999998 	14.02552395
33.284100000000002 	14.02316407
33.2898 	14.020804910000001
33.295499999999997 	14.018446470000001
33.301200000000001 	14.016088740000001
33.306899999999999 	14.013731740000001
33.312600000000003 	14.01137546
33.318300000000001 	14.0090199
33.323999999999998 	14.00666506
33.329700000000003 	14.00431094
33.3354 	14.001957539999999
33.341099999999997 	13.999604850000001
33.346800000000002 	13.99725289
33.352499999999999 	13.99490164
33.358199999999997 	13.992551110000001
33.363900000000001 	13.990201300000001
33.369599999999998 	13.98785221
33.375300000000003 	13.985503830000001
33.381 	13.983156170000001
33.386699999999998 	13.98080923
33.392400000000002 	13.978463
33.398099999999999 	13.976117500000001
33.403799999999997 	13.9737727
33.409500000000001 	13.97142863
33.415199999999999 	13.969085270000001
33.420900000000003 	13.96674262
33.426600000000001 	13.96440069
33.432299999999998 	13.962059480000001
33.438000000000002 	13.95971898
33.4437 	13.9573792
33.449399999999997 	13.95504013
33.455100000000002 	13.952701769999999
33.460799999999999 	13.950364130000001
33.466500000000003 	13.9480272
33.472200000000001 	13.945690989999999
33.477899999999998 	13.94335549
33.483600000000003 	13.941020699999999
33.4893 	13.938686629999999
33.494999999999997 	13.93635327
33.500700000000002 	13.93402062
33.506399999999999 	13.931688680000001
33.512099999999997 	13.92935746
33.517800000000001 	13.927026939999999
33.523499999999999 	13.924697139999999
33.529200000000003 	13.922368049999999
33.5349 	13.92003967
33.540599999999998 	13.917712
33.546300000000002 	13.915385049999999
33.552 	13.9130588
33.557699999999997 	13.910733260000001
33.563400000000001 	13.90840843
33.569099999999999 	13.90608432
33.574800000000003 	13.903760910000001
33.580500000000001 	13.90143821
33.586199999999998 	13.89911622
33.591900000000003 	13.896794939999999
33.5976 	13.894474369999999
33.603299999999997 	13.892154509999999
33.609000000000002 	13.88983535
33.614699999999999 	13.8875169
33.620399999999997 	13.885199160000001
33.626100000000001 	13.88288213
33.631799999999998 	13.88056581
33.637500000000003 	13.878250189999999
33.6432 	13.87593528
33.648899999999998 	13.87362107
33.654600000000002 	13.871307570000001
33.660299999999999 	13.86899478
33.665999999999997 	13.866682689999999
33.671700000000001 	13.864371309999999
33.677399999999999 	13.862060639999999
33.683100000000003 	13.85975067
33.688800000000001 	13.857441400000001
33.694499999999998 	13.85513284
33.700200000000002 	13.85282499
33.7059 	13.85051784
33.711599999999997 	13.848211389999999
33.717300000000002 	13.845905650000001
33.722999999999999 	13.843600609999999
33.728700000000003 	13.841296270000001
33.734400000000001 	13.838992640000001
33.740099999999998 	13.83668971
33.745800000000003 	13.83438748
33.7515 	13.832085960000001
33.757199999999997 	13.829785129999999
33.762900000000002 	13.82748501
33.768599999999999 	13.82518559
33.774299999999997 	13.82288688
33.780000000000001 	13.820588860000001
33.785699999999999 	13.81829155
33.791400000000003 	13.81599493
33.7971 	13.81369902
33.802799999999998 	13.81140381
33.808500000000002 	13.809109299999999
33.8142 	13.80681549
33.819899999999997 	13.804522370000001
33.825600000000001 	13.80222996
33.831299999999999 	13.79993825
33.837000000000003 	13.797647230000001
33.842700000000001 	13.79535692
33.848399999999998 	13.793067300000001
33.854100000000003 	13.79077839
33.8598 	13.788490169999999
33.865499999999997 	13.786202640000001
33.871200000000002 	13.783915820000001
33.876899999999999 	13.781629690000001
33.882599999999996 	13.779344269999999
33.888300000000001 	13.777059530000001
33.893999999999998 	13.774775500000001
33.899700000000003 	13.772492160000001
33.9054 	13.77020952
33.911099999999998 	13.767927569999999
33.916800000000002 	13.76564632
33.922499999999999 	13.76336577
33.928199999999997 	13.76108591
33.933900000000001 	13.75880675
33.939599999999999 	13.756528279999999
33.945300000000003 	13.75425051
33.951000000000001 	13.75197343
33.956699999999998 	13.74969705
33.962400000000002 	13.747421360000001
33.9681 	13.745146370000001
33.973799999999997 	13.74287206
33.979500000000002 	13.740598459999999
33.985199999999999 	13.73832554
33.990900000000003 	13.73605332
33.996600000000001 	13.73378179
34.002299999999998 	13.73151096
34.008000000000003 	13.72924081
34.0137 	13.72697136
34.019399999999997 	13.724702600000001
34.025100000000002 	13.722434529999999
34.030799999999999 	13.720167160000001
34.036499999999997 	13.71790047
34.042200000000001 	13.71563448
34.047899999999998 	13.713369180000001
34.053600000000003 	13.71110457
34.0593 	13.70884064
34.064999999999998 	13.70657741
34.070700000000002 	13.704314869999999
34.0764 	13.702053019999999
34.082099999999997 	13.699791859999999
34.087800000000001 	13.69753139
34.093499999999999 	13.6952716
34.099200000000003 	13.693012510000001
34.104900000000001 	13.690754099999999
34.110599999999998 	13.688496389999999
34.116300000000003 	13.68623936
34.122 	13.68398301
34.127699999999997 	13.68172736
34.133400000000002 	13.6794724
34.139099999999999 	13.677218119999999
34.144799999999996 	13.67496453
34.150500000000001 	13.672711619999999
34.156199999999998 	13.6704594
34.161900000000003 	13.66820787
34.1676 	13.66595703
34.173299999999998 	13.66370687
34.179000000000002 	13.661457390000001
34.184699999999999 	13.65920861
34.190399999999997 	13.6569605
34.196100000000001 	13.65471309
34.201799999999999 	13.652466349999999
34.207500000000003 	13.65022031
34.213200000000001 	13.647974939999999
34.218899999999998 	13.645730260000001
34.224600000000002 	13.64348627
34.2303 	13.64124296
34.235999999999997 	13.63900033
34.241700000000002 	13.63675838
34.247399999999999 	13.63451712
34.253100000000003 	13.632276539999999
34.258800000000001 	13.630036649999999
34.264499999999998 	13.627797429999999
34.270200000000003 	13.6255589
34.2759 	13.623321049999999
34.281599999999997 	13.62108389
34.287300000000002 	13.6188474
34.292999999999999 	13.616611600000001
34.298699999999997 	13.61437647
34.304400000000001 	13.612142029999999
34.310099999999998 	13.60990827
34.315800000000003 	13.60767519
34.3215 	13.60544279
34.327199999999998 	13.60321107
34.332900000000002 	13.600980030000001
34.3386 	13.59874967
34.344299999999997 	13.59651998
34.350000000000001 	13.59429098
34.355699999999999 	13.59206266
34.361400000000003 	13.58983501
34.367100000000001 	13.587608039999999
34.372799999999998 	13.585381760000001
34.378500000000003 	13.583156150000001
34.3842 	13.580931209999999
34.389899999999997 	13.57870696
34.395600000000002 	13.576483380000001
34.401299999999999 	13.57426048
34.406999999999996 	13.572038259999999
34.412700000000001 	13.56981671
34.418399999999998 	13.567595839999999
34.424100000000003 	13.56537565
34.4298 	13.563156129999999
34.435499999999998 	13.56093729
34.441200000000002 	13.558719119999999
34.446899999999999 	13.55650163
34.452599999999997 	13.554284819999999
34.458300000000001 	13.552068670000001
34.463999999999999 	13.54985321
34.469700000000003 	13.54763842
34.4754 	13.545424300000001
34.481099999999998 	13.54321086
34.486800000000002 	13.54099809
34.4925 	13.538785989999999
34.498199999999997 	13.536574570000001
34.503900000000002 	13.534363819999999
34.509599999999999 	13.532153750000001
34.515300000000003 	13.52994434
34.521000000000001 	13.527735610000001
34.526699999999998 	13.52552756
34.532400000000003 	13.52332017
34.5381 	13.52111346
34.543799999999997 	13.51890742
34.549500000000002 	13.51670204
34.555199999999999 	13.514497349999999
34.560899999999997 	13.512293319999999
34.566600000000001 	13.51008996
34.572299999999998 	13.507887269999999
34.578000000000003 	13.50568526
34.5837 	13.50348391
34.589399999999998 	13.50128323
34.595100000000002 	13.49908323
34.6008 	13.496883889999999
34.606499999999997 	13.494685219999999
34.612200000000001 	13.492487219999999
34.617899999999999 	13.490289900000001
34.623600000000003 	13.48809323
34.629300000000001 	13.48589724
34.634999999999998 	13.48370192
34.640700000000002 	13.481507260000001
34.6464 	13.47931327
34.652099999999997 	13.477119950000001
34.657800000000002 	13.474927299999999
34.663499999999999 	13.472735309999999
34.669199999999996 	13.470543989999999
34.674900000000001 	13.46835334
34.680599999999998 	13.46616335
34.686300000000003 	13.463974029999999
34.692 	13.46178538
34.697699999999998 	13.459597390000001
34.703400000000002 	13.45741007
34.709099999999999 	13.45522341
34.714799999999997 	13.453037419999999
34.720500000000001 	13.45085209
34.726199999999999 	13.44866743
34.731900000000003 	13.446483430000001
34.7376 	13.4443001
34.743299999999998 	13.44211743
34.749000000000002 	13.439935419999999
34.7547 	13.437754079999999
34.760399999999997 	13.435573400000001
34.766100000000002 	13.43339338
34.771799999999999 	13.43121403
34.777500000000003 	13.42903534
34.783200000000001 	13.42685732
34.788899999999998 	13.42467995
34.794600000000003 	13.42250325
34.8003 	13.42032721
34.805999999999997 	13.418151829999999
34.811700000000002 	13.41597711
34.817399999999999 	13.413803059999999
34.823099999999997 	13.411629659999999
34.828800000000001 	13.409456929999999
34.834499999999998 	13.40728485
34.840200000000003 	13.405113439999999
34.8459 	13.40294269
34.851599999999998 	13.4007726
34.857300000000002 	13.39860316
34.863 	13.39643439
34.868699999999997 	13.39426628
34.874400000000001 	13.392098819999999
34.880099999999999 	13.389932030000001
34.885800000000003 	13.387765890000001
34.891500000000001 	13.38560041
34.897199999999998 	13.383435589999999
34.902900000000002 	13.38127143
34.9086 	13.379107919999999
34.914299999999997 	13.37694507
34.920000000000002 	13.37478288
34.925699999999999 	13.372621349999999
34.931399999999996 	13.37046048
34.937100000000001 	13.36830026
34.942799999999998 	13.366140700000001
34.948500000000003 	13.36398179
34.9542 	13.36182354
34.959899999999998 	13.35966595
34.965600000000002 	13.357509009999999
34.971299999999999 	13.355352720000001
34.976999999999997 	13.353197099999999
34.982700000000001 	13.35104213
34.988399999999999 	13.348887810000001
34.994100000000003 	13.346734140000001
34.9998 	13.344581140000001
35.005499999999998 	13.342428780000001
35.011200000000002 	13.34027708
35.0169 	13.33812603
35.022599999999997 	13.335975639999999
35.028300000000002 	13.333825900000001
35.033999999999999 	13.33167682
35.039700000000003 	13.329528379999999
35.045400000000001 	13.3273806
35.051099999999998 	13.325233470000001
35.056800000000003 	13.323086999999999
35.0625 	13.320941169999999
35.068199999999997 	13.318796000000001
35.073900000000002 	13.316651480000001
35.079599999999999 	13.31450761
35.085299999999997 	13.312364390000001
35.091000000000001 	13.310221820000001
35.096699999999998 	13.30807991
35.102400000000003 	13.305938640000001
35.1081 	13.303798029999999
35.113799999999998 	13.301658059999999
35.119500000000002 	13.29951874
35.1252 	13.29738008
35.130899999999997 	13.29524206
35.136600000000001 	13.293104700000001
35.142299999999999 	13.29096798
35.148000000000003 	13.288831910000001
35.153700000000001 	13.286696490000001
35.159399999999998 	13.284561719999999
35.165100000000002 	13.282427589999999
35.1708 	13.280294120000001
35.176499999999997 	13.27816129
35.182200000000002 	13.27602911
35.187899999999999 	13.273897570000001
35.193600000000004 	13.27176669
35.199300000000001 	13.26963645
35.204999999999998 	13.267506859999999
35.210700000000003 	13.26537791
35.2164 	13.263249610000001
35.222099999999998 	13.261121960000001
35.227800000000002 	13.25899495
35.233499999999999 	13.25686859
35.239199999999997 	13.254742869999999
35.244900000000001 	13.252617799999999
35.250599999999999 	13.250493369999999
35.256300000000003 	13.248369589999999
35.262 	13.24624646
35.267699999999998 	13.24412396
35.273400000000002 	13.24200212
35.2791 	13.23988091
35.284799999999997 	13.23776035
35.290500000000002 	13.23564043
35.296199999999999 	13.23352116
35.301900000000003 	13.23140253
35.307600000000001 	13.22928454
35.313299999999998 	13.2271672
35.319000000000003 	13.2250505
35.3247 	13.22293444
35.330399999999997 	13.22081902
35.336100000000002 	13.218704239999999
35.341799999999999 	13.21659011
35.347499999999997 	13.21447661
35.353200000000001 	13.212363760000001
35.358899999999998 	13.210251550000001
35.364600000000003 	13.20813998
35.3703 	13.20602905
35.375999999999998 	13.203918760000001
35.381700000000002 	13.201809109999999
35.3874 	13.199700099999999
35.393099999999997 	13.197591729999999
35.398800000000001 	13.195484
35.404499999999999 	13.19337691
35.410200000000003 	13.19127046
35.415900000000001 	13.18916465
35.421599999999998 	13.18705948
35.427300000000002 	13.184954940000001
35.433 	13.182851039999999
35.438699999999997 	13.180747780000001
35.444400000000002 	13.17864516
35.450099999999999 	13.176543179999999
35.455800000000004 	13.174441829999999
35.461500000000001 	13.17234113
35.467199999999998 	13.17024105
35.472900000000003 	13.16814162
35.4786 	13.166042819999999
35.484299999999998 	13.16394466
35.490000000000002 	13.16184713
35.495699999999999 	13.159750239999999
35.501399999999997 	13.15765399
35.507100000000001 	13.15555837
35.512799999999999 	13.153463390000001
35.518500000000003 	13.151369040000001
35.5242 	13.149275319999999
35.529899999999998 	13.14718225
35.535600000000002 	13.145089799999999
35.5413 	13.14299799
35.546999999999997 	13.14090682
35.552700000000002 	13.13881627
35.558399999999999 	13.13672637
35.564100000000003 	13.13463709
35.569800000000001 	13.13254845
35.575499999999998 	13.13046044
35.581200000000003 	13.12837307
35.5869 	13.12628632
35.592599999999997 	13.12420021
35.598300000000002 	13.12211473
35.603999999999999 	13.12002989
35.609699999999997 	13.117945669999999
35.615400000000001 	13.11586209
35.621099999999998 	13.11377914
35.626800000000003 	13.111696820000001
35.6325 	13.10961513
35.638199999999998 	13.10753407
35.643900000000002 	13.10545364
35.6496 	13.10337384
35.655299999999997 	13.10129467
35.661000000000001 	13.099216139999999
35.666699999999999 	13.097138230000001
35.672400000000003 	13.095060950000001
35.678100000000001 	13.092984299999999
35.683799999999998 	13.090908280000001
35.689500000000002 	13.088832890000001
35.6952 	13.086758120000001
35.700899999999997 	13.08468399
35.706600000000002 	13.08261048
35.712299999999999 	13.0805376
35.718000000000004 	13.07846535
35.723700000000001 	13.076393729999999
35.729399999999998 	13.074322739999999
35.735100000000003 	13.072252369999999
35.7408 	13.07018263
35.746499999999997 	13.06811351
35.752200000000002 	13.066045020000001
35.757899999999999 	13.06397716
35.763599999999997 	13.061909930000001
35.769300000000001 	13.059843320000001
35.774999999999999 	13.05777733
35.780700000000003 	13.055711970000001
35.7864 	13.05364724
35.792099999999998 	13.051583129999999
35.797800000000002 	13.049519650000001
35.8035 	13.04745679
35.809199999999997 	13.04539456
35.814900000000002 	13.04333295
35.820599999999999 	13.04127197
35.826300000000003 	13.0392116
35.832000000000001 	13.037151870000001
35.837699999999998 	13.03509275
35.843400000000003 	13.033034260000001
35.8491 	13.030976389999999
35.854799999999997 	13.02891915
35.860500000000002 	13.026862530000001
35.866199999999999 	13.024806529999999
35.871899999999997 	13.022751149999999
35.877600000000001 	13.020696389999999
35.883299999999998 	13.01864226
35.889000000000003 	13.01658875
35.8947 	13.014535860000001
35.900399999999998 	13.01248359
35.906100000000002 	13.01043194
35.911799999999999 	13.00838091
35.917499999999997 	13.006330500000001
35.923200000000001 	13.004280720000001
35.928899999999999 	13.002231549999999
35.934600000000003 	13.000183
35.940300000000001 	12.998135080000001
35.945999999999998 	12.996087770000001
35.951700000000002 	12.994041080000001
35.9574 	12.99199501
35.963099999999997 	12.989949559999999
35.968800000000002 	12.98790473
35.974499999999999 	12.985860519999999
35.980200000000004 	12.98381693
35.985900000000001 	12.981773949999999
35.991599999999998 	12.97973159
35.997300000000003 	12.977689850000001
36.003 	12.97564873
36.008699999999997 	12.973608219999999
36.014400000000002 	12.97156833
36.020099999999999 	12.969529059999999
36.025799999999997 	12.96749041
36.031500000000001 	12.96545237
36.037199999999999 	12.963414950000001
36.042900000000003 	12.961378140000001
36.0486 	12.959341950000001
36.054299999999998 	12.95730638
36.060000000000002 	12.955271420000001
36.0657 	12.95323707
36.071399999999997 	12.951203339999999
36.077100000000002 	12.94917023
36.082799999999999 	12.94713773
36.088500000000003 	12.945105849999999
36.094200000000001 	12.94307457
36.099899999999998 	12.94104392
36.105600000000003 	12.939013879999999
36.1113 	12.936984450000001
36.116999999999997 	12.934955629999999
36.122700000000002 	12.932927429999999
36.128399999999999 	12.93089984
36.134099999999997 	12.92887286
36.139800000000001 	12.9268465
36.145499999999998 	12.92482075
36.151200000000003 	12.92279561
36.1569 	12.92077108
36.162599999999998 	12.918747160000001
36.168300000000002 	12.916723859999999
36.173999999999999 	12.914701170000001
36.179699999999997 	12.912679089999999
36.185400000000001 	12.910657609999999
36.191099999999999 	12.908636749999999
36.196800000000003 	12.906616509999999
36.202500000000001 	12.904596870000001
36.208199999999998 	12.902577839999999
36.213900000000002 	12.90055942
36.2196 	12.898541610000001
36.225299999999997 	12.89652441
36.231000000000002 	12.894507819999999
36.236699999999999 	12.89249184
36.242400000000004 	12.890476469999999
36.248100000000001 	12.88846171
36.253799999999998 	12.88644755
36.259500000000003 	12.884434000000001
36.2652 	12.882421069999999
36.270899999999997 	12.88040874
36.276600000000002 	12.87839701
36.282299999999999 	12.876385900000001
36.287999999999997 	12.874375390000001
36.293700000000001 	12.87236549
36.299399999999999 	12.8703562
36.305100000000003 	12.86834751
36.3108 	12.86633943
36.316499999999998 	12.864331959999999
36.322200000000002 	12.862325090000001
36.3279 	12.860318830000001
36.333599999999997 	12.858313170000001
36.339300000000001 	12.85630812
36.344999999999999 	12.854303679999999
36.350700000000003 	12.85229983
36.356400000000001 	12.8502966
36.362099999999998 	12.84829397
36.367800000000003 	12.84629194
36.3735 	12.844290519999999
36.379199999999997 	12.8422897
36.384900000000002 	12.84028949
36.390599999999999 	12.83828988
36.396299999999997 	12.836290869999999
36.402000000000001 	12.834292469999999
36.407699999999998 	12.83229467
36.413400000000003 	12.83029747
36.4191 	12.82830088
36.424799999999998 	12.826304889999999
36.430500000000002 	12.8243095
36.436199999999999 	12.822314710000001
36.441899999999997 	12.820320519999999
36.447600000000001 	12.81832694
36.453299999999999 	12.81633396
36.459000000000003 	12.81434157
36.464700000000001 	12.812349790000001
36.470399999999998 	12.810358620000001
36.476100000000002 	12.80836804
36.4818 	12.80637806
36.487499999999997 	12.804388680000001
36.493200000000002 	12.802399899999999
36.498899999999999 	12.80041172
36.504600000000003 	12.798424150000001
36.510300000000001 	12.796437170000001
36.515999999999998 	12.794450790000001
36.521700000000003 	12.792465010000001
36.5274 	12.790479830000001
36.533099999999997 	12.78849524
36.538800000000002 	12.786511259999999
36.544499999999999 	12.78452787
36.550199999999997 	12.782545089999999
36.555900000000001 	12.7805629
36.561599999999999 	12.778581300000001
36.567300000000003 	12.776600309999999
36.573 	12.77461991
36.578699999999998 	12.772640109999999
36.584400000000002 	12.77066091
36.5901 	12.7686823
36.595799999999997 	12.76670429
36.601500000000001 	12.76472688
36.607199999999999 	12.76275006
36.612900000000003 	12.760773840000001
36.618600000000001 	12.75879821
36.624299999999998 	12.75682318
36.630000000000003 	12.75484874
36.6357 	12.7528749
36.641399999999997 	12.75090166
36.647100000000002 	12.748929009999999
36.652799999999999 	12.74695695
36.658499999999997 	12.744985489999999
36.664200000000001 	12.74301462
36.669899999999998 	12.741044349999999
36.675600000000003 	12.739074670000001
36.6813 	12.73710558
36.686999999999998 	12.73513709
36.692700000000002 	12.73316919
36.698399999999999 	12.73120188
36.704099999999997 	12.729235170000001
36.709800000000001 	12.727269039999999
36.715499999999999 	12.72530351
36.721200000000003 	12.72333858
36.726900000000001 	12.72137423
36.732599999999998 	12.719410480000001
36.738300000000002 	12.717447310000001
36.744 	12.715484740000001
36.749699999999997 	12.71352276
36.755400000000002 	12.71156137
36.761099999999999 	12.70960058
36.766800000000003 	12.70764037
36.772500000000001 	12.705680750000001
36.778199999999998 	12.703721720000001
36.783900000000003 	12.701763290000001
36.7896 	12.69980544
36.795299999999997 	12.697848179999999
36.801000000000002 	12.695891509999999
36.806699999999999 	12.69393543
36.812399999999997 	12.69197994
36.818100000000001 	12.69002504
36.823799999999999 	12.68807073
36.829500000000003 	12.686116999999999
36.8352 	12.684163870000001
36.840899999999998 	12.68221132
36.846600000000002 	12.680259360000001
36.8523 	12.67830798
36.857999999999997 	12.6763572
36.863700000000001 	12.674407
36.869399999999999 	12.67245739
36.875100000000003 	12.670508359999999
36.880800000000001 	12.668559930000001
36.886499999999998 	12.666612069999999
36.892200000000003 	12.66466481
36.8979 	12.66271813
36.903599999999997 	12.660772039999999
36.909300000000002 	12.658826530000001
36.914999999999999 	12.6568816
36.920699999999997 	12.65493727
36.926400000000001 	12.65299351
36.932099999999998 	12.65105035
36.937800000000003 	12.64910776
36.9435 	12.647165770000001
36.949199999999998 	12.645224349999999
36.954900000000002 	12.643283520000001
36.960599999999999 	12.641343279999999
36.966299999999997 	12.63940361
36.972000000000001 	12.637464530000001
36.977699999999999 	12.63552604
36.983400000000003 	12.63358813
36.989100000000001 	12.631650799999999
36.994799999999998 	12.62971405
37.000500000000002 	12.62777788
37.0062 	12.6258423
37.011899999999997 	12.623907300000001
37.017600000000002 	12.62197288
37.023299999999999 	12.620039050000001
37.029000000000003 	12.61810579
37.034700000000001 	12.616173119999999
37.040399999999998 	12.61424102
37.046100000000003 	12.612309509999999
37.0518 	12.610378580000001
37.057499999999997 	12.60844823
37.063200000000002 	12.60651846
37.068899999999999 	12.60458927
37.074599999999997 	12.60266066
37.080300000000001 	12.60073263
37.085999999999999 	12.598805179999999
37.091700000000003 	12.596878309999999
37.0974 	12.594952019999999
37.103099999999998 	12.5930263
37.108800000000002 	12.59110117
37.1145 	12.589176610000001
37.120199999999997 	12.587252640000001
37.125900000000001 	12.58532924
37.131599999999999 	12.583406419999999
37.137300000000003 	12.58148417
37.143000000000001 	12.579562510000001
37.148699999999998 	12.577641420000001
37.154400000000003 	12.575720909999999
37.1601 	12.57380098
37.165799999999997 	12.571881619999999
37.171500000000002 	12.569962840000001
37.177199999999999 	12.568044629999999
37.182899999999997 	12.566127010000001
37.188600000000001 	12.56420995
37.194299999999998 	12.562293479999999
37.200000000000003 	12.560377580000001
37.2057 	12.55846225
37.211399999999998 	12.55654751
37.217100000000002 	12.55463333
37.222799999999999 	12.55271973
37.228499999999997 	12.55080671
37.234200000000001 	12.548894260000001
37.239899999999999 	12.546982379999999
37.245600000000003 	12.54507108
37.251300000000001 	12.543160350000001
37.256999999999998 	12.5412502
37.262700000000002 	12.539340620000001
37.2684 	12.537431610000001
37.274099999999997 	12.53552318
37.279800000000002 	12.533615319999999
37.285499999999999 	12.531708030000001
37.291200000000003 	12.529801320000001
37.296900000000001 	12.52789518
37.302599999999998 	12.52598961
37.308300000000003 	12.524084609999999
37.314 	12.522180179999999
37.319699999999997 	12.52027633
37.325400000000002 	12.51837304
37.331099999999999 	12.516470330000001
37.336799999999997 	12.51456819
37.342500000000001 	12.512666619999999
37.348199999999999 	12.510765620000001
37.353900000000003 	12.50886519
37.3596 	12.50696533
37.365299999999998 	12.505066040000001
37.371000000000002 	12.50316733
37.3767 	12.50126918
37.382399999999997 	12.4993716
37.388100000000001 	12.497474589999999
37.393799999999999 	12.49557815
37.399500000000003 	12.493682270000001
37.405200000000001 	12.49178697
37.410899999999998 	12.48989224
37.416600000000003 	12.48799807
37.4223 	12.486104470000001
37.427999999999997 	12.484211439999999
37.433700000000002 	12.482318980000001
37.439399999999999 	12.480427089999999
37.445099999999996 	12.47853576
37.450800000000001 	12.476645
37.456499999999998 	12.47475481
37.462200000000003 	12.472865179999999
37.4679 	12.47097612
37.473599999999998 	12.469087630000001
37.479300000000002 	12.4671997
37.484999999999999 	12.465312340000001
37.490699999999997 	12.46342555
37.496400000000001 	12.46153932
37.502099999999999 	12.459653660000001
37.507800000000003 	12.45776856
37.513500000000001 	12.45588403
37.519199999999998 	12.45400006
37.524900000000002 	12.45211666
37.5306 	12.450233819999999
37.536299999999997 	12.448351540000001
37.542000000000002 	12.446469840000001
37.547699999999999 	12.44458869
37.553400000000003 	12.44270811
37.559100000000001 	12.44082809
37.564799999999998 	12.438948630000001
37.570500000000003 	12.43706974
37.5762 	12.43519141
37.581899999999997 	12.433313650000001
37.587600000000002 	12.43143645
37.593299999999999 	12.429559810000001
37.598999999999997 	12.42768373
37.604700000000001 	12.42580821
37.610399999999998 	12.42393326
37.616100000000003 	12.422058870000001
37.6218 	12.420185030000001
37.627499999999998 	12.418311770000001
37.633200000000002 	12.41643906
37.6389 	12.41456691
37.644599999999997 	12.412695319999999
37.650300000000001 	12.4108243
37.655999999999999 	12.40895383
37.661700000000003 	12.407083930000001
37.667400000000001 	12.405214580000001
37.673099999999998 	12.4033458
37.678800000000003 	12.401477570000001
37.6845 	12.3996099
37.690199999999997 	12.3977428
37.695900000000002 	12.395876250000001
37.701599999999999 	12.39401026
37.707299999999996 	12.392144829999999
37.713000000000001 	12.390279960000001
37.718699999999998 	12.388415650000001
37.724400000000003 	12.38655189
37.7301 	12.384688690000001
37.735799999999998 	12.38282605
37.741500000000002 	12.38096397
37.747199999999999 	12.37910245
37.752899999999997 	12.37724148
37.758600000000001 	12.37538107
37.764299999999999 	12.373521220000001
37.770000000000003 	12.371661919999999
37.775700000000001 	12.36980318
37.781399999999998 	12.367945000000001
37.787100000000002 	12.366087370000001
37.7928 	12.364230299999999
37.798499999999997 	12.36237378
37.804200000000002 	12.36051782
37.809899999999999 	12.358662410000001
37.815600000000003 	12.35680756
37.821300000000001 	12.354953269999999
37.826999999999998 	12.35309953
37.832700000000003 	12.351246339999999
37.8384 	12.349393709999999
37.844099999999997 	12.34754163
37.849800000000002 	12.34569011
37.855499999999999 	12.34383914
37.861199999999997 	12.341988730000001
37.866900000000001 	12.34013886
37.872599999999998 	12.338289550000001
37.878300000000003 	12.3364408
37.884 	12.334592600000001
37.889699999999998 	12.33274494
37.895400000000002 	12.330897849999999
37.9011 	12.3290513
37.906799999999997 	12.32720531
37.912500000000001 	12.32535987
37.918199999999999 	12.323514980000001
37.923900000000003 	12.321670640000001
37.929600000000001 	12.31982685
37.935299999999998 	12.31798362
37.941000000000003 	12.31614093
37.9467 	12.3142988
37.952399999999997 	12.312457220000001
37.958100000000002 	12.310616189999999
37.963799999999999 	12.3087757
37.969499999999996 	12.306935770000001
37.975200000000001 	12.305096389999999
37.980899999999998 	12.30325756
37.986600000000003 	12.301419279999999
37.9923 	12.29958154
37.997999999999998 	12.297744359999999
38.003700000000002 	12.295907720000001
38.009399999999999 	12.29407164
38.015099999999997 	12.2922361
38.020800000000001 	12.290401109999999
38.026499999999999 	12.28856667
38.032200000000003 	12.286732779999999
38.0379 	12.284899429999999
38.043599999999998 	12.283066639999999
38.049300000000002 	12.28123439
38.055 	12.27940269
38.060699999999997 	12.277571529999999
38.066400000000002 	12.275740920000001
38.072099999999999 	12.273910860000001
38.077800000000003 	12.272081350000001
38.083500000000001 	12.270252380000001
38.089199999999998 	12.26842396
38.094900000000003 	12.266596079999999
38.1006 	12.26476875
38.106299999999997 	12.26294197
38.112000000000002 	12.26111573
38.117699999999999 	12.259290030000001
38.123399999999997 	12.257464880000001
38.129100000000001 	12.25564028
38.134799999999998 	12.253816219999999
38.140500000000003 	12.25199271
38.1462 	12.25016974
38.151899999999998 	12.24834731
38.157600000000002 	12.24652543
38.1633 	12.244704090000001
38.168999999999997 	12.242883300000001
38.174700000000001 	12.241063049999999
38.180399999999999 	12.23924334
38.186100000000003 	12.23742418
38.191800000000001 	12.235605550000001
38.197499999999998 	12.23378748
38.203200000000002 	12.231969940000001
38.2089 	12.230152950000001
38.214599999999997 	12.22833649
38.220300000000002 	12.226520580000001
38.225999999999999 	12.224705220000001
38.231699999999996 	12.22289039
38.237400000000001 	12.22107611
38.243099999999998 	12.21926236
38.248800000000003 	12.217449159999999
38.2545 	12.2156365
38.260199999999998 	12.21382438
38.265900000000002 	12.2120128
38.271599999999999 	12.21020176
38.277299999999997 	12.208391260000001
38.283000000000001 	12.2065813
38.288699999999999 	12.204771879999999
38.294400000000003 	12.202963
38.3001 	12.20115466
38.305799999999998 	12.19934686
38.311500000000002 	12.19753959
38.3172 	12.195732870000001
38.322899999999997 	12.19392669
38.328600000000002 	12.19212104
38.334299999999999 	12.190315930000001
38.340000000000003 	12.18851136
38.345700000000001 	12.186707330000001
38.351399999999998 	12.18490384
38.357100000000003 	12.18310088
38.3628 	12.181298460000001
38.368499999999997 	12.17949658
38.374200000000002 	12.177695229999999
38.379899999999999 	12.17589443
38.385599999999997 	12.174094159999999
38.391300000000001 	12.17229442
38.396999999999998 	12.170495219999999
38.402700000000003 	12.168696560000001
38.4084 	12.16689843
38.414099999999998 	12.165100839999999
38.419800000000002 	12.163303790000001
38.4255 	12.16150727
38.431199999999997 	12.159711290000001
38.436900000000001 	12.157915839999999
38.442599999999999 	12.156120919999999
38.448300000000003 	12.15432655
38.454000000000001 	12.1525327
38.459699999999998 	12.15073939
38.465400000000002 	12.148946609999999
38.4711 	12.147154370000001
38.476799999999997 	12.14536266
38.482500000000002 	12.143571489999999
38.488199999999999 	12.14178085
38.493899999999996 	12.13999074
38.499600000000001 	12.13820117
38.505299999999998 	12.136412119999999
38.511000000000003 	12.13462361
38.5167 	12.13283564
38.522399999999998 	12.13104819
38.528100000000002 	12.12926128
38.533799999999999 	12.127474899999999
38.539499999999997 	12.12568905
38.545200000000001 	12.123903739999999
38.550899999999999 	12.122118950000001
38.556600000000003 	12.120334700000001
38.5623 	12.118550969999999
38.567999999999998 	12.11676778
38.573700000000002 	12.11498512
38.5794 	12.11320299
38.585099999999997 	12.11142139
38.590800000000002 	12.10964032
38.596499999999999 	12.10785978
38.602200000000003 	12.106079769999999
38.607900000000001 	12.104300289999999
38.613599999999998 	12.102521339999999
38.619300000000003 	12.10074292
38.625 	12.09896503
38.630699999999997 	12.097187659999999
38.636400000000002 	12.095410830000001
38.642099999999999 	12.09363452
38.647799999999997 	12.091858739999999
38.653500000000001 	12.09008349
38.659199999999998 	12.088308769999999
38.664900000000003 	12.08653458
38.6706 	12.08476091
38.676299999999998 	12.08298778
38.682000000000002 	12.081215159999999
38.6877 	12.079443080000001
38.693399999999997 	12.077671520000001
38.699100000000001 	12.07590049
38.704799999999999 	12.074129989999999
38.710500000000003 	12.072360010000001
38.716200000000001 	12.070590559999999
38.721899999999998 	12.068821639999999
38.727600000000002 	12.06705324
38.7333 	12.06528537
38.738999999999997 	12.06351802
38.744700000000002 	12.0617512
38.750399999999999 	12.0599849
38.756100000000004 	12.058219129999999
38.761800000000001 	12.056453879999999
38.767499999999998 	12.054689160000001
38.773200000000003 	12.05292496
38.7789 	12.05116129
38.784599999999998 	12.049398139999999
38.790300000000002 	12.047635509999999
38.795999999999999 	12.04587341
38.801699999999997 	12.044111839999999
38.807400000000001 	12.04235078
38.813099999999999 	12.040590249999999
38.818800000000003 	12.038830239999999
38.8245 	12.037070760000001
38.830199999999998 	12.03531179
38.835900000000002 	12.03355335
38.8416 	12.03179544
38.847299999999997 	12.030038040000001
38.853000000000002 	12.02828117
38.858699999999999 	12.026524820000001
38.864400000000003 	12.02476899
38.870100000000001 	12.02301368
38.875799999999998 	12.02125889
38.881500000000003 	12.019504619999999
38.8872 	12.017750879999999
38.892899999999997 	12.015997649999999
38.898600000000002 	12.01424495
38.904299999999999 	12.01249277
38.909999999999997 	12.010741100000001
38.915700000000001 	12.008989959999999
38.921399999999998 	12.00723934
38.927100000000003 	12.00548923
38.9328 	12.00373965
38.938499999999998 	12.00199059
38.944200000000002 	12.00024204
38.9499 	11.99849401
38.955599999999997 	11.996746509999999
38.961300000000001 	11.99499952
38.966999999999999 	11.99325305
38.972700000000003 	11.991507090000001
38.978400000000001 	11.989761659999999
38.984099999999998 	11.988016740000001
38.989800000000002 	11.98627235
38.9955 	11.984528470000001
39.001199999999997 	11.982785099999999
39.006900000000002 	11.981042260000001
39.012599999999999 	11.97929993
39.018300000000004 	11.977558119999999
39.024000000000001 	11.97581682
39.029699999999998 	11.97407604
39.035400000000003 	11.97233578
39.0411 	11.970596029999999
39.046799999999998 	11.968856799999999
39.052500000000002 	11.96711809
39.058199999999999 	11.965379889999999
39.063899999999997 	11.96364221
39.069600000000001 	11.96190504
39.075299999999999 	11.96016839
39.081000000000003 	11.95843225
39.0867 	11.95669663
39.092399999999998 	11.954961519999999
39.098100000000002 	11.953226920000001
39.1038 	11.95149284
39.109499999999997 	11.94975928
39.115200000000002 	11.94802623
39.120899999999999 	11.946293689999999
39.126600000000003 	11.94456166
39.132300000000001 	11.942830150000001
39.137999999999998 	11.94109916
39.143700000000003 	11.93936867
39.1494 	11.937638700000001
39.155099999999997 	11.935909240000001
39.160800000000002 	11.93418029
39.166499999999999 	11.93245186
39.172199999999997 	11.93072394
39.177900000000001 	11.928996529999999
39.183599999999998 	11.92726963
39.189300000000003 	11.92554324
39.195 	11.92381737
39.200699999999998 	11.92209201
39.206400000000002 	11.920367150000001
39.2121 	11.91864281
39.217799999999997 	11.91691898
39.223500000000001 	11.91519566
39.229199999999999 	11.91347285
39.234900000000003 	11.911750550000001
39.240600000000001 	11.910028759999999
39.246299999999998 	11.90830748
39.252000000000002 	11.906586709999999
39.2577 	11.90486645
39.263399999999997 	11.903146700000001
39.269100000000002 	11.901427460000001
39.274799999999999 	11.89970873
39.280500000000004 	11.89799051
39.286200000000001 	11.896272789999999
39.291899999999998 	11.89455558
39.297600000000003 	11.89283889
39.3033 	11.8911227
39.308999999999997 	11.88940702
39.314700000000002 	11.88769184
39.320399999999999 	11.885977179999999
39.326099999999997 	11.884263020000001
39.331800000000001 	11.88254937
39.337499999999999 	11.880836220000001
39.343200000000003 	11.87912358
39.3489 	11.87741145
39.354599999999998 	11.87569983
39.360300000000002 	11.873988710000001
39.366 	11.872278100000001
39.371699999999997 	11.870568
39.377400000000002 	11.868858400000001
39.383099999999999 	11.86714931
39.388800000000003 	11.86544072
39.394500000000001 	11.86373264
39.400199999999998 	11.862025060000001
39.405900000000003 	11.86031799
39.4116 	11.858611420000001
39.417299999999997 	11.856905360000001
39.423000000000002 	11.855199799999999
39.428699999999999 	11.853494749999999
39.434399999999997 	11.8517902
39.440100000000001 	11.85008616
39.445799999999998 	11.848382620000001
39.451500000000003 	11.84667958
39.4572 	11.844977050000001
39.462899999999998 	11.84327502
39.468600000000002 	11.84157349
39.474299999999999 	11.83987247
39.479999999999997 	11.838171940000001
39.485700000000001 	11.83647193
39.491399999999999 	11.834772409999999
39.497100000000003 	11.8330734
39.502800000000001 	11.831374889999999
39.508499999999998 	11.829676879999999
39.514200000000002 	11.82797937
39.5199 	11.82628236
39.525599999999997 	11.824585859999999
39.531300000000002 	11.82288986
39.536999999999999 	11.82119436
39.542700000000004 	11.81949936
39.548400000000001 	11.817804860000001
39.554099999999998 	11.81611086
39.559800000000003 	11.81441736
39.5655 	11.812724360000001
39.571199999999997 	11.81103186
39.576900000000002 	11.80933986
39.582599999999999 	11.807648370000001
39.588299999999997 	11.80595737
39.594000000000001 	11.804266869999999
39.599699999999999 	11.802576869999999
39.605400000000003 	11.80088737
39.6111 	11.79919836
39.616799999999998 	11.79750986
39.622500000000002 	11.79582186
39.6282 	11.79413435
39.633899999999997 	11.792447340000001
39.639600000000002 	11.79076083
39.645299999999999 	11.78907482
39.651000000000003 	11.78738931
39.656700000000001 	11.78570429
39.662399999999998 	11.78401977
39.668100000000003 	11.78233575
39.6738 	11.780652229999999
39.679499999999997 	11.778969200000001
39.685200000000002 	11.777286670000001
39.690899999999999 	11.77560463
39.696599999999997 	11.773923099999999
39.702300000000001 	11.772242049999999
39.707999999999998 	11.77056151
39.713700000000003 	11.768881459999999
39.7194 	11.7672019
39.725099999999998 	11.76552285
39.730800000000002 	11.763844280000001
39.736499999999999 	11.762166219999999
39.742199999999997 	11.76048864
39.747900000000001 	11.75881156
39.753599999999999 	11.75713498
39.759300000000003 	11.75545889
39.765000000000001 	11.7537833
39.770699999999998 	11.7521082
39.776400000000002 	11.75043359
39.7821 	11.74875948
39.787799999999997 	11.74708586
39.793500000000002 	11.745412740000001
39.799199999999999 	11.743740109999999
39.804900000000004 	11.742067970000001
39.810600000000001 	11.74039632
39.816299999999998 	11.73872517
39.822000000000003 	11.73705451
39.8277 	11.73538435
39.833399999999997 	11.733714669999999
39.839100000000002 	11.732045490000001
39.844799999999999 	11.7303768
39.850499999999997 	11.728708599999999
39.856200000000001 	11.72704089
39.861899999999999 	11.725373680000001
39.867600000000003 	11.723706959999999
39.8733 	11.722040720000001
39.878999999999998 	11.720374980000001
39.884700000000002 	11.71870973
39.8904 	11.71704497
39.896099999999997 	11.715380700000001
39.901800000000001 	11.71371692
39.907499999999999 	11.71205363
39.913200000000003 	11.710390840000001
39.918900000000001 	11.70872853
39.924599999999998 	11.707066709999999
39.930300000000003 	11.70540538
39.936 	11.703744540000001
39.941699999999997 	11.702084190000001
39.947400000000002 	11.70042432
39.953099999999999 	11.698764949999999
39.958799999999997 	11.69710607
39.964500000000001 	11.69544767
39.970199999999998 	11.69378976
39.975900000000003 	11.692132340000001
39.9816 	11.690475409999999
39.987299999999998 	11.68881897
39.993000000000002 	11.687163010000001
39.998699999999999 	11.685507550000001
40.004399999999997 	11.683852570000001
40.010100000000001 	11.68219807
40.015799999999999 	11.68054407
40.021500000000003 	11.67889055
40.027200000000001 	11.677237509999999
40.032899999999998 	11.675584969999999
40.038600000000002 	11.67393291
40.0443 	11.672281330000001
40.049999999999997 	11.67063025
40.055700000000002 	11.66897964
40.061399999999999 	11.66732953
40.067100000000003 	11.665679900000001
40.072800000000001 	11.66403075
40.078499999999998 	11.662382089999999
40.084200000000003 	11.66073392
40.0899 	11.65908623
40.095599999999997 	11.65743902
40.101300000000002 	11.6557923
40.106999999999999 	11.654146069999999
40.112699999999997 	11.652500310000001
40.118400000000001 	11.650855050000001
40.124099999999999 	11.64921026
40.129800000000003 	11.64756596
40.1355 	11.64592214
40.141199999999998 	11.644278809999999
40.146900000000002 	11.64263596
40.1526 	11.640993590000001
40.158299999999997 	11.63935171
40.164000000000001 	11.637710309999999
40.169699999999999 	11.636069389999999
40.175400000000003 	11.63442895
40.181100000000001 	11.632789000000001
40.186799999999998 	11.63114953
40.192500000000003 	11.62951054
40.1982 	11.627872030000001
40.203899999999997 	11.626234
40.209600000000002 	11.624596459999999
40.215299999999999 	11.62295939
40.220999999999997 	11.621322810000001
40.226700000000001 	11.61968671
40.232399999999998 	11.61805109
40.238100000000003 	11.61641595
40.2438 	11.61478129
40.249499999999998 	11.61314711
40.255200000000002 	11.611513410000001
40.260899999999999 	11.60988019
40.266599999999997 	11.60824745
40.272300000000001 	11.606615189999999
40.277999999999999 	11.604983410000001
40.283700000000003 	11.603352109999999
40.289400000000001 	11.60172129
40.295099999999998 	11.600090939999999
40.300800000000002 	11.59846108
40.3065 	11.59683169
40.312199999999997 	11.59520279
40.317900000000002 	11.59357436
40.323599999999999 	11.59194641
40.329300000000003 	11.59031893
40.335000000000001 	11.58869194
40.340699999999998 	11.58706542
40.346400000000003 	11.58543938
40.3521 	11.58381382
40.357799999999997 	11.58218873
40.363500000000002 	11.580564130000001
40.369199999999999 	11.57893999
40.374899999999997 	11.577316339999999
40.380600000000001 	11.57569316
40.386299999999999 	11.57407046
40.392000000000003 	11.57244824
40.3977 	11.57082649
40.403399999999998 	11.56920521
40.409100000000002 	11.567584419999999
40.4148 	11.56596409
40.420499999999997 	11.56434425
40.426200000000001 	11.562724879999999
40.431899999999999 	11.561105980000001
40.437600000000003 	11.559487560000001
40.443300000000001 	11.557869609999999
40.448999999999998 	11.55625214
40.454700000000003 	11.55463514
40.4604 	11.55301862
40.466099999999997 	11.55140257
40.471800000000002 	11.549786989999999
40.477499999999999 	11.548171890000001
40.483199999999997 	11.546557269999999
40.488900000000001 	11.54494311
40.494599999999998 	11.54332943
40.500300000000003 	11.54171622
40.506 	11.54010349
40.511699999999998 	11.53849123
40.517400000000002 	11.53687944
40.523099999999999 	11.53526812
40.528799999999997 	11.533657270000001
40.534500000000001 	11.532046899999999
40.540199999999999 	11.530436999999999
40.545900000000003 	11.528827570000001
40.551600000000001 	11.527218619999999
40.557299999999998 	11.52561013
40.563000000000002 	11.52400212
40.5687 	11.52239458
40.574399999999997 	11.520787500000001
40.580100000000002 	11.5191809
40.585799999999999 	11.51757477
40.591500000000003 	11.51596911
40.597200000000001 	11.51436393
40.602899999999998 	11.51275921
40.608600000000003 	11.511154960000001
40.6143 	11.509551180000001
40.619999999999997 	11.507947870000001
40.625700000000002 	11.50634503
40.631399999999999 	11.50474266
40.637099999999997 	11.503140760000001
40.642800000000001 	11.50153933
40.648499999999999 	11.499938370000001
40.654200000000003 	11.49833787
40.6599 	11.496737850000001
40.665599999999998 	11.49513829
40.671300000000002 	11.49353921
40.677 	11.49194059
40.682699999999997 	11.49034243
40.688400000000001 	11.48874475
40.694099999999999 	11.48714753
40.699800000000003 	11.48555079
40.705500000000001 	11.483954499999999
40.711199999999998 	11.48235869
40.716900000000003 	11.480763339999999
40.7226 	11.47916846
40.728299999999997 	11.477574049999999
40.734000000000002 	11.475980099999999
40.739699999999999 	11.474386620000001
40.745399999999997 	11.47279361
40.751100000000001 	11.47120106
40.756799999999998 	11.46960898
40.762500000000003 	11.468017359999999
40.7682 	11.46642621
40.773899999999998 	11.46483553
40.779600000000002 	11.46324531
40.785299999999999 	11.46165555
40.790999999999997 	11.46006626
40.796700000000001 	11.458477439999999
40.802399999999999 	11.45688908
40.808100000000003 	11.455301179999999
40.813800000000001 	11.45371375
40.819499999999998 	11.45212678
40.825200000000002 	11.45054028
40.8309 	11.448954240000001
40.836599999999997 	11.447368669999999
40.842300000000002 	11.44578355
40.847999999999999 	11.444198910000001
40.853700000000003 	11.44261472
40.859400000000001 	11.441031000000001
40.865099999999998 	11.43944774
40.870800000000003 	11.437864940000001
40.8765 	11.436282609999999
40.882199999999997 	11.43470074
40.887900000000002 	11.43311933
40.893599999999999 	11.431538379999999
40.899299999999997 	11.4299579
40.905000000000001 	11.428377879999999
40.910699999999999 	11.42679832
40.916400000000003 	11.425219220000001
40.9221 	11.423640580000001
40.927799999999998 	11.4220624
40.933500000000002 	11.420484679999999
40.9392 	11.418907430000001
40.944899999999997 	11.41733063
40.950600000000001 	11.4157543
40.956299999999999 	11.41417843
40.962000000000003 	11.41260301
40.967700000000001 	11.41102806
40.973399999999998 	11.40945357
40.979100000000003 	11.40787954
40.9848 	11.406305959999999
40.990499999999997 	11.40473285
40.996200000000002 	11.403160189999999
41.001899999999999 	11.401588
41.007599999999996 	11.400016259999999
41.013300000000001 	11.398444980000001
41.018999999999998 	11.396874159999999
41.024700000000003 	11.395303800000001
41.0304 	11.393733900000001
41.036099999999998 	11.39216446
41.041800000000002 	11.390595469999999
41.047499999999999 	11.389026940000001
41.053199999999997 	11.38745887
41.058900000000001 	11.385891259999999
41.064599999999999 	11.38432411
41.070300000000003 	11.38275741
41.076000000000001 	11.381191169999999
41.081699999999998 	11.379625389999999
41.087400000000002 	11.378060059999999
41.0931 	11.37649519
41.098799999999997 	11.374930770000001
41.104500000000002 	11.373366819999999
41.110199999999999 	11.37180332
41.115900000000003 	11.37024027
41.121600000000001 	11.368677679999999
41.127299999999998 	11.367115549999999
41.133000000000003 	11.365553869999999
41.1387 	11.36399265
41.144399999999997 	11.362431880000001
41.150100000000002 	11.36087157
41.155799999999999 	11.35931171
41.161499999999997 	11.35775231
41.167200000000001 	11.356193360000001
41.172899999999998 	11.35463487
41.178600000000003 	11.353076829999999
41.1843 	11.351519250000001
41.189999999999998 	11.349962120000001
41.195700000000002 	11.348405440000001
41.2014 	11.346849219999999
41.207099999999997 	11.34529345
41.212800000000001 	11.34373813
41.218499999999999 	11.34218327
41.224200000000003 	11.340628860000001
41.229900000000001 	11.339074910000001
41.235599999999998 	11.3375214
41.241300000000003 	11.33596835
41.247 	11.33441575
41.252699999999997 	11.33286361
41.258400000000002 	11.33131191
41.264099999999999 	11.329760670000001
41.269799999999996 	11.328209879999999
41.275500000000001 	11.32665954
41.281199999999998 	11.325109660000001
41.286900000000003 	11.323560219999999
41.2926 	11.32201124
41.298299999999998 	11.3204627
41.304000000000002 	11.318914619999999
41.309699999999999 	11.31736699
41.315399999999997 	11.315819810000001
41.321100000000001 	11.31427308
41.326799999999999 	11.3127268
41.332500000000003 	11.311180970000001
41.338200000000001 	11.309635589999999
41.343899999999998 	11.30809066
41.349600000000002 	11.30654618
41.3553 	11.30500215
41.360999999999997 	11.30345857
41.366700000000002 	11.30191544
41.372399999999999 	11.30037276
41.378100000000003 	11.298830519999999
41.383800000000001 	11.297288740000001
41.389499999999998 	11.2957474
41.395200000000003 	11.29420651
41.4009 	11.292666069999999
41.406599999999997 	11.29112608
41.412300000000002 	11.28958654
41.417999999999999 	11.288047450000001
41.423699999999997 	11.2865088
41.429400000000001 	11.284970599999999
41.435099999999998 	11.283432850000001
41.440800000000003 	11.281895540000001
41.4465 	11.280358680000001
41.452199999999998 	11.278822269999999
41.457900000000002 	11.277286309999999
41.4636 	11.27575079
41.469299999999997 	11.274215720000001
41.475000000000001 	11.272681090000001
41.480699999999999 	11.27114692
41.486400000000003 	11.26961318
41.492100000000001 	11.2680799
41.497799999999998 	11.266547060000001
41.503500000000003 	11.26501466
41.5092 	11.26348271
41.514899999999997 	11.261951209999999
41.520600000000002 	11.26042015
41.526299999999999 	11.258889529999999
41.531999999999996 	11.257359360000001
41.537700000000001 	11.25582964
41.543399999999998 	11.25430036
41.549100000000003 	11.25277152
41.5548 	11.251243130000001
41.560499999999998 	11.249715180000001
41.566200000000002 	11.248187679999999
41.571899999999999 	11.24666062
41.577599999999997 	11.245134
41.583300000000001 	11.24360783
41.588999999999999 	11.242082099999999
41.594700000000003 	11.24055682
41.6004 	11.239031969999999
41.606099999999998 	11.23750757
41.611800000000002 	11.235983620000001
41.6175 	11.2344601
41.623199999999997 	11.23293703
41.628900000000002 	11.2314144
41.634599999999999 	11.229892209999999
41.640300000000003 	11.228370460000001
41.646000000000001 	11.22684916
41.651699999999998 	11.225328299999999
41.657400000000003 	11.223807880000001
41.6631 	11.2222879
41.668799999999997 	11.220768359999999
41.674500000000002 	11.21924926
41.680199999999999 	11.217730599999999
41.685899999999997 	11.216212390000001
41.691600000000001 	11.21469461
41.697299999999998 	11.21317728
41.703000000000003 	11.21166038
41.7087 	11.210143929999999
41.714399999999998 	11.20862792
41.720100000000002 	11.20711234
41.7258 	11.205597210000001
41.731499999999997 	11.204082509999999
41.737200000000001 	11.20256826
41.742899999999999 	11.20105444
41.748600000000003 	11.19954106
41.754300000000001 	11.198028130000001
41.759999999999998 	11.19651563
41.765700000000002 	11.195003570000001
41.7714 	11.193491939999999
41.777099999999997 	11.19198076
41.782800000000002 	11.19047001
41.788499999999999 	11.188959710000001
41.794199999999996 	11.187449839999999
41.799900000000001 	11.185940410000001
41.805599999999998 	11.18443141
41.811300000000003 	11.182922850000001
41.817 	11.18141473
41.822699999999998 	11.179907050000001
41.828400000000002 	11.17839981
41.834099999999999 	11.176893
41.839799999999997 	11.17538663
41.845500000000001 	11.173880690000001
41.851199999999999 	11.17237519
41.856900000000003 	11.170870130000001
41.8626 	11.16936551
41.868299999999998 	11.16786132
41.874000000000002 	11.16635756
41.8797 	11.16485424
41.885399999999997 	11.16335136
41.891100000000002 	11.16184891
41.896799999999999 	11.1603469
41.902500000000003 	11.158845319999999
41.908200000000001 	11.157344180000001
41.913899999999998 	11.155843470000001
41.919600000000003 	11.1543432
41.9253 	11.15284336
41.930999999999997 	11.15134396
41.936700000000002 	11.14984499
41.942399999999999 	11.14834645
41.948099999999997 	11.146848350000001
41.953800000000001 	11.14535068
41.959499999999998 	11.14385345
41.965200000000003 	11.14235665
41.9709 	11.14086028
41.976599999999998 	11.13936434
41.982300000000002 	11.137868839999999
41.988 	11.136373770000001
41.993699999999997 	11.134879140000001
41.999400000000001 	11.133384939999999
42.005099999999999 	11.13189116
42.010800000000003 	11.13039783
42.016500000000001 	11.12890492
42.022199999999998 	11.127412440000001
42.027900000000002 	11.1259204
42.0336 	11.12442879
42.039299999999997 	11.122937609999999
42.045000000000002 	11.121446860000001
42.050699999999999 	11.119956549999999
42.056399999999996 	11.118466659999999
42.062100000000001 	11.11697721
42.067799999999998 	11.11548818
42.073500000000003 	11.113999590000001
42.0792 	11.11251143
42.084899999999998 	11.111023700000001
42.090600000000002 	11.109536390000001
42.096299999999999 	11.10804952
42.101999999999997 	11.106563080000001
42.107700000000001 	11.10507707
42.113399999999999 	11.103591489999999
42.119100000000003 	11.10210633
42.1248 	11.100621609999999
42.130499999999998 	11.09913731
42.136200000000002 	11.097653449999999
42.1419 	11.09617001
42.147599999999997 	11.094687
42.153300000000002 	11.09320443
42.158999999999999 	11.091722280000001
42.164700000000003 	11.090240550000001
42.170400000000001 	11.08875926
42.176099999999998 	11.08727839
42.181800000000003 	11.08579795
42.1875 	11.08431794
42.193199999999997 	11.08283836
42.198900000000002 	11.08135921
42.204599999999999 	11.07988048
42.210299999999997 	11.078402179999999
42.216000000000001 	11.0769243
42.221699999999998 	11.07544686
42.227400000000003 	11.07396984
42.2331 	11.07249324
42.238799999999998 	11.071017080000001
42.244500000000002 	11.06954133
42.2502 	11.06806602
42.255899999999997 	11.066591130000001
42.261600000000001 	11.06511667
42.267299999999999 	11.06364263
42.273000000000003 	11.062169020000001
42.278700000000001 	11.06069583
42.284399999999998 	11.05922307
42.290100000000002 	11.057750739999999
42.2958 	11.05627883
42.301499999999997 	11.05480734
42.307200000000002 	11.05333628
42.312899999999999 	11.051865640000001
42.318600000000004 	11.05039543
42.324300000000001 	11.04892564
42.329999999999998 	11.04745628
42.335700000000003 	11.04598734
42.3414 	11.04451882
42.347099999999998 	11.043050729999999
42.352800000000002 	11.041583060000001
42.358499999999999 	11.04011581
42.364199999999997 	11.03864899
42.369900000000001 	11.03718259
42.375599999999999 	11.035716620000001
42.381300000000003 	11.034251060000001
42.387 	11.032785929999999
42.392699999999998 	11.031321220000001
42.398400000000002 	11.02985694
42.4041 	11.02839307
42.409799999999997 	11.02692963
42.415500000000002 	11.025466610000001
42.421199999999999 	11.02400402
42.426900000000003 	11.022541840000001
42.432600000000001 	11.02108009
42.438299999999998 	11.019618749999999
42.444000000000003 	11.018157840000001
42.4497 	11.016697349999999
42.455399999999997 	11.015237279999999
42.461100000000002 	11.01377763
42.466799999999999 	11.0123184
42.472499999999997 	11.010859590000001
42.478200000000001 	11.00940121
42.483899999999998 	11.007943239999999
42.489600000000003 	11.00648569
42.4953 	11.00502857
42.500999999999998 	11.003571859999999
42.506700000000002 	11.002115570000001
42.5124 	11.0006597
42.518099999999997 	10.99920425
42.523800000000001 	10.997749219999999
42.529499999999999 	10.99629461
42.535200000000003 	10.994840419999999
42.540900000000001 	10.99338665
42.546599999999998 	10.991933299999999
42.552300000000002 	10.990480359999999
42.558 	10.98902784
42.563699999999997 	10.98757574
42.569400000000002 	10.98612406
42.575099999999999 	10.9846728
42.580800000000004 	10.983221950000001
42.586500000000001 	10.98177153
42.592199999999998 	10.98032152
42.597900000000003 	10.97887193
42.6036 	10.977422750000001
42.609299999999998 	10.97597399
42.615000000000002 	10.97452565
42.620699999999999 	10.97307773
42.626399999999997 	10.97163022
42.632100000000001 	10.970183130000001
42.637799999999999 	10.96873645
42.643500000000003 	10.96729019
42.6492 	10.965844349999999
42.654899999999998 	10.96439893
42.660600000000002 	10.96295391
42.6663 	10.961509319999999
42.671999999999997 	10.960065139999999
42.677700000000002 	10.95862138
42.683399999999999 	10.95717803
42.689100000000003 	10.955735089999999
42.694800000000001 	10.95429257
42.700499999999998 	10.95285047
42.706200000000003 	10.95140878
42.7119 	10.94996751
42.717599999999997 	10.94852665
42.723300000000002 	10.947086199999999
42.728999999999999 	10.94564617
42.734699999999997 	10.944206550000001
42.740400000000001 	10.94276735
42.746099999999998 	10.941328560000001
42.751800000000003 	10.939890180000001
42.7575 	10.93845222
42.763199999999998 	10.93701467
42.768900000000002 	10.93557753
42.7746 	10.934140810000001
42.780299999999997 	10.9327045
42.786000000000001 	10.931268599999999
42.791699999999999 	10.929833110000001
42.797400000000003 	10.928398039999999
42.803100000000001 	10.92696338
42.808799999999998 	10.925529129999999
42.814500000000002 	10.92409529
42.8202 	10.922661870000001
42.825899999999997 	10.92122885
42.831600000000002 	10.919796249999999
42.837299999999999 	10.91836406
42.843000000000004 	10.916932279999999
42.848700000000001 	10.91550091
42.854399999999998 	10.914069960000001
42.860100000000003 	10.912639410000001
42.8658 	10.91120928
42.871499999999997 	10.90977955
42.877200000000002 	10.908350240000001
42.882899999999999 	10.90692134
42.888599999999997 	10.905492840000001
42.894300000000001 	10.904064760000001
42.899999999999999 	10.902637090000001
42.905700000000003 	10.90120982
42.9114 	10.89978297
42.917099999999998 	10.89835652
42.922800000000002 	10.896930490000001
42.9285 	10.895504860000001
42.934199999999997 	10.89407965
42.939900000000002 	10.892654840000001
42.945599999999999 	10.891230439999999
42.951300000000003 	10.88980645
42.957000000000001 	10.888382869999999
42.962699999999998 	10.886959689999999
42.968400000000003 	10.885536930000001
42.9741 	10.884114569999999
42.979799999999997 	10.88269262
42.985500000000002 	10.881271079999999
42.991199999999999 	10.879849950000001
42.996899999999997 	10.878429219999999
43.002600000000001 	10.8770089
43.008299999999998 	10.875588990000001
43.014000000000003 	10.87416949
43.0197 	10.87275039
43.025399999999998 	10.871331700000001
43.031100000000002 	10.869913410000001
43.036799999999999 	10.86849554
43.042499999999997 	10.86707807
43.048200000000001 	10.865660999999999
43.053899999999999 	10.864244340000001
43.059600000000003 	10.862828090000001
43.065300000000001 	10.861412250000001
43.070999999999998 	10.85999681
43.076700000000002 	10.858581770000001
43.0824 	10.85716714
43.088099999999997 	10.85575292
43.093800000000002 	10.854339100000001
43.099499999999999 	10.85292568
43.105200000000004 	10.851512680000001
43.110900000000001 	10.85010007
43.116599999999998 	10.848687869999999
43.122300000000003 	10.84727608
43.128 	10.845864690000001
43.133699999999997 	10.844453700000001
43.139400000000002 	10.843043120000001
43.145099999999999 	10.84163294
43.150799999999997 	10.840223160000001
43.156500000000001 	10.83881379
43.162199999999999 	10.837404830000001
43.167900000000003 	10.83599626
43.1736 	10.834588099999999
43.179299999999998 	10.83318034
43.185000000000002 	10.831772989999999
43.1907 	10.830366039999999
43.196399999999997 	10.828959490000001
43.202100000000002 	10.82755334
43.207799999999999 	10.826147600000001
43.213500000000003 	10.824742260000001
43.219200000000001 	10.82333732
43.224899999999998 	10.821932779999999
43.230600000000003 	10.82052865
43.2363 	10.819124909999999
43.241999999999997 	10.817721580000001
43.247700000000002 	10.816318649999999
43.253399999999999 	10.814916119999999
43.259099999999997 	10.813513990000001
43.264800000000001 	10.81211227
43.270499999999998 	10.81071094
43.276200000000003 	10.80931002
43.2819 	10.80790949
43.287599999999998 	10.806509370000001
43.293300000000002 	10.80510965
43.298999999999999 	10.80371032
43.304699999999997 	10.802311400000001
43.310400000000001 	10.80091288
43.316099999999999 	10.79951475
43.321800000000003 	10.79811703
43.327500000000001 	10.79671971
43.333199999999998 	10.795322779999999
43.338900000000002 	10.793926259999999
43.3446 	10.792530129999999
43.350299999999997 	10.791134400000001
43.356000000000002 	10.78973908
43.361699999999999 	10.78834415
43.367400000000004 	10.78694962
43.373100000000001 	10.78555549
43.378799999999998 	10.784161750000001
43.384500000000003 	10.78276842
43.3902 	10.781375479999999
43.395899999999997 	10.77998294
43.401600000000002 	10.7785908
43.407299999999999 	10.77719905
43.412999999999997 	10.77580771
43.418700000000001 	10.774416759999999
43.424399999999999 	10.773026209999999
43.430100000000003 	10.77163605
43.4358 	10.7702463
43.441499999999998 	10.768856939999999
43.447200000000002 	10.76746797
43.4529 	10.766079400000001
43.458599999999997 	10.76469123
43.464300000000001 	10.763303459999999
43.469999999999999 	10.761916080000001
43.475700000000003 	10.760529099999999
43.481400000000001 	10.75914251
43.487099999999998 	10.75775632
43.492800000000003 	10.75637053
43.4985 	10.75498513
43.504199999999997 	10.753600130000001
43.509900000000002 	10.75221552
43.515599999999999 	10.7508313
43.521299999999997 	10.74944749
43.527000000000001 	10.748064060000001
43.532699999999998 	10.74668103
43.538400000000003 	10.745298399999999
43.5441 	10.743916159999999
43.549799999999998 	10.74253431
43.555500000000002 	10.74115286
43.561199999999999 	10.739771810000001
43.566899999999997 	10.738391139999999
43.572600000000001 	10.737010870000001
43.578299999999999 	10.735631
43.584000000000003 	10.734251520000001
43.589700000000001 	10.73287243
43.595399999999998 	10.73149373
43.601100000000002 	10.73011543
43.6068 	10.728737519999999
43.612499999999997 	10.727359999999999
43.618200000000002 	10.72598288
43.623899999999999 	10.72460615
43.629600000000003 	10.723229809999999
43.635300000000001 	10.72185386
43.640999999999998 	10.720478310000001
43.646700000000003 	10.71910315
43.6524 	10.71772838
43.658099999999997 	10.716354000000001
43.663800000000002 	10.71498001
43.669499999999999 	10.713606410000001
43.675199999999997 	10.712233210000001
43.680900000000001 	10.7108604
43.686599999999999 	10.70948798
43.692300000000003 	10.70811595
43.698 	10.706744309999999
43.703699999999998 	10.705373059999999
43.709400000000002 	10.7040022
43.7151 	10.70263173
43.720799999999997 	10.701261649999999
43.726500000000001 	10.699891969999999
43.732199999999999 	10.698522669999999
43.737900000000003 	10.697153760000001
43.743600000000001 	10.695785239999999
43.749299999999998 	10.69441711
43.755000000000003 	10.69304938
43.7607 	10.691682030000001
43.766399999999997 	10.69031507
43.772100000000002 	10.6889485
43.777799999999999 	10.68758231
43.783499999999997 	10.68621652
43.789200000000001 	10.684851119999999
43.794899999999998 	10.6834861
43.800600000000003 	10.68212147
43.8063 	10.68075724
43.811999999999998 	10.67939339
43.817700000000002 	10.67802992
43.823399999999999 	10.67666685
43.829099999999997 	10.67530416
43.834800000000001 	10.673941859999999
43.840499999999999 	10.672579949999999
43.846200000000003 	10.67121843
43.851900000000001 	10.669857289999999
43.857599999999998 	10.66849654
43.863300000000002 	10.66713618
43.869 	10.6657762
43.874699999999997 	10.66441661
43.880400000000002 	10.66305741
43.886099999999999 	10.661698599999999
43.891800000000003 	10.66034017
43.897500000000001 	10.658982119999999
43.903199999999998 	10.65762447
43.908900000000003 	10.6562672
43.9146 	10.65491031
43.920299999999997 	10.65355381
43.926000000000002 	10.6521977
43.931699999999999 	10.65084197
43.937399999999997 	10.649486619999999
43.943100000000001 	10.64813167
43.948799999999999 	10.64677709
43.954500000000003 	10.645422910000001
43.9602 	10.644069099999999
43.965899999999998 	10.64271568
43.971600000000002 	10.64136265
43.9773 	10.64001
43.982999999999997 	10.63865773
43.988700000000001 	10.637305850000001
43.994399999999999 	10.635954359999999
44.000100000000003 	10.634603240000001
44.005800000000001 	10.63325251
44.011499999999998 	10.63190217
44.017200000000003 	10.630552209999999
44.0229 	10.62920263
44.028599999999997 	10.62785343
44.034300000000002 	10.62650462
44.039999999999999 	10.62515619
44.045699999999997 	10.62380814
44.051400000000001 	10.622460480000001
44.057099999999998 	10.621113190000001
44.062800000000003 	10.6197663
44.0685 	10.61841978
44.074199999999998 	10.617073639999999
44.079900000000002 	10.61572789
44.085599999999999 	10.614382519999999
44.091299999999997 	10.61303753
44.097000000000001 	10.611692919999999
44.102699999999999 	10.610348699999999
44.108400000000003 	10.60900485
44.114100000000001 	10.607661390000001
44.119799999999998 	10.606318310000001
44.125500000000002 	10.60497561
44.1312 	10.603633289999999
44.136899999999997 	10.60229135
44.142600000000002 	10.60094979
44.148299999999999 	10.599608610000001
44.154000000000003 	10.59826782
44.159700000000001 	10.5969274
44.165399999999998 	10.59558736
44.171100000000003 	10.5942477
44.1768 	10.59290843
44.182499999999997 	10.591569529999999
44.188200000000002 	10.59023101
44.193899999999999 	10.58889287
44.199599999999997 	10.58755511
44.205300000000001 	10.58621773
44.210999999999999 	10.58488073
44.216700000000003 	10.58354411
44.2224 	10.58220787
44.228099999999998 	10.580871999999999
44.233800000000002 	10.57953652
44.2395 	10.57820141
44.245199999999997 	10.57686668
44.250900000000001 	10.57553233
44.256599999999999 	10.57419836
44.262300000000003 	10.57286476
44.268000000000001 	10.57153155
44.273699999999998 	10.57019871
44.279400000000003 	10.56886624
44.2851 	10.567534159999999
44.290799999999997 	10.56620245
44.296500000000002 	10.564871119999999
44.302199999999999 	10.56354017
44.307899999999997 	10.56220959
44.313600000000001 	10.56087939
44.319299999999998 	10.55954957
44.325000000000003 	10.55822013
44.3307 	10.55689106
44.336399999999998 	10.55556236
44.342100000000002 	10.55423405
44.347799999999999 	10.5529061
44.353499999999997 	10.55157854
44.359200000000001 	10.55025135
44.364899999999999 	10.54892454
44.370600000000003 	10.5475981
44.376300000000001 	10.546272030000001
44.381999999999998 	10.54494635
44.387700000000002 	10.543621030000001
44.3934 	10.5422961
44.399099999999997 	10.54097153
44.404800000000002 	10.539647349999999
44.410499999999999 	10.53832353
44.416200000000003 	10.537000089999999
44.421900000000001 	10.53567703
44.427599999999998 	10.53435434
44.433300000000003 	10.53303202
44.439 	10.53171008
44.444699999999997 	10.53038851
44.450400000000002 	10.529067319999999
44.456099999999999 	10.527746499999999
44.461799999999997 	10.52642605
44.467500000000001 	10.52510597
44.473199999999999 	10.52378627
44.478900000000003 	10.52246695
44.4846 	10.521147989999999
44.490299999999998 	10.51982941
44.496000000000002 	10.518511200000001
44.5017 	10.51719336
44.507399999999997 	10.515875899999999
44.513100000000001 	10.51455881
44.518799999999999 	10.51324209
44.524500000000003 	10.511925740000001
44.530200000000001 	10.510609759999999
44.535899999999998 	10.50929416
44.541600000000003 	10.50797893
44.5473 	10.506664069999999
44.552999999999997 	10.505349580000001
44.558700000000002 	10.504035460000001
44.564399999999999 	10.502721709999999
44.570099999999996 	10.501408339999999
44.575800000000001 	10.500095330000001
44.581499999999998 	10.4987827
44.587200000000003 	10.497470440000001
44.5929 	10.49615854
44.598599999999998 	10.49484702
44.604300000000002 	10.493535870000001
44.609999999999999 	10.49222509
44.615699999999997 	10.490914679999999
44.621400000000001 	10.48960464
44.627099999999999 	10.488294959999999
44.632800000000003 	10.48698566
44.638500000000001 	10.48567673
44.644199999999998 	10.48436817
44.649900000000002 	10.483059969999999
44.6556 	10.48175215
44.661299999999997 	10.480444690000001
44.667000000000002 	10.47913761
44.672699999999999 	10.47783089
44.678400000000003 	10.47652454
44.684100000000001 	10.47521856
44.689799999999998 	10.473912950000001
44.695500000000003 	10.472607699999999
44.7012 	10.471302830000001
44.706899999999997 	10.46999832
44.712600000000002 	10.46869418
44.718299999999999 	10.46739041
44.723999999999997 	10.466087010000001
44.729700000000001 	10.464783969999999
44.735399999999998 	10.4634813
44.741100000000003 	10.462179000000001
44.7468 	10.46087707
44.752499999999998 	10.4595755
44.758200000000002 	10.458274299999999
44.7639 	10.456973469999999
44.769599999999997 	10.455673000000001
44.775300000000001 	10.454372899999999
44.780999999999999 	10.45307317
44.786700000000003 	10.4517738
44.792400000000001 	10.4504748
44.798099999999998 	10.44917616
44.803800000000003 	10.447877889999999
44.8095 	10.44657999
44.815199999999997 	10.445282450000001
44.820900000000002 	10.44398528
44.826599999999999 	10.44268847
44.832299999999996 	10.441392029999999
44.838000000000001 	10.440095960000001
44.843699999999998 	10.43880025
44.849400000000003 	10.4375049
44.8551 	10.43620992
44.860799999999998 	10.4349153
44.866500000000002 	10.433621049999999
44.872199999999999 	10.432327170000001
44.877899999999997 	10.431033640000001
44.883600000000001 	10.42974048
44.889299999999999 	10.42844769
44.895000000000003 	10.427155259999999
44.900700000000001 	10.425863189999999
44.906399999999998 	10.42457149
44.912100000000002 	10.42328015
44.9178 	10.42198917
44.923499999999997 	10.42069856
44.929200000000002 	10.41940831
44.934899999999999 	10.41811843
44.940600000000003 	10.416828900000001
44.946300000000001 	10.41553974
44.951999999999998 	10.41425095
44.957700000000003 	10.41296251
44.9634 	10.411674440000001
44.969099999999997 	10.410386730000001
44.974800000000002 	10.409099380000001
44.980499999999999 	10.407812399999999
44.986199999999997 	10.40652577
44.991900000000001 	10.405239509999999
44.997599999999998 	10.40395361
45.003300000000003 	10.402668070000001
45.009 	10.4013829
45.014699999999998 	10.400098079999999
45.020400000000002 	10.398813629999999
45.0261 	10.39752953
45.031799999999997 	10.396245800000001
45.037500000000001 	10.39496243
45.043199999999999 	10.39367942
45.048900000000003 	10.39239677
45.054600000000001 	10.391114480000001
45.060299999999998 	10.38983255
45.066000000000003 	10.388550990000001
45.0717 	10.38726978
45.077399999999997 	10.38598893
45.083100000000002 	10.384708440000001
45.088799999999999 	10.383428309999999
45.094499999999996 	10.38214855
45.100200000000001 	10.38086914
45.105899999999998 	10.379590090000001
45.111600000000003 	10.378311399999999
45.1173 	10.37703307
45.122999999999998 	10.375755099999999
45.128700000000002 	10.374477479999999
45.134399999999999 	10.37320023
45.140099999999997 	10.37192333
45.145800000000001 	10.370646799999999
45.151499999999999 	10.36937062
45.157200000000003 	10.3680948
45.1629 	10.366819339999999
45.168599999999998 	10.365544229999999
45.174300000000002 	10.36426949
45.18 	10.362995099999999
45.185699999999997 	10.36172107
45.191400000000002 	10.3604474
45.197099999999999 	10.359174080000001
45.202800000000003 	10.35790113
45.208500000000001 	10.35662853
45.214199999999998 	10.355356280000001
45.219900000000003 	10.3540844
45.2256 	10.352812869999999
45.231299999999997 	10.3515417
45.237000000000002 	10.35027088
45.242699999999999 	10.349000419999999
45.248399999999997 	10.34773032
45.254100000000001 	10.34646058
45.259799999999998 	10.34519119
45.265500000000003 	10.343922149999999
45.2712 	10.34265347
45.276899999999998 	10.341385150000001
45.282600000000002 	10.340117190000001
45.2883 	10.338849570000001
45.293999999999997 	10.337582319999999
45.299700000000001 	10.33631542
45.305399999999999 	10.33504887
45.311100000000003 	10.33378269
45.316800000000001 	10.332516849999999
45.322499999999998 	10.33125137
45.328200000000002 	10.329986249999999
45.3339 	10.32872148
45.339599999999997 	10.32745706
45.345300000000002 	10.326193
45.350999999999999 	10.32492929
45.356699999999996 	10.32366594
45.362400000000001 	10.32240294
45.368099999999998 	10.321140290000001
45.373800000000003 	10.319877999999999
45.3795 	10.31861606
45.385199999999998 	10.317354480000001
45.390900000000002 	10.31609325
45.396599999999999 	10.31483237
45.402299999999997 	10.313571850000001
45.408000000000001 	10.312311680000001
45.413699999999999 	10.311051859999999
45.419400000000003 	10.30979239
45.4251 	10.308533280000001
45.430799999999998 	10.30727452
45.436500000000002 	10.30601611
45.4422 	10.304758059999999
45.447899999999997 	10.30350035
45.453600000000002 	10.302243000000001
45.459299999999999 	10.300986
45.465000000000003 	10.299729360000001
45.470700000000001 	10.298473059999999
45.476399999999998 	10.297217119999999
45.482100000000003 	10.29596153
45.4878 	10.294706290000001
45.493499999999997 	10.2934514
45.499200000000002 	10.292196860000001
45.504899999999999 	10.29094267
45.510599999999997 	10.28968884
45.516300000000001 	10.28843535
45.521999999999998 	10.28718222
45.527700000000003 	10.285929429999999
45.5334 	10.284677
45.539099999999998 	10.283424910000001
45.544800000000002 	10.282173179999999
45.5505 	10.2809218
45.556199999999997 	10.27967076
45.561900000000001 	10.27842008
45.567599999999999 	10.277169750000001
45.573300000000003 	10.275919760000001
45.579000000000001 	10.274670130000001
45.584699999999998 	10.273420850000001
45.590400000000002 	10.272171910000001
45.5961 	10.27092332
45.601799999999997 	10.26967509
45.607500000000002 	10.2684272
45.613199999999999 	10.26717966
45.618899999999996 	10.265932469999999
45.624600000000001 	10.26468562
45.630299999999998 	10.26343913
45.636000000000003 	10.26219298
45.6417 	10.26094719
45.647399999999998 	10.259701740000001
45.653100000000002 	10.25845664
45.658799999999999 	10.25721188
45.664499999999997 	10.255967480000001
45.670200000000001 	10.254723419999999
45.675899999999999 	10.253479710000001
45.681600000000003 	10.25223635
45.6873 	10.25099333
45.692999999999998 	10.24975066
45.698700000000002 	10.248508340000001
45.7044 	10.247266359999999
45.710099999999997 	10.246024739999999
45.715800000000002 	10.244783460000001
45.721499999999999 	10.24354252
45.727200000000003 	10.24230193
45.732900000000001 	10.24106169
45.738599999999998 	10.2398218
45.744300000000003 	10.23858225
45.75 	10.237343040000001
45.755699999999997 	10.23610418
45.761400000000002 	10.23486567
45.767099999999999 	10.23362751
45.772799999999997 	10.23238969
45.778500000000001 	10.231152209999999
45.784199999999998 	10.22991508
45.789900000000003 	10.2286783
45.7956 	10.227441860000001
45.801299999999998 	10.226205759999999
45.807000000000002 	10.22497001
45.8127 	10.223734609999999
45.818399999999997 	10.222499539999999
45.824100000000001 	10.221264830000001
45.829799999999999 	10.22003046
45.835500000000003 	10.218796429999999
45.841200000000001 	10.217562750000001
45.846899999999998 	10.21632941
45.852600000000002 	10.215096409999999
45.8583 	10.213863760000001
45.863999999999997 	10.21263145
45.869700000000002 	10.21139949
45.875399999999999 	10.21016786
45.881100000000004 	10.20893659
45.886800000000001 	10.207705649999999
45.892499999999998 	10.206475060000001
45.898200000000003 	10.20524481
45.9039 	10.20401491
45.909599999999998 	10.20278534
45.915300000000002 	10.201556119999999
45.920999999999999 	10.200327250000001
45.926699999999997 	10.199098709999999
45.932400000000001 	10.19787052
45.938099999999999 	10.196642669999999
45.943800000000003 	10.19541516
45.9495 	10.19418799
45.955199999999998 	10.192961159999999
45.960900000000002 	10.19173468
45.9666 	10.19050854
45.972299999999997 	10.189282739999999
45.978000000000002 	10.188057280000001
45.983699999999999 	10.18683216
45.989400000000003 	10.18560738
45.995100000000001 	10.18438295
46.000799999999998 	10.18315885
46.006500000000003 	10.1819351
46.0122 	10.180711690000001
46.017899999999997 	10.17948861
46.023600000000002 	10.17826588
46.029299999999999 	10.177043490000001
46.034999999999997 	10.17582144
46.040700000000001 	10.174599730000001
46.046399999999998 	10.17337835
46.052100000000003 	10.17215732
46.0578 	10.17093663
46.063499999999998 	10.169716279999999
46.069200000000002 	10.16849626
46.0749 	10.16727659
46.080599999999997 	10.166057260000001
46.086300000000001 	10.16483826
46.091999999999999 	10.16361961
46.097700000000003 	10.16240129
46.103400000000001 	10.16118331
46.109099999999998 	10.15996567
46.114800000000002 	10.15874837
46.1205 	10.157531410000001
46.126199999999997 	10.156314780000001
46.131900000000002 	10.155098499999999
46.137599999999999 	10.153882550000001
46.143300000000004 	10.15266694
46.149000000000001 	10.15145167
46.154699999999998 	10.15023674
46.160400000000003 	10.14902214
46.1661 	10.14780788
46.171799999999998 	10.146593960000001
46.177500000000002 	10.145380380000001
46.183199999999999 	10.14416713
46.188899999999997 	10.14295422
46.194600000000001 	10.14174165
46.200299999999999 	10.140529409999999
46.206000000000003 	10.13931751
46.2117 	10.13810595
46.217399999999998 	10.13689473
46.223100000000002 	10.13568384
46.2288 	10.13447328
46.234499999999997 	10.13326307
46.240200000000002 	10.132053190000001
46.245899999999999 	10.13084364
46.251600000000003 	10.129634429999999
46.257300000000001 	10.12842556
46.262999999999998 	10.127217030000001
46.268700000000003 	10.126008819999999
46.2744 	10.12480096
46.280099999999997 	10.12359343
46.285800000000002 	10.12238623
46.291499999999999 	10.12117937
46.297199999999997 	10.11997285
46.302900000000001 	10.11876666
46.308599999999998 	10.1175608
46.314300000000003 	10.116355280000001
46.32 	10.11515009
46.325699999999998 	10.11394524
46.331400000000002 	10.11274072
46.3371 	10.111536539999999
46.342799999999997 	10.11033269
46.348500000000001 	10.109129169999999
46.354199999999999 	10.10792599
46.359900000000003 	10.10672314
46.365600000000001 	10.105520629999999
46.371299999999998 	10.104318449999999
46.377000000000002 	10.1031166
46.3827 	10.10191509
46.388399999999997 	10.100713900000001
46.394100000000002 	10.09951306
46.399799999999999 	10.09831254
46.405500000000004 	10.097112360000001
46.411200000000001 	10.09591251
46.416899999999998 	10.09471299
46.422600000000003 	10.093513809999999
46.4283 	10.09231496
46.433999999999997 	10.09111644
46.439700000000002 	10.08991825
46.445399999999999 	10.088720390000001
46.451099999999997 	10.087522870000001
46.456800000000001 	10.08632568
46.462499999999999 	10.08512882
46.468200000000003 	10.08393229
46.4739 	10.0827361
46.479599999999998 	10.08154023
46.485300000000002 	10.080344699999999
46.491 	10.079149490000001
46.496699999999997 	10.07795462
46.502400000000002 	10.07676008
46.508099999999999 	10.07556587
46.513800000000003 	10.074371989999999
46.519500000000001 	10.07317844
46.525199999999998 	10.07198522
46.530900000000003 	10.070792340000001
46.5366 	10.069599780000001
46.542299999999997 	10.06840755
46.548000000000002 	10.06721565
46.553699999999999 	10.066024090000001
46.559399999999997 	10.06483285
46.565100000000001 	10.06364194
46.570799999999998 	10.062451360000001
46.576500000000003 	10.061261119999999
46.5822 	10.060071199999999
46.587899999999998 	10.05888161
46.593600000000002 	10.05769235
46.599299999999999 	10.056503409999999
46.604999999999997 	10.05531481
46.610700000000001 	10.05412654
46.616399999999999 	10.05293859
46.622100000000003 	10.05175098
46.627800000000001 	10.050563690000001
46.633499999999998 	10.049376730000001
46.639200000000002 	10.048190099999999
46.6449 	10.04700379
46.650599999999997 	10.04581782
46.656300000000002 	10.04463217
46.661999999999999 	10.04344685
46.667700000000004 	10.04226186
46.673400000000001 	10.0410772
46.679099999999998 	10.03989286
46.684800000000003 	10.038708850000001
46.6905 	10.03752517
46.696199999999997 	10.036341820000001
46.701900000000002 	10.035158790000001
46.707599999999999 	10.033976089999999
46.713299999999997 	10.03279371
46.719000000000001 	10.03161167
46.724699999999999 	10.03042995
46.730400000000003 	10.02924855
46.7361 	10.02806749
46.741799999999998 	10.026886749999999
46.747500000000002 	10.02570633
46.7532 	10.02452624
46.758899999999997 	10.023346480000001
46.764600000000002 	10.022167039999999
46.770299999999999 	10.02098793
46.776000000000003 	10.01980915
46.781700000000001 	10.01863069
46.787399999999998 	10.01745255
46.793100000000003 	10.01627474
46.7988 	10.015097259999999
46.804499999999997 	10.0139201
46.810200000000002 	10.01274327
46.815899999999999 	10.011566759999999
46.821599999999997 	10.01039057
46.827300000000001 	10.00921471
46.832999999999998 	10.008039180000001
46.838700000000003 	10.006863969999999
46.8444 	10.00568908
46.850099999999998 	10.004514520000001
46.855800000000002 	10.00334028
46.861499999999999 	10.002166369999999
46.867199999999997 	10.000992780000001
46.872900000000001 	9.9998195150000004
46.878599999999999 	9.9986465730000003
46.884300000000003 	9.9974739550000002
46.890000000000001 	9.9963016600000003
46.895699999999998 	9.9951296880000005
46.901400000000002 	9.9939580390000007
46.9071 	9.9927867139999993
46.912799999999997 	9.9916157119999998
46.918500000000002 	9.9904450320000002
46.924199999999999 	9.9892746760000009
46.929900000000004 	9.9881046419999997
46.935600000000001 	9.9869349310000004
46.941299999999998 	9.9857655419999993
46.947000000000003 	9.9845964760000001
46.9527 	9.9834277320000009
46.958399999999997 	9.9822593099999999
46.964100000000002 	9.9810912100000007
46.969799999999999 	9.9799234329999997
46.975499999999997 	9.9787559770000005
46.981200000000001 	9.9775888429999995
46.986899999999999 	9.9764220300000002
46.992600000000003 	9.9752555390000008
46.9983 	9.9740893689999996
47.003999999999998 	9.9729235210000002
47.009700000000002 	9.9717579940000007
47.0154 	9.9705927879999994
47.021099999999997 	9.9694279029999997
47.026800000000001 	9.9682633389999999
47.032499999999999 	9.9670990960000001
47.038200000000003 	9.9659351730000001
47.043900000000001 	9.964771571
47.049599999999998 	9.9636082889999997
47.055300000000003 	9.9624453279999994
47.061 	9.9612826870000006
47.066699999999997 	9.9601203659999999
47.072400000000002 	9.9589583650000009
47.078099999999999 	9.9577966839999998
47.083799999999997 	9.9566353230000004
47.089500000000001 	9.9554742820000008
47.095199999999998 	9.9543135599999992
47.100900000000003 	9.9531531579999992
47.1066 	9.9519930750000007
47.112299999999998 	9.9508333110000002
47.118000000000002 	9.9496738659999995
47.123699999999999 	9.9485147410000003
47.129399999999997 	9.9473559340000008
47.135100000000001 	9.9461974469999994
47.140799999999999 	9.9450392779999994
47.146500000000003 	9.9438814279999992
47.152200000000001 	9.9427238960000004
47.157899999999998 	9.9415666819999995
47.163600000000002 	9.9404097870000001
47.1693 	9.9392532110000005
47.174999999999997 	9.9380969520000004
47.180700000000002 	9.936941011
47.186399999999999 	9.9357853879999993
47.192100000000003 	9.9346300830000001
47.197800000000001 	9.9334750960000004
47.203499999999998 	9.9323204260000004
47.209200000000003 	9.9311660740000001
47.2149 	9.9300120389999993
47.220599999999997 	9.9288583209999999
47.226300000000002 	9.92770492
47.231999999999999 	9.9265518369999999
47.237699999999997 	9.9253990699999992
47.243400000000001 	9.9242466199999999
47.249099999999999 	9.9230944870000002
47.254800000000003 	9.921942671
47.2605 	9.9207911709999994
47.266199999999998 	9.919639987
47.271900000000002 	9.9184891200000003
47.2776 	9.917338569
47.283299999999997 	9.9161883339999992
47.289000000000001 	9.9150384149999997
47.294699999999999 	9.9138888119999997
47.300400000000003 	9.9127395239999991
47.306100000000001 	9.9115905529999999
47.311799999999998 	9.9104418970000001
47.317500000000003 	9.9092935559999997
47.3232 	9.9081455300000005
47.328899999999997 	9.9069978200000008
47.334600000000002 	9.9058504250000006
47.340299999999999 	9.9047033449999997
47.345999999999997 	9.9035565800000001
47.351700000000001 	9.9024101299999998
47.357399999999998 	9.9012639950000008
47.363100000000003 	9.9001181739999993
47.3688 	9.8989726670000007
47.374499999999998 	9.8978274749999997
47.380200000000002 	9.8966825969999999
47.385899999999999 	9.8955380339999994
47.391599999999997 	9.894393784
47.397300000000001 	9.893249849
47.402999999999999 	9.8921062269999993
47.408700000000003 	9.8909629189999997
47.414400000000001 	9.8898199249999994
47.420099999999998 	9.8886772450000002
47.425800000000002 	9.8875348770000002
47.4315 	9.8863928239999996
47.437199999999997 	9.885251083
47.442900000000002 	9.8841096559999997
47.448599999999999 	9.8829685410000003
47.454300000000003 	9.8818277400000003
47.460000000000001 	9.8806872509999994
47.465699999999998 	9.8795470749999996
47.471400000000003 	9.8784072120000008
47.4771 	9.8772676609999994
47.482799999999997 	9.8761284220000007
47.488500000000002 	9.8749894959999995
47.494199999999999 	9.8738508819999993
47.499899999999997 	9.87271258
47.505600000000001 	9.8715745899999998
47.511299999999999 	9.8704369120000006
47.517000000000003 	9.8692995460000006
47.5227 	9.8681624919999997
47.528399999999998 	9.8670257489999997
47.534100000000002 	9.8658893170000006
47.5398 	9.8647531970000006
47.545499999999997 	9.8636173879999998
47.551200000000001 	9.8624818899999998
47.556899999999999 	9.8613467040000007
47.562600000000003 	9.8602118280000006
47.568300000000001 	9.8590772629999996
47.573999999999998 	9.8579430089999995
47.579700000000003 	9.8568090650000002
47.5854 	9.855675432
47.591099999999997 	9.8545421100000006
47.596800000000002 	9.8534090970000001
47.602499999999999 	9.8522763950000005
47.608199999999997 	9.8511440029999999
47.613900000000001 	9.8500119220000002
47.619599999999998 	9.8488801499999994
47.625300000000003 	9.8477486869999993
47.631 	9.846617535
47.636699999999998 	9.8454866919999997
47.642400000000002 	9.8443561580000001
47.648099999999999 	9.8432259339999995
47.653799999999997 	9.8420960199999996
47.659500000000001 	9.8409664140000004
47.665199999999999 	9.8398371180000002
47.670900000000003 	9.8387081300000006
47.676600000000001 	9.8375794519999999
47.682299999999998 	9.836451082
47.688000000000002 	9.8353230200000006
47.6937 	9.8341952680000002
47.699399999999997 	9.8330678240000005
47.705100000000002 	9.8319406879999995
47.710799999999999 	9.8308138599999992
47.716500000000003 	9.8296873409999996
47.722200000000001 	9.8285611300000006
47.727899999999998 	9.8274352260000004
47.733600000000003 	9.8263096310000009
47.7393 	9.8251843430000001
47.744999999999997 	9.8240593629999999
47.750700000000002 	9.8229346900000003
47.756399999999999 	9.8218103249999995
47.762099999999997 	9.8206862669999992
47.767800000000001 	9.8195625159999995
47.773499999999999 	9.8184390730000004
47.779200000000003 	9.817315936
47.7849 	9.8161931070000001
47.790599999999998 	9.8150705840000008
47.796300000000002 	9.8139483680000001
47.802 	9.812826458
47.807699999999997 	9.8117048550000003
47.813400000000001 	9.8105835589999995
47.819099999999999 	9.8094625690000008
47.824800000000003 	9.8083418850000008
47.830500000000001 	9.8072215069999995
47.836199999999998 	9.8061014350000004
47.841900000000003 	9.804981669
47.8476 	9.803862209
47.853299999999997 	9.8027430540000005
47.859000000000002 	9.8016242049999995
47.864699999999999 	9.8005056620000008
47.870399999999997 	9.7993874240000007
47.876100000000001 	9.7982694909999992
47.881799999999998 	9.7971518629999998
47.887500000000003 	9.7960345409999992
47.8932 	9.7949175230000005
47.898899999999998 	9.7938008110000006
47.904600000000002 	9.7926844030000009
47.910299999999999 	9.7915682989999997
47.915999999999997 	9.7904525010000008
47.921700000000001 	9.7893370070000003
47.927399999999999 	9.7882218170000002
47.933100000000003 	9.7871069310000003
47.938800000000001 	9.7859923500000008
47.944499999999998 	9.7848780729999998
47.950200000000002 	9.7837640990000008
47.9559 	9.7826504300000003
47.961599999999997 	9.7815370640000001
47.967300000000002 	9.7804240020000002
47.972999999999999 	9.7793112440000005
47.978700000000003 	9.7781987889999993
47.984400000000001 	9.777086637
47.990099999999998 	9.7759747889999993
47.995800000000003 	9.7748632430000004
48.0015 	9.7737520010000001
48.007199999999997 	9.7726410619999999
48.012900000000002 	9.771530426
48.018599999999999 	9.7704200920000002
48.024299999999997 	9.7693100610000005
48.030000000000001 	9.7682003319999993
48.035699999999999 	9.767090906
48.041400000000003 	9.7659817830000009
48.0471 	9.764872961
48.052799999999998 	9.7637644419999994
48.058500000000002 	9.7626562250000006
48.0642 	9.7615483100000002
48.069899999999997 	9.7604406959999999
48.075600000000001 	9.7593333849999997
48.081299999999999 	9.7582263749999996
48.087000000000003 	9.7571196659999995
48.092700000000001 	9.7560132589999995
48.098399999999998 	9.7549071529999996
48.104100000000003 	9.7538013489999997
48.1098 	9.7526958449999999
48.115499999999997 	9.7515906430000001
48.121200000000002 	9.7504857420000004
48.126899999999999 	9.7493811410000006
48.132599999999996 	9.7482768419999992
48.138300000000001 	9.7471728419999994
48.143999999999998 	9.7460691439999998
48.149700000000003 	9.7449657460000001
48.1554 	9.7438626480000003
48.161099999999998 	9.7427598500000006
48.166800000000002 	9.7416573530000008
48.172499999999999 	9.7405551549999991
48.178199999999997 	9.7394532579999993
48.183900000000001 	9.7383516599999993
48.189599999999999 	9.7372503619999993
48.195300000000003 	9.7361493639999992
48.201000000000001 	9.7350486650000008
48.206699999999998 	9.7339482660000005
48.212400000000002 	9.7328481660000001
48.2181 	9.7317483659999997
48.223799999999997 	9.7306488640000008
48.229500000000002 	9.7295496620000002
48.235199999999999 	9.7284507579999993
48.240900000000003 	9.727352153
48.246600000000001 	9.7262538470000006
48.252299999999998 	9.7251558399999993
48.258000000000003 	9.7240581309999996
48.2637 	9.7229607209999998
48.269399999999997 	9.7218636089999997
48.275100000000002 	9.7207667949999994
48.280799999999999 	9.7196702790000007
48.286499999999997 	9.7185740620000001
48.292200000000001 	9.7174781419999992
48.297899999999998 	9.7163825209999999
48.303600000000003 	9.7152871960000002
48.3093 	9.7141921700000005
48.314999999999998 	9.7130974410000004
48.320700000000002 	9.7120030100000001
48.3264 	9.7109088759999995
48.332099999999997 	9.7098150390000004
48.337800000000001 	9.7087214999999993
48.343499999999999 	9.7076282569999996
48.349200000000003 	9.7065353109999997
48.354900000000001 	9.7054426629999995
48.360599999999998 	9.7043503110000007
48.366300000000003 	9.7032582559999998
48.372 	9.7021664970000003
48.377699999999997 	9.7010750350000006
48.383400000000002 	9.6999838690000004
48.389099999999999 	9.6988929989999999
48.394799999999996 	9.6978024260000009
48.400500000000001 	9.6967121479999996
48.406199999999998 	9.6956221669999998
48.411900000000003 	9.6945324809999995
48.4176 	9.6934430910000007
48.423299999999998 	9.6923539969999997
48.429000000000002 	9.6912651990000001
48.434699999999999 	9.690176696
48.440399999999997 	9.6890884879999994
48.446100000000001 	9.6880005760000003
48.451799999999999 	9.6869129590000007
48.457500000000003 	9.6858256360000006
48.463200000000001 	9.6847386090000001
48.468899999999998 	9.6836518770000009
48.474600000000002 	9.6825654399999994
48.4803 	9.6814792969999992
48.485999999999997 	9.6803934490000003
48.491700000000002 	9.6793078950000009
48.497399999999999 	9.6782226359999992
48.503100000000003 	9.6771376710000006
48.508800000000001 	9.6760529999999996
48.514499999999998 	9.6749686239999999
48.520200000000003 	9.6738845409999996
48.5259 	9.6728007520000006
48.531599999999997 	9.6717172569999992
48.537300000000002 	9.6706340560000008
48.542999999999999 	9.6695511490000001
48.548699999999997 	9.6684685350000006
48.554400000000001 	9.6673862140000004
48.560099999999998 	9.6663041869999997
48.565800000000003 	9.6652224530000002
48.5715 	9.664141012
48.577199999999998 	9.6630598639999992
48.582900000000002 	9.6619790089999995
48.5886 	9.6608984469999992
48.594299999999997 	9.6598181780000001
48.600000000000001 	9.6587382010000002
48.605699999999999 	9.6576585169999998
48.611400000000003 	9.6565791250000004
48.617100000000001 	9.6555000260000003
48.622799999999998 	9.6544212189999996
48.628500000000003 	9.6533427039999999
48.6342 	9.6522644809999996
48.639899999999997 	9.6511865500000003
48.645600000000002 	9.6501089110000002
48.651299999999999 	9.6490315639999995
48.656999999999996 	9.6479545079999998
48.662700000000001 	9.6468777439999993
48.668399999999998 	9.6458012719999999
48.674100000000003 	9.6447250909999998
48.6798 	9.6436492010000006
48.685499999999998 	9.6425736020000006
48.691200000000002 	9.6414982939999998
48.696899999999999 	9.6404232780000001
48.702599999999997 	9.6393485519999995
48.708300000000001 	9.6382741169999999
48.713999999999999 	9.6371999729999995
48.719700000000003 	9.6361261200000001
48.7254 	9.6350525569999999
48.731099999999998 	9.6339792840000005
48.736800000000002 	9.6329063020000003
48.7425 	9.6318336099999993
48.748199999999997 	9.6307612079999991
48.753900000000002 	9.6296890959999999
48.759599999999999 	9.6286172739999998
48.765300000000003 	9.6275457420000006
48.771000000000001 	9.6264745000000005
48.776699999999998 	9.6254035469999994
48.782400000000003 	9.6243328839999993
48.7881 	9.62326251
48.793799999999997 	9.6221924259999998
48.799500000000002 	9.6211226310000004
48.805199999999999 	9.6200531250000001
48.810899999999997 	9.6189839080000006
48.816600000000001 	9.6179149800000001
48.822299999999998 	9.6168463410000005
48.828000000000003 	9.6157779909999999
48.8337 	9.614709929
48.839399999999998 	9.6136421559999992
48.845100000000002 	9.6125746719999992
48.8508 	9.6115074759999999
48.856499999999997 	9.6104405679999996
48.862200000000001 	9.6093739490000001
48.867899999999999 	9.6083076169999995
48.873600000000003 	9.6072415739999997
48.879300000000001 	9.6061758190000006
48.884999999999998 	9.6051103510000004
48.890700000000002 	9.6040451709999992
48.8964 	9.6029802790000005
48.902099999999997 	9.6019156740000007
48.907800000000002 	9.6008513569999998
48.913499999999999 	9.5997873269999996
48.919199999999996 	9.598723584
48.924900000000001 	9.5976601289999994
48.930599999999998 	9.5965969599999994
48.936300000000003 	9.5955340790000001
48.942 	9.5944714849999997
48.947699999999998 	9.5934091769999998
48.953400000000002 	9.5923471560000007
48.959099999999999 	9.5912854210000003
48.964799999999997 	9.5902239730000005
48.970500000000001 	9.5891628119999996
48.976199999999999 	9.5881019359999993
48.981900000000003 	9.5870413469999995
48.9876 	9.5859810440000004
48.993299999999998 	9.584921027
48.999000000000002 	9.5838612960000003
49.0047 	9.5828018509999993
49.010399999999997 	9.5817426920000006
49.016100000000002 	9.5806838180000007
49.021799999999999 	9.5796252299999995
49.027500000000003 	9.5785669270000007
49.033200000000001 	9.5775089090000005
49.038899999999998 	9.5764511769999991
49.044600000000003 	9.57539373
49.0503 	9.5743365679999997
49.055999999999997 	9.5732796909999998
49.061700000000002 	9.5722230990000003
49.067399999999999 	9.5711667919999996
49.073099999999997 	9.5701107689999994
49.078800000000001 	9.5690550309999995
49.084499999999998 	9.5679995780000002
49.090200000000003 	9.5669444089999995
49.0959 	9.5658895239999993
49.101599999999998 	9.5648349239999995
49.107300000000002 	9.563780607
49.113 	9.5627265749999992
49.118699999999997 	9.5616728270000007
49.124400000000001 	9.5606193620000006
49.130099999999999 	9.5595661809999992
49.135800000000003 	9.558513284
49.141500000000001 	9.5574606709999994
49.147199999999998 	9.5564083409999991
49.152900000000002 	9.5553562939999992
49.1586 	9.5543045309999997
49.164299999999997 	9.5532530500000004
49.170000000000002 	9.5522018529999997
49.175699999999999 	9.5511509389999993
49.181399999999996 	9.5501003079999993
49.187100000000001 	9.5490499599999996
49.192799999999998 	9.5479998940000002
49.198500000000003 	9.5469501109999992
49.2042 	9.5459006110000004
49.209899999999998 	9.5448513930000001
49.215600000000002 	9.543802457
49.221299999999999 	9.5427538040000002
49.226999999999997 	9.5417054320000005
49.232700000000001 	9.5406573429999995
49.238399999999999 	9.5396095360000004
49.244100000000003 	9.5385620109999998
49.2498 	9.5375147669999993
49.255499999999998 	9.5364678049999991
49.261200000000002 	9.5354211249999992
49.2669 	9.5343747259999994
49.272599999999997 	9.5333286089999998
49.278300000000002 	9.5322827730000004
49.283999999999999 	9.5312372179999993
49.289700000000003 	9.5301919450000003
49.295400000000001 	9.5291469519999996
49.301099999999998 	9.5281022409999991
49.306800000000003 	9.5270578100000005
49.3125 	9.5260136600000003
49.318199999999997 	9.5249697910000002
49.323900000000002 	9.5239262020000002
49.329599999999999 	9.5228828940000003
49.335299999999997 	9.5218398660000005
49.341000000000001 	9.5207971189999991
49.346699999999998 	9.5197546509999995
49.352400000000003 	9.518712464
49.3581 	9.5176705570000006
49.363799999999998 	9.5166289299999995
49.369500000000002 	9.5155875820000002
49.3752 	9.5145465149999993
49.380899999999997 	9.5135057270000001
49.386600000000001 	9.5124652179999991
49.392299999999999 	9.5114249900000001
49.398000000000003 	9.5103850399999992
49.403700000000001 	9.5093453700000001
49.409399999999998 	9.5083059789999993
49.415100000000002 	9.5072668670000002
49.4208 	9.5062280339999994
49.426499999999997 	9.5051894800000003
49.432200000000002 	9.5041512039999994
49.437899999999999 	9.5031132080000003
49.443600000000004 	9.5020754899999993
49.449300000000001 	9.5010380510000001
49.454999999999998 	9.5000008900000008
49.460700000000003 	9.4989640079999997
49.4664 	9.4979274030000003
49.472099999999998 	9.4968910770000008
49.477800000000002 	9.4958550299999995
49.483499999999999 	9.4948192599999999
49.489199999999997 	9.4937837680000001
49.494900000000001 	9.4927485530000002
49.500599999999999 	9.4917136170000003
49.506300000000003 	9.4906789580000002
49.512 	9.489644577
49.517699999999998 	9.4886104729999996
49.523400000000002 	9.4875766460000008
49.5291 	9.4865430970000002
49.534799999999997 	9.4855098249999994
49.540500000000002 	9.4844768300000002
49.546199999999999 	9.4834441120000008
49.551900000000003 	9.4824116709999995
49.557600000000001 	9.4813795069999998
49.563299999999998 	9.4803476189999998
49.569000000000003 	9.4793160079999996
49.5747 	9.4782846739999993
49.580399999999997 	9.4772536160000005
49.586100000000002 	9.4762228339999997
49.591799999999999 	9.4751923290000004
49.597499999999997 	9.4741620999999991
49.603200000000001 	9.4731321469999994
49.608899999999998 	9.4721024689999993
49.614600000000003 	9.4710730680000008
49.6203 	9.4700439430000003
49.625999999999998 	9.4690150929999994
49.631700000000002 	9.4679865190000001
49.6374 	9.4669582200000004
49.643099999999997 	9.4659301970000005
49.648800000000001 	9.4649024490000002
49.654499999999999 	9.4638749769999997
49.660200000000003 	9.4628477800000006
49.665900000000001 	9.4618208569999993
49.671599999999998 	9.4607942099999995
49.677300000000002 	9.4597678379999994
49.683 	9.4587417400000007
49.688699999999997 	9.4577159169999998
49.694400000000002 	9.4566903690000004
49.700099999999999 	9.4556650950000005
49.705800000000004 	9.4546400960000003
49.711500000000001 	9.4536153709999997
49.717199999999998 	9.4525909200000005
49.722900000000003 	9.4515667440000009
49.7286 	9.4505428410000007
49.734299999999998 	9.4495192130000003
49.740000000000002 	9.4484958579999994
49.745699999999999 	9.4474727779999998
49.751399999999997 	9.4464499709999998
49.757100000000001 	9.4454274369999993
49.762799999999999 	9.4444051770000002
49.768500000000003 	9.4433831910000006
49.7742 	9.4423614780000005
49.779899999999998 	9.4413400379999999
49.785600000000002 	9.4403188720000006
49.7913 	9.4392979780000008
49.796999999999997 	9.4382773580000006
49.802700000000002 	9.4372570099999997
49.808399999999999 	9.4362369350000002
49.814100000000003 	9.4352171330000001
49.819800000000001 	9.4341976039999995
49.825499999999998 	9.4331783470000001
49.831200000000003 	9.4321593630000002
49.8369 	9.4311406509999998
49.842599999999997 	9.4301222110000005
49.848300000000002 	9.4291040430000006
49.853999999999999 	9.4280861480000002
49.859699999999997 	9.4270685239999992
49.865400000000001 	9.4260511729999994
49.871099999999998 	9.4250340930000007
49.876800000000003 	9.4240172849999997
49.8825 	9.4230007489999998
49.888199999999998 	9.4219844839999993
49.893900000000002 	9.420968491
49.8996 	9.419952769
49.905299999999997 	9.4189373179999993
49.911000000000001 	9.4179221389999999
49.916699999999999 	9.4169072309999997
49.922400000000003 	9.4158925940000007
49.928100000000001 	9.4148782270000009
49.933799999999998 	9.4138641320000005
49.939500000000002 	9.4128503069999994
49.9452 	9.4118367529999993
49.950899999999997 	9.4108234700000004
49.956600000000002 	9.4098104570000007
49.962299999999999 	9.4087977140000003
49.968000000000004 	9.4077852419999992
49.973700000000001 	9.4067730399999991
49.979399999999998 	9.4057611080000001
49.985100000000003 	9.4047494460000003
49.9908 	9.4037380539999997
49.996499999999997 	9.4027269320000002
50.002200000000002 	9.4017160799999999
50.007899999999999 	9.4007054970000006
50.013599999999997 	9.3996951850000006
50.019300000000001 	9.3986851409999996
50.024999999999999 	9.3976753669999997
50.030700000000003 	9.3966658620000008
50.0364 	9.3956566269999993
50.042099999999998 	9.3946476610000005
50.047800000000002 	9.3936389640000009
50.0535 	9.3926305350000003
50.059199999999997 	9.3916223760000008
50.064900000000002 	9.3906144850000004
50.070599999999999 	9.3896068639999992
50.076300000000003 	9.3885995110000007
50.082000000000001 	9.3875924259999994
50.087699999999998 	9.3865856099999991
50.093400000000003 	9.3855790619999997
50.0991 	9.3845727819999993
50.104799999999997 	9.3835667709999999
50.110500000000002 	9.3825610279999996
50.116199999999999 	9.3815555530000001
50.121899999999997 	9.3805503449999996
50.127600000000001 	9.3795454060000001
50.133299999999998 	9.3785407339999995
50.139000000000003 	9.3775363299999999
50.1447 	9.3765321929999992
50.150399999999998 	9.3755283239999994
50.156100000000002 	9.3745247230000004
50.161799999999999 	9.3735213880000003
50.167499999999997 	9.3725183209999994
50.173200000000001 	9.3715155209999992
50.178899999999999 	9.3705129879999998
50.184600000000003 	9.3695107219999993
50.190300000000001 	9.3685087229999997
50.195999999999998 	9.3675069910000008
50.201700000000002 	9.3665055250000009
50.2074 	9.3655043259999999
50.213099999999997 	9.3645033939999998
50.218800000000002 	9.3635027270000002
50.224499999999999 	9.3625023279999997
50.230200000000004 	9.3615021939999998
50.235900000000001 	9.3605023270000007
50.241599999999998 	9.3595027260000005
50.247300000000003 	9.3585033899999992
50.253 	9.3575043210000004
50.258699999999997 	9.3565055170000004
50.264400000000002 	9.3555069799999995
50.270099999999999 	9.3545087070000008
50.275799999999997 	9.3535107009999994
50.281500000000001 	9.3525129600000003
50.287199999999999 	9.3515154840000001
50.292900000000003 	9.3505182730000005
50.2986 	9.3495213279999998
50.304299999999998 	9.3485246479999997
50.310000000000002 	9.3475282330000002
50.3157 	9.3465320829999996
50.321399999999997 	9.3455361969999995
50.327100000000002 	9.3445405770000001
50.332799999999999 	9.3435452209999994
50.338500000000003 	9.3425501289999993
50.344200000000001 	9.3415553029999998
50.349899999999998 	9.3405607400000008
50.355600000000003 	9.3395664420000006
50.3613 	9.3385724089999993
50.366999999999997 	9.3375786390000002
50.372700000000002 	9.3365851329999998
50.378399999999999 	9.3355918920000001
50.384099999999997 	9.3345989140000007
50.389800000000001 	9.3336062000000002
50.395499999999998 	9.3326137500000002
50.401200000000003 	9.3316215640000006
50.4069 	9.3306296409999998
50.412599999999998 	9.3296379819999995
50.418300000000002 	9.3286465859999996
50.423999999999999 	9.3276554530000002
50.429699999999997 	9.3266645829999995
50.435400000000001 	9.3256739769999992
50.441099999999999 	9.3246836329999994
50.446800000000003 	9.323693553
50.452500000000001 	9.3227037349999993
50.458199999999998 	9.3217141810000008
50.463900000000002 	9.3207248889999992
50.4696 	9.3197358589999997
50.475299999999997 	9.3187470920000006
50.481000000000002 	9.3177585880000002
50.486699999999999 	9.3167703450000001
50.492400000000004 	9.3157823660000005
50.498100000000001 	9.3147946479999995
50.503799999999998 	9.3138071920000005
50.509500000000003 	9.3128199990000002
50.5152 	9.3118330670000002
50.520899999999997 	9.3108463970000006
50.526600000000002 	9.3098599889999996
50.532299999999999 	9.3088738420000006
50.537999999999997 	9.3078879570000002
50.543700000000001 	9.3069023340000001
50.549399999999999 	9.3059169720000003
50.555100000000003 	9.3049318710000009
50.5608 	9.303947032
50.566499999999998 	9.3029624529999992
50.572200000000002 	9.3019781360000007
50.5779 	9.3009940800000006
50.583599999999997 	9.3000102840000007
50.589300000000001 	9.2990267499999995
50.594999999999999 	9.2980434760000001
50.600700000000003 	9.2970604629999993
50.606400000000001 	9.2960777100000005
50.612099999999998 	9.2950952180000002
50.617800000000003 	9.294112986
50.6235 	9.2931310140000001
50.629199999999997 	9.2921493030000004
50.634900000000002 	9.2911678519999992
50.640599999999999 	9.2901866609999999
50.646299999999997 	9.2892057290000007
50.652000000000001 	9.2882250580000001
50.657699999999998 	9.2872446459999995
50.663400000000003 	9.2862644939999992
50.6691 	9.2852846020000008
50.674799999999998 	9.2843049690000008
50.680500000000002 	9.2833255959999992
50.686199999999999 	9.2823464819999995
50.691899999999997 	9.2813676269999998
50.697600000000001 	9.2803890320000004
50.703299999999999 	9.2794106949999993
50.709000000000003 	9.2784326180000001
50.714700000000001 	9.2774547989999991
50.720399999999998 	9.2764772400000002
50.726100000000002 	9.2754999389999995
50.7318 	9.2745228970000007
50.737499999999997 	9.2735461130000001
50.743200000000002 	9.2725695879999996
50.748899999999999 	9.2715933209999992
50.754600000000003 	9.2706173130000007
50.760300000000001 	9.2696415630000004
50.765999999999998 	9.2686660710000002
50.771700000000003 	9.267690837
50.7774 	9.2667158609999998
50.783099999999997 	9.2657411429999996
50.788800000000002 	9.2647666829999995
50.794499999999999 	9.2637924809999994
50.800199999999997 	9.2628185359999993
50.805900000000001 	9.2618448489999992
50.811599999999999 	9.2608714190000008
50.817300000000003 	9.2598982470000006
50.823 	9.2589253320000005
50.828699999999998 	9.2579526750000003
50.834400000000002 	9.256980274
50.8401 	9.2560081309999998
50.845799999999997 	9.2550362439999994
50.851500000000001 	9.2540646150000008
50.857199999999999 	9.2530932420000003
50.862900000000003 	9.2521221259999997
50.868600000000001 	9.2511512669999991
50.874299999999998 	9.2501806640000002
50.880000000000003 	9.2492103179999994
50.8857 	9.2482402280000002
50.891399999999997 	9.2472703939999992
50.897100000000002 	9.2463008169999998
50.902799999999999 	9.2453314960000004
50.908499999999997 	9.2443624310000008
50.914200000000001 	9.2433936219999993
50.919899999999998 	9.2424250679999993
50.925600000000003 	9.2414567709999993
50.9313 	9.2404887290000008
50.936999999999998 	9.2395209430000005
50.942700000000002 	9.238553413
50.948399999999999 	9.2375861379999993
50.954099999999997 	9.2366191180000001
50.959800000000001 	9.2356523540000008
50.965499999999999 	9.2346858449999996
50.971200000000003 	9.2337195909999998
50.976900000000001 	9.2327535919999999
50.982599999999998 	9.2317878479999997
50.988300000000002 	9.2308223589999994
50.994 	9.2298571250000006
50.999699999999997 	9.2288921459999997
51.005400000000002 	9.2279274210000004
51.011099999999999 	9.2269629510000009
51.016800000000003 	9.2259987349999992
51.022500000000001 	9.2250347739999992
51.028199999999998 	9.2240710670000006
51.033900000000003 	9.2231076139999999
51.0396 	9.2221444150000007
51.045299999999997 	9.2211814709999995
51.051000000000002 	9.2202187799999997
51.056699999999999 	9.2192563429999996
51.062399999999997 	9.2182941599999992
51.068100000000001 	9.2173322310000003
51.073799999999999 	9.2163705559999993
51.079500000000003 	9.2154091339999997
51.0852 	9.2144479649999997
51.090899999999998 	9.2134870499999995
51.096600000000002 	9.2125263880000006
51.1023 	9.2115659799999996
51.107999999999997 	9.2106058239999999
51.113700000000001 	9.209645922
51.119399999999999 	9.2086862729999996
51.125100000000003 	9.2077268760000006
51.130800000000001 	9.2067677329999995
51.136499999999998 	9.2058088419999997
51.142200000000003 	9.2048502039999995
51.1479 	9.2038918180000007
51.153599999999997 	9.2029336849999996
51.159300000000002 	9.2019758039999999
51.164999999999999 	9.2010181759999998
51.170699999999997 	9.2000607999999993
51.176400000000001 	9.199103676
51.182099999999998 	9.1981468040000003
51.187800000000003 	9.1971901840000001
51.1935 	9.1962338159999995
51.199199999999998 	9.1952777000000001
51.204900000000002 	9.1943218350000002
51.210599999999999 	9.1933662229999999
51.216299999999997 	9.1924108610000008
51.222000000000001 	9.1914557519999995
51.227699999999999 	9.1905008939999995
51.233400000000003 	9.1895462870000006
51.239100000000001 	9.1885919309999995
51.244799999999998 	9.1876378269999996
51.250500000000002 	9.1866839729999992
51.2562 	9.185730371
51.261899999999997 	9.1847770200000003
51.267600000000002 	9.1838239189999999
51.273299999999999 	9.1828710690000008
51.279000000000003 	9.1819184699999994
51.284700000000001 	9.1809661219999992
51.290399999999998 	9.1800140240000001
51.296100000000003 	9.1790621760000004
51.3018 	9.1781105790000002
51.307499999999997 	9.1771592319999993
51.313200000000002 	9.1762081349999995
51.318899999999999 	9.1752572889999993
51.324599999999997 	9.174306692
51.330300000000001 	9.1733563450000002
51.335999999999999 	9.1724062489999998
51.341700000000003 	9.1714564020000005
51.3474 	9.1705068040000004
51.353099999999998 	9.1695574569999998
51.358800000000002 	9.1686083590000003
51.3645 	9.16765951
51.370199999999997 	9.1667109109999991
51.375900000000001 	9.1657625609999993
51.381599999999999 	9.1648144600000006
51.387300000000003 	9.1638666089999994
51.393000000000001 	9.1629190059999992
51.398699999999998 	9.1619716520000001
51.404400000000003 	9.1610245480000003
51.4101 	9.1600776919999998
51.415799999999997 	9.1591310850000003
51.421500000000002 	9.158184726
51.427199999999999 	9.1572386160000008
51.432899999999997 	9.1562927550000008
51.438600000000001 	9.1553471420000001
51.444299999999998 	9.1544017770000004
51.450000000000003 	9.1534566609999999
51.4557 	9.1525117930000004
51.461399999999998 	9.151567172
51.467100000000002 	9.1506228000000007
51.472799999999999 	9.1496786760000006
51.478499999999997 	9.1487347999999997
51.484200000000001 	9.1477911709999997
51.489899999999999 	9.1468477900000007
51.495600000000003 	9.1459046570000009
51.501300000000001 	9.1449617710000002
51.506999999999998 	9.1440191320000004
51.512700000000002 	9.1430767409999998
51.5184 	9.1421345970000001
51.524099999999997 	9.1411927009999996
51.529800000000002 	9.1402510509999999
51.535499999999999 	9.1393096489999994
51.541200000000003 	9.1383684929999998
51.546900000000001 	9.1374275849999993
51.552599999999998 	9.1364869229999996
51.558300000000003 	9.1355465079999991
51.564 	9.1346063389999994
51.569699999999997 	9.1336664180000007
51.575400000000002 	9.1327267419999991
51.581099999999999 	9.1317873130000002
51.586799999999997 	9.1308481300000004
51.592500000000001 	9.1299091939999997
51.598199999999999 	9.1289705029999997
51.603900000000003 	9.1280320590000006
51.6096 	9.1270938610000005
51.615299999999998 	9.1261559089999995
51.621000000000002 	9.1252182019999992
51.6267 	9.1242807409999998
51.632399999999997 	9.1233435259999993
51.638100000000001 	9.1224065569999997
51.643799999999999 	9.1214698330000008
51.649500000000003 	9.1205333540000009
51.655200000000001 	9.119597121
51.660899999999998 	9.1186611329999998
51.666600000000003 	9.1177253900000004
51.6723 	9.1167898919999999
51.677999999999997 	9.1158546400000002
51.683700000000002 	9.1149196319999994
51.689399999999999 	9.1139848689999994
51.695099999999996 	9.113050351
51.700800000000001 	9.1121160779999997
51.706499999999998 	9.11118205
51.712200000000003 	9.1102482649999992
51.7179 	9.1093147259999991
51.723599999999998 	9.1083814309999998
51.729300000000002 	9.1074483799999992
51.734999999999999 	9.1065155729999994
51.740699999999997 	9.1055830110000002
51.746400000000001 	9.1046506919999999
51.752099999999999 	9.1037186180000003
51.757800000000003 	9.1027867869999994
51.763500000000001 	9.1018552009999993
51.769199999999998 	9.1009238579999998
51.774900000000002 	9.0999927589999992
51.7806 	9.0990619030000008
51.786299999999997 	9.0981312909999996
51.792000000000002 	9.0972009220000007
51.797699999999999 	9.0962707970000007
51.803400000000003 	9.0953409149999995
51.809100000000001 	9.0944112760000007
51.814799999999998 	9.0934818810000007
51.820500000000003 	9.0925527279999994
51.8262 	9.0916238190000005
51.831899999999997 	9.0906951520000003
51.837600000000002 	9.0897667280000007
51.843299999999999 	9.0888385469999999
51.848999999999997 	9.0879106079999996
51.854700000000001 	9.0869829119999999
51.860399999999998 	9.0860554590000007
51.866100000000003 	9.0851282480000002
51.8718 	9.0842012790000002
51.877499999999998 	9.0832745530000008
51.883200000000002 	9.082348069
51.8889 	9.0814218269999998
51.894599999999997 	9.080495827
51.900300000000001 	9.0795700680000007
51.905999999999999 	9.0786445520000001
51.911700000000003 	9.077719278
51.917400000000001 	9.0767942450000003
51.923099999999998 	9.0758694539999993
51.928800000000003 	9.0749449040000005
51.9345 	9.0740205960000004
51.940199999999997 	9.0730965290000007
51.945900000000002 	9.0721727039999998
51.951599999999999 	9.0712491199999992
51.957299999999996 	9.0703257770000008
51.963000000000001 	9.0694026749999992
51.968699999999998 	9.0684798139999998
51.974400000000003 	9.0675571940000008
51.9801 	9.0666348150000005
51.985799999999998 	9.0657126770000005
51.991500000000002 	9.0647907790000009
51.997199999999999 	9.0638691219999998
52.002899999999997 	9.0629477059999992
52.008600000000001 	9.0620265300000007
52.014299999999999 	9.0611055940000007
52.020000000000003 	9.0601848989999993
52.025700000000001 	9.0592644440000001
52.031399999999998 	9.0583442289999994
52.037100000000002 	9.0574242540000007
52.0428 	9.0565045190000006
52.048499999999997 	9.0555850240000009
52.054200000000002 	9.0546657689999996
52.059899999999999 	9.0537467540000005
52.065600000000003 	9.0528279779999998
52.071300000000001 	9.0519094419999995
52.076999999999998 	9.0509911449999993
52.082700000000003 	9.0500730879999995
52.0884 	9.04915527
52.094099999999997 	9.0482376920000007
52.099800000000002 	9.0473203529999999
52.105499999999999 	9.0464032529999994
52.111199999999997 	9.0454863920000008
52.116900000000001 	9.0445697700000007
52.122599999999998 	9.0436533860000008
52.128300000000003 	9.0427372419999994
52.134 	9.041821337
52.139699999999998 	9.0409056700000008
52.145400000000002 	9.0399902409999999
52.1511 	9.0390750519999994
52.156799999999997 	9.0381601000000007
52.162500000000001 	9.0372453870000005
52.168199999999999 	9.0363309130000005
52.173900000000003 	9.0354166760000005
52.179600000000001 	9.0345026780000008
52.185299999999998 	9.0335889179999995
52.191000000000003 	9.0326753950000001
52.1967 	9.0317621110000008
52.202399999999997 	9.0308490639999999
52.208100000000002 	9.0299362559999992
52.213799999999999 	9.0290236840000002
52.219499999999996 	9.0281113509999997
52.225200000000001 	9.0271992549999993
52.230899999999998 	9.0262873960000007
52.236600000000003 	9.0253757750000005
52.2423 	9.0244643910000004
52.247999999999998 	9.0235532440000004
52.253700000000002 	9.0226423350000005
52.259399999999999 	9.0217316620000005
52.265099999999997 	9.0208212270000008
52.270800000000001 	9.0199110279999992
52.276499999999999 	9.0190010659999995
52.282200000000003 	9.0180913409999999
52.2879 	9.0171818530000003
52.293599999999998 	9.0162726010000007
52.299300000000002 	9.0153635859999994
52.305 	9.0144548069999999
52.310699999999997 	9.0135462640000004
52.316400000000002 	9.0126379579999991
52.322099999999999 	9.0117298879999996
52.327800000000003 	9.0108220540000001
52.333500000000001 	9.0099144560000006
52.339199999999998 	9.0090070949999994
52.344900000000003 	9.0080999689999999
52.3506 	9.0071930790000003
52.356299999999997 	9.0062864240000007
52.362000000000002 	9.0053800059999993
52.367699999999999 	9.0044738229999997
52.373399999999997 	9.0035678749999999
52.379100000000001 	9.0026621630000001
52.384799999999998 	9.0017566860000002
52.390500000000003 	9.0008514450000003
52.3962 	8.9999464390000004
52.401899999999998 	8.9990416680000003
52.407600000000002 	8.9981371320000001
52.4133 	8.9972328309999998
52.418999999999997 	8.9963287649999994
52.424700000000001 	8.9954249340000008
52.430399999999999 	8.9945213370000001
52.436100000000003 	8.9936179759999995
52.441800000000001 	8.9927148480000003
52.447499999999998 	8.9918119559999994
52.453200000000002 	8.990909298
52.4589 	8.9900068740000005
52.464599999999997 	8.9891046849999992
52.470300000000002 	8.9882027289999993
52.475999999999999 	8.9873010079999993
52.481699999999996 	8.9863995209999992
52.487400000000001 	8.9854982680000006
52.493099999999998 	8.9845972490000001
52.498800000000003 	8.9836964639999994
52.5045 	8.9827959130000004
52.510199999999998 	8.9818955949999992
52.515900000000002 	8.9809955109999997
52.521599999999999 	8.980095661
52.527299999999997 	8.979196044
52.533000000000001 	8.9782966599999998
52.538699999999999 	8.9773975099999994
52.544400000000003 	8.9764985930000005
52.5501 	8.9755999089999996
52.555799999999998 	8.9747014580000002
52.561500000000002 	8.9738032410000006
52.5672 	8.9729052560000007
52.572899999999997 	8.9720075040000005
52.578600000000002 	8.971109985
52.584299999999999 	8.9702126979999992
52.590000000000003 	8.969315645
52.595700000000001 	8.9684188240000005
52.601399999999998 	8.9675222350000006
52.607100000000003 	8.9666258790000004
52.6128 	8.9657297549999999
52.618499999999997 	8.9648338630000008
52.624200000000002 	8.9639382039999997
52.629899999999999 	8.9630427770000001
52.635599999999997 	8.9621475820000001
52.641300000000001 	8.9612526179999996
52.646999999999998 	8.9603578870000007
52.652700000000003 	8.9594633879999996
52.6584 	8.9585691199999999
52.664099999999998 	8.9576750839999999
52.669800000000002 	8.9567812789999994
52.6755 	8.9558877060000004
52.681199999999997 	8.9549943649999992
52.686900000000001 	8.9541012549999994
52.692599999999999 	8.9532083759999992
52.698300000000003 	8.9523157280000003
52.704000000000001 	8.9514233119999993
52.709699999999998 	8.9505311269999996
52.715400000000002 	8.9496391719999995
52.7211 	8.9487474490000007
52.726799999999997 	8.9478559559999997
52.732500000000002 	8.9469646950000001
52.738199999999999 	8.946073663
52.743899999999996 	8.9451828629999994
52.749600000000001 	8.9442922930000002
52.755299999999998 	8.9434019540000005
52.761000000000003 	8.9425118450000003
52.7667 	8.9416219659999996
52.772399999999998 	8.9407323180000002
52.778100000000002 	8.9398429000000004
52.783799999999999 	8.9389537109999999
52.789499999999997 	8.9380647530000008
52.795200000000001 	8.9371760249999994
52.800899999999999 	8.9362875269999993
52.806600000000003 	8.9353992590000004
52.8123 	8.9345112199999992
52.817999999999998 	8.9336234109999992
52.823700000000002 	8.9327358320000005
52.8294 	8.9318484819999995
52.835099999999997 	8.9309613609999996
52.840800000000002 	8.9300744699999992
52.846499999999999 	8.9291878090000001
52.852200000000003 	8.9283013760000003
52.857900000000001 	8.927415173
52.863599999999998 	8.9265291980000008
52.869300000000003 	8.9256434529999993
52.875 	8.9247579370000008
52.880699999999997 	8.9238726489999998
52.886400000000002 	8.9229875910000001
52.892099999999999 	8.9221027609999997
52.897799999999997 	8.9212181590000004
52.903500000000001 	8.9203337860000005
52.909199999999998 	8.919449642
52.914900000000003 	8.9185657260000006
52.9206 	8.9176820380000006
52.926299999999998 	8.9167985789999999
52.932000000000002 	8.9159153480000004
52.9377 	8.9150323450000002
52.943399999999997 	8.9141495699999993
52.949100000000001 	8.9132670229999995
52.954799999999999 	8.9123847040000008
52.960500000000003 	8.9115026129999997
52.966200000000001 	8.9106207489999996
52.971899999999998 	8.9097391130000005
52.977600000000002 	8.9088577050000008
52.9833 	8.9079765240000004
52.988999999999997 	8.9070955709999993
52.994700000000002 	8.9062148449999992
53.000399999999999 	8.9053343470000002
53.006100000000004 	8.9044540750000003
53.011800000000001 	8.9035740309999998
53.017499999999998 	8.9026942140000003
53.023200000000003 	8.901814624
53.0289 	8.9009352610000008
53.034599999999998 	8.9000561250000008
53.040300000000002 	8.8991772149999999
53.045999999999999 	8.8982985320000001
53.051699999999997 	8.8974200759999995
53.057400000000001 	8.8965418469999999
53.063099999999999 	8.8956638439999995
53.068800000000003 	8.8947860670000001
53.0745 	8.8939085169999998
53.080199999999998 	8.8930311930000006
53.085900000000002 	8.8921540960000005
53.0916 	8.8912772239999995
53.097299999999997 	8.8904005789999996
53.103000000000002 	8.8895241590000005
53.108699999999999 	8.8886479660000006
53.114400000000003 	8.8877719979999998
53.120100000000001 	8.886896256
53.125799999999998 	8.8860207399999993
53.131500000000003 	8.8851454499999996
53.1372 	8.8842703850000007
53.142899999999997 	8.8833955450000008
53.148600000000002 	8.8825209310000002
53.154299999999999 	8.8816465420000004
53.159999999999997 	8.8807723789999997
53.165700000000001 	8.8798984409999999
53.171399999999998 	8.8790247279999992
53.177100000000003 	8.8781512399999993
53.1828 	8.8772779770000003
53.188499999999998 	8.8764049380000003
53.194200000000002 	8.8755321249999994
53.1999 	8.8746595369999994
53.205599999999997 	8.8737871730000002
53.211300000000001 	8.872915033
53.216999999999999 	8.8720431190000006
53.222700000000003 	8.8711714290000003
53.228400000000001 	8.8702999630000008
53.234099999999998 	8.8694287210000002
53.239800000000002 	8.8685577040000005
53.2455 	8.8676869109999998
53.251199999999997 	8.8668163419999999
53.256900000000002 	8.8659459970000007
53.262599999999999 	8.8650758760000006
53.268300000000004 	8.8642059789999994
53.274000000000001 	8.8633363060000008
53.279699999999998 	8.8624668569999994
53.285400000000003 	8.8615976310000004
53.2911 	8.8607286290000005
53.296799999999998 	8.8598598509999995
53.302500000000002 	8.8589912949999992
53.308199999999999 	8.8581229639999997
53.313899999999997 	8.8572548550000008
53.319600000000001 	8.8563869700000009
53.325299999999999 	8.8555193079999999
53.331000000000003 	8.8546518699999996
53.3367 	8.853784654
53.342399999999998 	8.8529176609999993
53.348100000000002 	8.8520508909999993
53.3538 	8.851184344
53.359499999999997 	8.8503180199999996
53.365200000000002 	8.8494519179999998
53.370899999999999 	8.8485860390000006
53.376600000000003 	8.8477203830000004
53.382300000000001 	8.8468549490000008
53.387999999999998 	8.845989737
53.393700000000003 	8.8451247479999999
53.3994 	8.8442599810000004
53.405099999999997 	8.8433954359999998
53.410800000000002 	8.8425311129999997
53.416499999999999 	8.8416670120000003
53.422199999999997 	8.8408031339999997
53.427900000000001 	8.8399394769999997
53.433599999999998 	8.8390760420000003
53.439300000000003 	8.8382128289999997
53.445 	8.8373498369999997
53.450699999999998 	8.8364870670000002
53.456400000000002 	8.8356245189999996
53.4621 	8.8347621919999995
53.467799999999997 	8.8339000859999999
53.473500000000001 	8.8330382019999991
53.479199999999999 	8.8321765390000007
53.484900000000003 	8.8313150969999992
53.490600000000001 	8.8304538770000001
53.496299999999998 	8.8295928769999996
53.502000000000002 	8.8287320979999997
53.5077 	8.8278715410000004
53.513399999999997 	8.8270112039999997
53.519100000000002 	8.8261510879999996
53.524799999999999 	8.8252911919999999
53.530500000000004 	8.8244315170000007
53.536200000000001 	8.8235720630000003
53.541899999999998 	8.8227128290000003
53.547600000000003 	8.8218538160000008
53.5533 	8.820995023
53.558999999999997 	8.8201364499999997
53.564700000000002 	8.8192780979999998
53.570399999999999 	8.8184199650000004
53.576099999999997 	8.8175620529999996
53.581800000000001 	8.8167043599999992
53.587499999999999 	8.8158468879999994
53.593200000000003 	8.8149896349999999
53.5989 	8.8141326020000008
53.604599999999998 	8.8132757890000004
53.610300000000002 	8.8124191960000005
53.616 	8.8115628220000008
53.621699999999997 	8.8107066669999998
53.627400000000002 	8.8098507319999992
53.633099999999999 	8.8089950160000008
53.638800000000003 	8.8081395199999992
53.644500000000001 	8.8072842429999998
53.650199999999998 	8.8064291850000007
53.655900000000003 	8.8055743460000002
53.6616 	8.8047197260000001
53.667299999999997 	8.8038653250000003
53.673000000000002 	8.8030111420000008
53.678699999999999 	8.8021571789999999
53.684399999999997 	8.8013034339999994
53.690100000000001 	8.8004499079999992
53.695799999999998 	8.7995966009999993
53.701500000000003 	8.7987435119999997
53.7072 	8.7978906410000004
53.712899999999998 	8.7970379889999997
53.718600000000002 	8.7961855549999992
53.724299999999999 	8.7953333400000009
53.729999999999997 	8.7944813419999992
53.735700000000001 	8.7936295629999996
53.741399999999999 	8.7927780010000003
53.747100000000003 	8.7919266579999995
53.752800000000001 	8.7910755330000008
53.758499999999998 	8.7902246250000005
53.764200000000002 	8.7893739350000004
53.7699 	8.7885234630000006
53.775599999999997 	8.7876732079999993
53.781300000000002 	8.786823171
53.786999999999999 	8.7859733510000009
53.792700000000004 	8.7851237490000003
53.798400000000001 	8.7842743639999998
53.804099999999998 	8.7834251959999996
53.809800000000003 	8.7825762459999996
53.8155 	8.7817275119999998
53.821199999999997 	8.7808789960000002
53.826900000000002 	8.7800306970000008
53.832599999999999 	8.7791826139999998
53.838299999999997 	8.7783347480000007
53.844000000000001 	8.7774871000000001
53.849699999999999 	8.7766396669999995
53.855400000000003 	8.7757924519999992
53.8611 	8.7749454530000008
53.866799999999998 	8.7740986710000008
53.872500000000002 	8.7732521040000009
53.8782 	8.7724057549999994
53.883899999999997 	8.7715596209999998
53.889600000000002 	8.7707137040000003
53.895299999999999 	8.7698680029999991
53.901000000000003 	8.7690225179999999
53.906700000000001 	8.7681772490000007
53.912399999999998 	8.7673321959999999
53.918100000000003 	8.7664873589999992
53.9238 	8.7656427380000004
53.929499999999997 	8.7647983319999998
53.935200000000002 	8.7639541419999993
53.940899999999999 	8.7631101680000008
53.946599999999997 	8.7622664090000004
53.952300000000001 	8.7614228660000002
53.957999999999998 	8.760579538
53.963700000000003 	8.7597364249999998
53.9694 	8.7588935279999998
53.975099999999998 	8.7580508449999996
53.980800000000002 	8.7572083779999996
53.986499999999999 	8.7563661259999996
53.992199999999997 	8.7555240889999997
53.997900000000001 	8.7546822669999997
54.003599999999999 	8.7538406599999998
54.009300000000003 	8.7529992669999999
54.015000000000001 	8.7521580889999999
54.020699999999998 	8.751317126
54.026400000000002 	8.750476377
54.0321 	8.7496358430000001
54.037799999999997 	8.7487955230000001
54.043500000000002 	8.7479554180000001
54.049199999999999 	8.7471155270000001
54.054900000000004 	8.74627585
54.060600000000001 	8.7454363869999998
54.066299999999998 	8.7445971389999997
54.072000000000003 	8.7437581039999994
54.0777 	8.7429192830000009
54.083399999999997 	8.7420806760000005
54.089100000000002 	8.7412422830000001
54.094799999999999 	8.7404041039999996
54.100499999999997 	8.7395661390000008
54.106200000000001 	8.7387283870000001
54.111899999999999 	8.7378908479999993
54.117600000000003 	8.7370535230000002
54.1233 	8.7362164119999992
54.128999999999998 	8.7353795139999999
54.134700000000002 	8.7345428290000005
54.1404 	8.7337063570000009
54.146099999999997 	8.7328700979999994
54.151800000000001 	8.7320340529999996
54.157499999999999 	8.7311982199999996
54.163200000000003 	8.7303626009999995
54.168900000000001 	8.7295271939999992
54.174599999999998 	8.7286920000000006
54.180300000000003 	8.727857019
54.186 	8.7270222499999992
54.191699999999997 	8.7261876940000001
54.197400000000002 	8.7253533510000008
54.203099999999999 	8.7245192199999995
54.208799999999997 	8.7236853009999997
54.214500000000001 	8.7228515949999998
54.220199999999998 	8.7220181009999997
54.225900000000003 	8.7211848189999994
54.2316 	8.7203517490000007
54.237299999999998 	8.7195188909999999
54.243000000000002 	8.7186862460000008
54.248699999999999 	8.7178538119999995
54.254399999999997 	8.7170215899999999
54.260100000000001 	8.7161895789999999
54.265799999999999 	8.7153577809999998
54.271500000000003 	8.7145261939999994
54.277200000000001 	8.7136948190000005
54.282899999999998 	8.7128636549999996
54.288600000000002 	8.7120327030000002
54.2943 	8.7112019620000005
54.299999999999997 	8.7103714320000005
54.305700000000002 	8.7095411140000003
54.311399999999999 	8.7087110059999997
54.317100000000003 	8.7078811100000006
54.322800000000001 	8.7070514249999995
54.328499999999998 	8.7062219509999998
54.334200000000003 	8.7053926879999999
54.3399 	8.7045636349999995
54.345599999999997 	8.7037347940000007
54.351300000000002 	8.7029061629999998
54.356999999999999 	8.7020777420000002
54.362699999999997 	8.7012495330000004
54.368400000000001 	8.7004215330000001
54.374099999999999 	8.6995937449999996
54.379800000000003 	8.6987661660000004
54.3855 	8.6979387979999991
54.391199999999998 	8.6971116399999993
54.396900000000002 	8.6962846920000008
54.4026 	8.6954579550000002
54.408299999999997 	8.6946314269999991
54.414000000000001 	8.6938051089999995
54.419699999999999 	8.6929790019999995
54.425400000000003 	8.6921531040000009
54.431100000000001 	8.691327416
54.436799999999998 	8.6905019370000005
54.442500000000003 	8.6896766680000006
54.4482 	8.6888516090000003
54.453899999999997 	8.6880267589999995
54.459600000000002 	8.6872021190000002
54.465299999999999 	8.6863776880000003
54.470999999999997 	8.685553466
54.476700000000001 	8.6847294539999993
54.482399999999998 	8.6839056499999998
54.488100000000003 	8.6830820559999999
54.4938 	8.6822586709999996
54.499499999999998 	8.6814354950000006
54.505200000000002 	8.6806125269999992
54.510899999999999 	8.6797897689999992
54.516599999999997 	8.6789672190000005
54.522300000000001 	8.6781448779999995
54.527999999999999 	8.6773227459999998
54.533700000000003 	8.6765008219999995
54.539400000000001 	8.6756791070000006
54.545099999999998 	8.6748575999999993
54.550800000000002 	8.6740363009999992
54.5565 	8.6732152110000005
54.562199999999997 	8.6723943289999994
54.567900000000002 	8.6715736549999995
54.573599999999999 	8.6707531899999992
54.579300000000003 	8.669932932
54.585000000000001 	8.6691128820000003
54.590699999999998 	8.66829304
54.596400000000003 	8.6674734059999992
54.6021 	8.6666539799999995
54.607799999999997 	8.6658347619999994
54.613500000000002 	8.6650157510000003
54.619199999999999 	8.6641969480000007
54.624899999999997 	8.6633783520000005
54.630600000000001 	8.6625599629999996
54.636299999999999 	8.6617417830000001
54.642000000000003 	8.6609238089999998
54.6477 	8.6601060430000008
54.653399999999998 	8.6592884829999992
54.659100000000002 	8.6584711310000007
54.6648 	8.6576539859999997
54.670499999999997 	8.6568370479999999
54.676200000000001 	8.6560203169999994
54.681899999999999 	8.6552037930000001
54.687600000000003 	8.6543874750000001
54.693300000000001 	8.6535713639999994
54.698999999999998 	8.6527554599999998
54.704700000000003 	8.6519397619999996
54.7104 	8.6511242710000005
54.716099999999997 	8.6503089870000007
54.721800000000002 	8.6494939090000003
54.727499999999999 	8.6486790370000008
54.733199999999997 	8.6478643710000007
54.738900000000001 	8.6470499119999999
54.744599999999998 	8.6462356580000002
54.750300000000003 	8.6454216109999997
54.756 	8.6446077700000004
54.761699999999998 	8.6437941350000003
54.767400000000002 	8.6429807049999994
54.773099999999999 	8.6421674819999996
54.778799999999997 	8.6413544640000008
54.784500000000001 	8.6405416509999995
54.790199999999999 	8.6397290449999993
54.795900000000003 	8.638916644
54.801600000000001 	8.638104448
54.807299999999998 	8.6372924579999992
54.813000000000002 	8.6364806729999994
54.8187 	8.6356690940000007
54.824399999999997 	8.6348577189999993
54.830100000000002 	8.6340465500000008
54.835799999999999 	8.6332355859999996
54.841500000000003 	8.6324248269999995
54.847200000000001 	8.6316142730000003
54.852899999999998 	8.6308039230000002
54.858600000000003 	8.6299937789999994
54.8643 	8.6291838389999995
54.869999999999997 	8.6283741040000006
54.875700000000002 	8.6275645740000009
54.881399999999999 	8.6267552480000003
54.887099999999997 	8.6259461270000006
54.892800000000001 	8.6251372100000001
54.898499999999999 	8.6243284980000006
54.904200000000003 	8.6235199890000001
54.9099 	8.6227116860000006
54.915599999999998 	8.6219035860000002
54.921300000000002 	8.6210956900000006
54.927 	8.6202879990000003
54.932699999999997 	8.6194805110000008
54.938400000000001 	8.6186732270000004
54.944099999999999 	8.6178661470000009
54.949800000000003 	8.6170592710000005
54.955500000000001 	8.6162525989999992
54.961199999999998 	8.6154461300000005
54.966900000000003 	8.6146398649999991
54.9726 	8.6138338040000004
54.978299999999997 	8.6130279460000008
54.984000000000002 	8.6122222910000001
54.989699999999999 	8.6114168400000004
54.995399999999997 	8.6106115919999997
55.001100000000001 	8.6098065469999998
55.006799999999998 	8.6090017050000007
55.012500000000003 	8.6081970660000007
55.0182 	8.6073926309999997
55.023899999999998 	8.6065883979999995
55.029600000000002 	8.6057843680000001
55.035299999999999 	8.6049805419999998
55.040999999999997 	8.6041769170000002
55.046700000000001 	8.6033734959999997
55.052399999999999 	8.6025702769999999
55.058100000000003 	8.6017672610000009
55.063800000000001 	8.6009644470000008
55.069499999999998 	8.6001618359999998
55.075200000000002 	8.5993594269999996
55.0809 	8.59855722
55.086599999999997 	8.5977552149999994
55.092300000000002 	8.5969534129999996
55.097999999999999 	8.5961518130000005
55.103700000000003 	8.5953504150000004
55.109400000000001 	8.5945492189999992
55.115099999999998 	8.5937482250000006
55.120800000000003 	8.5929474320000008
55.1265 	8.592146842
55.132199999999997 	8.5913464529999999
55.137900000000002 	8.5905462660000005
55.143599999999999 	8.589746281
55.149299999999997 	8.5889464970000002
55.155000000000001 	8.5881469139999993
55.160699999999999 	8.5873475330000009
55.166400000000003 	8.5865483529999995
55.1721 	8.5857493750000007
55.177799999999998 	8.5849505980000007
55.183500000000002 	8.5841520219999996
55.1892 	8.5833536469999991
55.194899999999997 	8.5825554729999993
55.200600000000001 	8.5817575000000001
55.206299999999999 	8.5809597279999998
55.212000000000003 	8.5801621570000002
55.217700000000001 	8.5793647869999994
55.223399999999998 	8.5785676169999991
55.229100000000003 	8.5777706479999996
55.2348 	8.5769738790000005
55.240499999999997 	8.5761773120000004
55.246200000000002 	8.5753809440000008
55.251899999999999 	8.5745847770000001
55.257599999999996 	8.5737888099999999
55.263300000000001 	8.5729930440000004
55.268999999999998 	8.5721974779999996
55.274700000000003 	8.5714021119999995
55.2804 	8.5706069459999998
55.286099999999998 	8.5698119800000008
55.291800000000002 	8.5690172140000005
55.297499999999999 	8.5682226480000008
55.303199999999997 	8.5674282809999998
55.308900000000001 	8.5666341149999994
55.314599999999999 	8.5658401479999995
55.320300000000003 	8.5650463810000002
55.326000000000001 	8.5642528129999995
55.331699999999998 	8.5634594449999994
55.337400000000002 	8.5626662759999999
55.3431 	8.5618733070000008
55.348799999999997 	8.5610805370000005
55.354500000000002 	8.5602879670000007
55.360199999999999 	8.5594955949999996
55.365900000000003 	8.5587034230000008
55.371600000000001 	8.5579114500000006
55.377299999999998 	8.5571196749999991
55.383000000000003 	8.5563281
55.3887 	8.5555367239999995
55.394399999999997 	8.5547455459999995
55.400100000000002 	8.5539545669999999
55.405799999999999 	8.5531637870000008
55.411499999999997 	8.5523732060000004
55.417200000000001 	8.5515828230000004
55.422899999999998 	8.5507926380000008
55.428600000000003 	8.5500026519999999
55.4343 	8.5492128649999994
55.439999999999998 	8.5484232759999994
55.445700000000002 	8.5476338849999998
55.4514 	8.5468446920000005
55.457099999999997 	8.5460556969999999
55.462800000000001 	8.5452669009999997
55.468499999999999 	8.5444783019999999
55.474200000000003 	8.5436899010000005
55.479900000000001 	8.5429016989999997
55.485599999999998 	8.5421136939999993
55.491300000000003 	8.5413258869999993
55.497 	8.5405382769999996
55.502699999999997 	8.5397508650000002
55.508400000000002 	8.5389636509999995
55.514099999999999 	8.5381766339999992
55.519799999999996 	8.5373898149999992
55.525500000000001 	8.5366031929999995
55.531199999999998 	8.5358167680000001
55.536900000000003 	8.5350305409999994
55.5426 	8.5342445110000007
55.548299999999998 	8.5334586780000006
55.554000000000002 	8.5326730420000008
55.559699999999999 	8.5318876029999995
55.565399999999997 	8.5311023610000003
55.571100000000001 	8.5303173159999996
55.576799999999999 	8.5295324679999993
55.582500000000003 	8.5287478159999992
55.588200000000001 	8.5279633619999995
55.593899999999998 	8.527179104
55.599600000000002 	8.5263950420000008
55.6053 	8.525611177
55.610999999999997 	8.5248275079999996
55.616700000000002 	8.5240440359999994
55.622399999999999 	8.5232607599999994
55.628100000000003 	8.5224776809999998
55.633800000000001 	8.5216947970000003
55.639499999999998 	8.5209121099999994
55.645200000000003 	8.5201296190000004
55.6509 	8.5193473239999999
55.656599999999997 	8.5185652249999997
55.662300000000002 	8.5177833219999997
55.667999999999999 	8.5170016139999998
55.673699999999997 	8.5162201020000001
55.679400000000001 	8.5154387870000008
55.685099999999998 	8.5146576659999997
55.690800000000003 	8.5138767420000008
55.6965 	8.5130960120000001
55.702199999999998 	8.5123154789999997
55.707900000000002 	8.5115351399999994
55.7136 	8.5107549969999994
55.719299999999997 	8.5099750499999995
55.725000000000001 	8.5091952969999998
55.730699999999999 	8.5084157400000002
55.736400000000003 	8.5076363780000008
55.742100000000001 	8.5068572109999998
55.747799999999998 	8.5060782390000007
55.753500000000003 	8.5052994609999999
55.7592 	8.5045208789999993
55.764899999999997 	8.5037424910000006
55.770600000000002 	8.5029642980000002
55.776299999999999 	8.5021863
55.781999999999996 	8.5014084969999999
55.787700000000001 	8.5006308869999998
55.793399999999998 	8.4998534729999999
55.799100000000003 	8.4990762530000001
55.8048 	8.4982992270000004
55.810499999999998 	8.4975223950000007
55.816200000000002 	8.4967457579999994
55.821899999999999 	8.495969315
55.827599999999997 	8.4951930660000006
55.833300000000001 	8.4944170109999995
55.838999999999999 	8.4936411500000002
55.844700000000003 	8.4928654829999992
55.8504 	8.4920900100000001
55.856099999999998 	8.4913147309999992
55.861800000000002 	8.4905396460000002
55.8675 	8.4897647539999994
55.873199999999997 	8.4889900560000005
55.878900000000002 	8.4882155509999997
55.884599999999999 	8.4874412400000008
55.890300000000003 	8.4866671220000001
55.896000000000001 	8.4858931979999994
55.901699999999998 	8.4851194670000005
55.907400000000003 	8.4843459289999998
55.9131 	8.4835725849999992
55.918799999999997 	8.4827994340000004
55.924500000000002 	8.4820264749999996
55.930199999999999 	8.4812537100000007
55.935899999999997 	8.480481138
55.941600000000001 	8.4797087579999992
55.947299999999998 	8.4789365720000003
55.953000000000003 	8.4781645779999995
55.9587 	8.4773927770000004
55.964399999999998 	8.4766211689999995
55.970100000000002 	8.4758497530000003
55.9758 	8.4750785299999993
55.981499999999997 	8.474307499
55.987200000000001 	8.4735366610000007
55.992899999999999 	8.4727660149999995
55.998600000000003 	8.471995561
56.004300000000001 	8.4712253000000004
56.009999999999998 	8.4704552310000008
56.015700000000002 	8.4696853529999991
56.0214 	8.4689156679999993
56.027099999999997 	8.4681461749999993
56.032800000000002 	8.4673768739999993
56.038499999999999 	8.4666077649999991
56.044199999999996 	8.4658388470000006
56.049900000000001 	8.4650701220000002
56.055599999999998 	8.4643015879999997
56.061300000000003 	8.4635332450000007
56.067 	8.462765095
56.072699999999998 	8.4619971350000007
56.078400000000002 	8.4612293679999997
56.084099999999999 	8.4604617910000002
56.089799999999997 	8.4596944060000006
56.095500000000001 	8.4589272120000008
56.101199999999999 	8.4581602100000008
56.106900000000003 	8.4573933980000007
56.1126 	8.4566267780000004
56.118299999999998 	8.4558603479999999
56.124000000000002 	8.4550941099999992
56.1297 	8.4543280630000002
56.135399999999997 	8.4535622060000009
56.141100000000002 	8.4527965399999996
56.146799999999999 	8.4520310649999999
56.152500000000003 	8.451265781
56.158200000000001 	8.4505006869999999
56.163899999999998 	8.4497357839999996
56.169600000000003 	8.4489710710000008
56.1753 	8.448206549
56.180999999999997 	8.4474422170000008
56.186700000000002 	8.4466780749999995
56.192399999999999 	8.4459141239999997
56.198099999999997 	8.4451503629999998
56.203800000000001 	8.4443867919999995
56.209499999999998 	8.4436234110000008
56.215200000000003 	8.44286022
56.2209 	8.4420972190000008
56.226599999999998 	8.4413344079999995
56.232300000000002 	8.4405717869999997
56.238 	8.4398093559999996
56.243699999999997 	8.4390471139999992
56.249400000000001 	8.4382850620000003
56.255099999999999 	8.4375231989999993
56.260800000000003 	8.4367615269999998
56.266500000000001 	8.4360000429999999
56.272199999999998 	8.4352387489999998
56.277900000000002 	8.4344776449999994
56.2836 	8.4337167290000004
56.289299999999997 	8.4329560029999993
56.295000000000002 	8.4321954659999996
56.300699999999999 	8.4314351189999996
56.306399999999996 	8.4306749599999993
56.312100000000001 	8.4299149900000003
56.317799999999998 	8.4291552099999993
56.323500000000003 	8.4283956179999997
56.3292 	8.4276362149999997
56.334899999999998 	8.4268769999999993
56.340600000000002 	8.4261179750000004
56.346299999999999 	8.4253591379999992
56.351999999999997 	8.4246004899999996
56.357700000000001 	8.4238420299999994
56.363399999999999 	8.4230837590000007
56.369100000000003 	8.4223256759999998
56.3748 	8.4215677820000003
56.380499999999998 	8.4208100750000003
56.386200000000002 	8.420052557
56.3919 	8.4192952279999993
56.397599999999997 	8.4185380859999999
56.403300000000002 	8.4177811330000001
56.408999999999999 	8.4170243669999998
56.414700000000003 	8.4162677890000008
56.420400000000001 	8.4155113999999998
56.426099999999998 	8.4147551979999999
56.431800000000003 	8.4139991839999997
56.4375 	8.4132433570000007
56.443199999999997 	8.4124877189999996
56.448900000000002 	8.4117322669999997
56.454599999999999 	8.4109770039999994
56.460299999999997 	8.4102219280000003
56.466000000000001 	8.4094670390000008
56.471699999999998 	8.4087123380000008
56.477400000000003 	8.4079578230000003
56.4831 	8.4072034969999994
56.488799999999998 	8.4064493569999996
56.494500000000002 	8.4056954039999994
56.5002 	8.4049416390000005
56.505899999999997 	8.4041880609999993
56.511600000000001 	8.4034346689999992
56.517299999999999 	8.4026814650000006
56.523000000000003 	8.4019284469999995
56.528700000000001 	8.4011756159999997
56.534399999999998 	8.4004229719999994
56.540100000000002 	8.3996705140000003
56.5458 	8.3989182430000007
56.551499999999997 	8.3981661580000004
56.557200000000002 	8.3974142609999998
56.562899999999999 	8.3966625490000002
56.568600000000004 	8.3959110240000001
56.574300000000001 	8.3951596849999994
56.579999999999998 	8.3944085319999999
56.585700000000003 	8.3936575659999999
56.5914 	8.3929067859999993
56.597099999999998 	8.3921561909999998
56.602800000000002 	8.3914057829999997
56.608499999999999 	8.3906555610000009
56.614199999999997 	8.3899055249999996
56.619900000000001 	8.3891556739999995
56.625599999999999 	8.3884060090000006
56.631300000000003 	8.3876565299999992
56.637 	8.3869072370000008
56.642699999999998 	8.386158129
56.648400000000002 	8.3854092070000004
56.6541 	8.3846604710000001
56.659799999999997 	8.3839119190000009
56.665500000000002 	8.3831635529999993
56.671199999999999 	8.3824153730000006
56.676900000000003 	8.3816673779999995
56.682600000000001 	8.3809195679999995
56.688299999999998 	8.3801719430000006
56.694000000000003 	8.3794245029999992
56.6997 	8.3786772480000007
56.705399999999997 	8.3779301779999997
56.711100000000002 	8.3771832939999999
56.716799999999999 	8.3764365939999994
56.722499999999997 	8.3756900779999999
56.728200000000001 	8.3749437479999997
56.733899999999998 	8.3741976020000006
56.739600000000003 	8.3734516410000008
56.7453 	8.3727058640000003
56.750999999999998 	8.3719602720000008
56.756700000000002 	8.3712148650000007
56.7624 	8.3704696409999997
56.768099999999997 	8.3697246029999999
56.773800000000001 	8.3689797479999992
56.779499999999999 	8.3682350779999997
56.785200000000003 	8.3674905909999993
56.790900000000001 	8.3667462889999999
56.796599999999998 	8.3660021709999999
56.802300000000002 	8.3652582370000008
56.808 	8.3645144869999992
56.813699999999997 	8.3637709210000004
56.819400000000002 	8.3630275390000008
56.825099999999999 	8.3622843400000004
56.830800000000004 	8.3615413249999992
56.836500000000001 	8.3607984940000009
56.842199999999998 	8.3600558459999998
56.847900000000003 	8.3593133819999998
56.8536 	8.3585711020000009
56.859299999999998 	8.3578290039999992
56.865000000000002 	8.3570870910000004
56.870699999999999 	8.3563453600000006
56.876399999999997 	8.3556038130000001
56.882100000000001 	8.3548624490000005
56.887799999999999 	8.3541212680000001
56.893500000000003 	8.3533802700000006
56.8992 	8.3526394550000003
56.904899999999998 	8.3518988230000009
56.910600000000002 	8.3511583740000006
56.9163 	8.3504181079999995
56.921999999999997 	8.3496780249999993
56.927700000000002 	8.348938124
56.933399999999999 	8.3481984059999998
56.939100000000003 	8.3474588710000006
56.944800000000001 	8.3467195180000004
56.950499999999998 	8.3459803479999994
56.956200000000003 	8.3452413609999994
56.9619 	8.344502555
56.967599999999997 	8.3437639319999999
56.973300000000002 	8.3430254920000007
56.978999999999999 	8.3422872330000004
56.984699999999997 	8.3415491569999993
56.990400000000001 	8.3408112630000009
56.996099999999998 	8.3400735509999997
57.001800000000003 	8.3393360199999993
57.0075 	8.3385986719999998
57.013199999999998 	8.3378615059999994
57.018900000000002 	8.3371245219999999
57.0246 	8.3363877189999993
57.030299999999997 	8.3356510979999996
57.036000000000001 	8.3349146590000007
57.041699999999999 	8.3341784010000008
57.047400000000003 	8.333442325
57.053100000000001 	8.33270643
57.058799999999998 	8.3319707170000008
57.064500000000002 	8.3312351850000006
57.0702 	8.3304998349999995
57.075899999999997 	8.3297646650000008
57.081600000000002 	8.3290296769999994
57.087299999999999 	8.3282948700000006
57.093000000000004 	8.3275602450000008
57.098700000000001 	8.3268257999999999
57.104399999999998 	8.3260915359999998
57.110100000000003 	8.3253574530000005
57.1158 	8.3246235510000002
57.121499999999997 	8.3238898300000006
57.127200000000002 	8.32315629
57.132899999999999 	8.3224229300000001
57.138599999999997 	8.3216897509999992
57.144300000000001 	8.3209567530000008
57.149999999999999 	8.3202239349999996
57.155700000000003 	8.3194912970000008
57.1614 	8.3187588399999992
57.167099999999998 	8.3180265640000002
57.172800000000002 	8.3172944680000001
57.1785 	8.3165625510000005
57.184199999999997 	8.3158308160000001
57.189900000000002 	8.3150992600000002
57.195599999999999 	8.3143678839999993
57.201300000000003 	8.3136366890000009
57.207000000000001 	8.3129056729999995
57.212699999999998 	8.3121748370000006
57.218400000000003 	8.3114441810000006
57.2241 	8.3107137049999995
57.229799999999997 	8.3099834090000009
57.235500000000002 	8.3092532929999994
57.241199999999999 	8.3085233560000002
57.246899999999997 	8.3077935979999999
57.252600000000001 	8.3070640200000003
57.258299999999998 	8.3063346219999996
57.264000000000003 	8.3056054029999995
57.2697 	8.3048763640000001
57.275399999999998 	8.3041475029999994
57.281100000000002 	8.3034188219999994
57.286799999999999 	8.30269032
57.292499999999997 	8.3019619979999995
57.298200000000001 	8.3012338539999995
57.303899999999999 	8.3005058900000002
57.309600000000003 	8.2997781039999996
57.315300000000001 	8.2990504969999996
57.320999999999998 	8.2983230690000003
57.326700000000002 	8.2975958199999997
57.3324 	8.2968687499999998
57.338099999999997 	8.2961418590000005
57.343800000000002 	8.2954151459999999
57.349499999999999 	8.2946886109999998
57.355200000000004 	8.2939622550000003
57.360900000000001 	8.2932360779999996
57.366599999999998 	8.2925100789999995
57.372300000000003 	8.2917842589999999
57.378 	8.2910586160000008
57.383699999999997 	8.2903331520000005
57.389400000000002 	8.2896078660000008
57.395099999999999 	8.2888827589999998
57.400799999999997 	8.2881578289999993
57.406500000000001 	8.2874330779999994
57.412199999999999 	8.2867085039999999
57.417900000000003 	8.2859841079999992
57.4236 	8.2852598910000008
57.429299999999998 	8.2845358509999993
57.435000000000002 	8.2838119880000001
57.4407 	8.2830883039999996
57.446399999999997 	8.2823647969999996
57.452100000000002 	8.2816414680000001
57.457799999999999 	8.2809183159999993
57.463500000000003 	8.2801953410000007
57.469200000000001 	8.2794725450000008
57.474899999999998 	8.2787499249999996
57.480600000000003 	8.2780274830000007
57.4863 	8.2773052180000004
57.491999999999997 	8.2765831300000006
57.497700000000002 	8.2758612199999995
57.503399999999999 	8.2751394860000005
57.509099999999997 	8.2744179300000003
57.514800000000001 	8.2736965500000004
57.520499999999998 	8.2729753479999992
57.526200000000003 	8.2722543220000002
57.5319 	8.2715334729999999
57.537599999999998 	8.2708128009999999
57.543300000000002 	8.2700923060000004
57.548999999999999 	8.2693719869999995
57.554699999999997 	8.2686518450000008
57.560400000000001 	8.2679318790000007
57.566099999999999 	8.2672120899999992
57.571800000000003 	8.266492478
57.577500000000001 	8.2657730419999993
57.583199999999998 	8.2650537820000007
57.588900000000002 	8.2643346980000008
57.5946 	8.2636157909999994
57.600299999999997 	8.2628970590000002
57.606000000000002 	8.2621785039999995
57.611699999999999 	8.2614601249999993
57.617400000000004 	8.2607419219999993
57.623100000000001 	8.2600238949999998
57.628799999999998 	8.2593060440000006
57.634500000000003 	8.2585883679999998
57.6402 	8.2578708689999996
57.645899999999997 	8.2571535449999995
57.651600000000002 	8.2564363959999998
57.657299999999999 	8.2557194240000005
57.662999999999997 	8.2550026269999996
57.668700000000001 	8.2542860050000009
57.674399999999999 	8.2535695590000007
57.680100000000003 	8.2528532880000007
57.6858 	8.2521371929999994
57.691499999999998 	8.2514212730000001
57.697200000000002 	8.2507055279999992
57.7029 	8.2499899590000005
57.708599999999997 	8.2492745640000003
57.714300000000001 	8.2485593450000003
57.719999999999999 	8.2478443000000006
57.725700000000003 	8.2471294309999994
57.731400000000001 	8.2464147370000003
57.737099999999998 	8.2457002169999996
57.742800000000003 	8.2449858720000009
57.7485 	8.2442717020000007
57.754199999999997 	8.2435577070000008
57.759900000000002 	8.2428438859999993
57.765599999999999 	8.2421302399999998
57.771299999999997 	8.2414167680000006
57.777000000000001 	8.2407034709999998
57.782699999999998 	8.2399903479999992
57.788400000000003 	8.2392774000000006
57.7941 	8.2385646260000005
57.799799999999998 	8.2378520260000005
57.805500000000002 	8.2371396010000009
57.811199999999999 	8.2364273489999995
57.816899999999997 	8.2357152720000002
57.822600000000001 	8.2350033689999993
57.828299999999999 	8.2342916400000004
57.834000000000003 	8.2335800849999998
57.839700000000001 	8.2328687029999994
57.845399999999998 	8.2321574959999992
57.851100000000002 	8.2314464619999992
57.8568 	8.2307356019999993
57.862499999999997 	8.2300249159999996
57.868200000000002 	8.2293144030000001
57.873899999999999 	8.2286040640000007
57.879600000000003 	8.2278938979999996
57.885300000000001 	8.2271839060000005
57.890999999999998 	8.2264740869999997
57.896700000000003 	8.2257644419999991
57.9024 	8.2250549700000004
57.908099999999997 	8.224345671
57.913800000000002 	8.2236365449999997
57.919499999999999 	8.2229275929999996
57.925199999999997 	8.2222188129999996
57.930900000000001 	8.2215102069999997
57.936599999999999 	8.2208017729999998
57.942300000000003 	8.2200935130000001
57.948 	8.2193854250000005
57.953699999999998 	8.2186775099999991
57.959400000000002 	8.2179697679999997
57.9651 	8.2172621990000003
57.970799999999997 	8.2165548019999992
57.976500000000001 	8.215847578
57.982199999999999 	8.2151405270000009
57.987900000000003 	8.214433648
57.993600000000001 	8.2137269409999991
57.999299999999998 	8.2130204070000001
58.005000000000003 	8.2123140449999994
58.0107 	8.2116078560000005
58.016399999999997 	8.2109018379999998
58.022100000000002 	8.2101959929999992
58.027799999999999 	8.2094903200000005
58.033499999999997 	8.2087848189999999
58.039200000000001 	8.2080794899999994
58.044899999999998 	8.2073743330000006
58.050600000000003 	8.2066693480000001
58.0563 	8.2059645349999997
58.061999999999998 	8.2052598939999992
58.067700000000002 	8.2045554240000005
58.073399999999999 	8.203851126
58.079099999999997 	8.2031469999999995
58.084800000000001 	8.2024430460000008
58.090499999999999 	8.2017392630000003
58.096200000000003 	8.2010356509999998
58.101900000000001 	8.2003322109999992
58.107599999999998 	8.1996289420000004
58.113300000000002 	8.1989258449999998
58.119 	8.1982229180000008
58.124699999999997 	8.1975201630000001
58.130400000000002 	8.1968175799999994
58.136099999999999 	8.1961151670000003
58.141800000000003 	8.1954129259999995
58.147500000000001 	8.1947108550000003
58.153199999999998 	8.1940089549999993
58.158900000000003 	8.193307227
58.1646 	8.1926056690000006
58.170299999999997 	8.1919042819999994
58.176000000000002 	8.1912030659999999
58.181699999999999 	8.1905020200000003
58.187399999999997 	8.1898011450000006
58.193100000000001 	8.1891004410000008
58.198799999999999 	8.1883999070000009
58.204500000000003 	8.1876995440000009
58.2102 	8.1869993510000008
58.215899999999998 	8.1862993290000006
58.221600000000002 	8.1855994770000002
58.2273 	8.1848997949999998
58.232999999999997 	8.1842002829999991
58.238700000000001 	8.1835009420000002
58.244399999999999 	8.1828017699999993
58.250100000000003 	8.1821027690000001
58.255800000000001 	8.1814039380000008
58.261499999999998 	8.1807052769999995
58.267200000000003 	8.1800067849999998
58.2729 	8.179308464
58.278599999999997 	8.178610312
58.284300000000002 	8.1779123299999998
58.289999999999999 	8.1772145179999995
58.295699999999997 	8.1765168760000009
58.301400000000001 	8.1758194030000002
58.307099999999998 	8.1751220989999993
58.312800000000003 	8.1744249660000001
58.3185 	8.1737280010000006
58.324199999999998 	8.1730312059999992
58.329900000000002 	8.1723345799999993
58.335599999999999 	8.1716381239999993
58.341299999999997 	8.1709418370000009
58.347000000000001 	8.1702457190000004
58.352699999999999 	8.1695497699999997
58.358400000000003 	8.1688539900000006
58.364100000000001 	8.1681583789999994
58.369799999999998 	8.1674629379999999
58.375500000000002 	8.1667676650000001
58.3812 	8.166072561
58.386899999999997 	8.1653776259999997
58.392600000000002 	8.1646828589999991
58.398299999999999 	8.1639882620000002
58.404000000000003 	8.1632938320000008
58.409700000000001 	8.1625995719999995
58.415399999999998 	8.1619054799999997
58.421100000000003 	8.1612115569999997
58.4268 	8.1605178019999993
58.432499999999997 	8.1598242160000005
58.438200000000002 	8.1591307969999995
58.443899999999999 	8.1584375480000002
58.449599999999997 	8.1577444660000005
58.455300000000001 	8.1570515530000005
58.460999999999999 	8.1563588080000002
58.466700000000003 	8.1556662299999996
58.4724 	8.1549738210000005
58.478099999999998 	8.1542815799999993
58.483800000000002 	8.1535895069999995
58.4895 	8.1528976019999995
58.495199999999997 	8.1522058650000009
58.500900000000001 	8.1515142950000001
58.506599999999999 	8.1508228930000008
58.512300000000003 	8.1501316589999995
58.518000000000001 	8.1494405919999995
58.523699999999998 	8.1487496929999992
58.529400000000003 	8.1480589620000003
58.5351 	8.1473683979999993
58.540799999999997 	8.1466780009999997
58.546500000000002 	8.1459877719999998
58.552199999999999 	8.1452977099999995
58.557899999999997 	8.1446078160000006
58.563600000000001 	8.1439180879999995
58.569299999999998 	8.1432285279999999
58.575000000000003 	8.1425391349999998
58.5807 	8.1418499089999994
58.586399999999998 	8.1411608500000003
58.592100000000002 	8.1404719579999991
58.597799999999999 	8.1397832329999993
58.603499999999997 	8.1390946740000008
58.609200000000001 	8.1384062830000001
58.614899999999999 	8.1377180580000008
58.620600000000003 	8.1370299999999993
58.626300000000001 	8.1363421089999992
58.631999999999998 	8.1356543840000004
58.637700000000002 	8.1349668259999994
58.6434 	8.1342794339999998
58.649099999999997 	8.1335922089999997
58.654800000000002 	8.1329051499999991
58.660499999999999 	8.132218258
58.666200000000003 	8.1315315320000003
58.671900000000001 	8.1308449720000002
58.677599999999998 	8.1301585779999996
58.683300000000003 	8.1294723510000004
58.689 	8.1287862890000007
58.694699999999997 	8.1281003940000005
58.700400000000002 	8.1274146639999998
58.706099999999999 	8.1267291010000005
58.711799999999997 	8.1260437030000006
58.717500000000001 	8.1253584710000002
58.723199999999999 	8.1246734049999993
58.728900000000003 	8.1239885049999998
58.7346 	8.1233037709999998
58.740299999999998 	8.1226192019999992
58.746000000000002 	8.1219347979999998
58.7517 	8.1212505610000001
58.757399999999997 	8.1205664879999997
58.763100000000001 	8.1198825810000006
58.768799999999999 	8.1191988399999993
58.774500000000003 	8.1185152639999991
58.780200000000001 	8.1178318530000002
58.785899999999998 	8.1171486070000007
58.791600000000003 	8.1164655270000008
58.7973 	8.1157826120000003
58.802999999999997 	8.1150998609999991
58.808700000000002 	8.1144172759999993
58.814399999999999 	8.1137348560000007
58.820099999999996 	8.1130526009999997
58.825800000000001 	8.1123705099999999
58.831499999999998 	8.1116885849999996
58.837200000000003 	8.1110068240000004
58.8429 	8.1103252280000007
58.848599999999998 	8.1096437960000003
58.854300000000002 	8.1089625299999994
58.859999999999999 	8.1082814269999997
58.865699999999997 	8.1076004899999994
58.871400000000001 	8.1069197170000002
58.877099999999999 	8.1062391080000005
58.882800000000003 	8.1055586630000001
58.888500000000001 	8.1048783830000009
58.894199999999998 	8.1041982669999992
58.899900000000002 	8.1035183160000006
58.9056 	8.1028385279999995
58.911299999999997 	8.1021589049999996
58.917000000000002 	8.1014794460000008
58.922699999999999 	8.1008001509999996
58.928400000000003 	8.1001210199999996
58.934100000000001 	8.0994420520000006
58.939799999999998 	8.0987632489999992
58.945500000000003 	8.0980846090000007
58.9512 	8.0974061329999998
58.956899999999997 	8.096727821
58.962600000000002 	8.0960496729999996
58.968299999999999 	8.0953716880000002
58.973999999999997 	8.0946938670000002
58.979700000000001 	8.0940162089999994
58.985399999999998 	8.0933387149999998
58.991100000000003 	8.0926613839999995
58.9968 	8.0919842170000003
59.002499999999998 	8.0913072120000002
59.008200000000002 	8.0906303719999997
59.0139 	8.0899536940000001
59.019599999999997 	8.0892771799999998
59.025300000000001 	8.0886008280000006
59.030999999999999 	8.0879246400000007
59.036700000000003 	8.087248615
59.042400000000001 	8.0865727520000004
59.048099999999998 	8.0858970530000001
59.053800000000003 	8.0852215170000008
59.0595 	8.0845461430000007
59.065199999999997 	8.083870932
59.070900000000002 	8.0831958840000002
59.076599999999999 	8.0825209979999997
59.082299999999996 	8.0818462760000003
59.088000000000001 	8.081171715
59.093699999999998 	8.0804973170000007
59.099400000000003 	8.0798230820000008
59.1051 	8.079149009
59.110799999999998 	8.0784750990000003
59.116500000000002 	8.0778013509999997
59.122199999999999 	8.0771277650000002
59.127899999999997 	8.0764543409999998
59.133600000000001 	8.0757810800000005
59.139299999999999 	8.0751079800000003
59.145000000000003 	8.0744350429999994
59.150700000000001 	8.0737622679999994
59.156399999999998 	8.0730896550000004
59.162100000000002 	8.0724172030000005
59.1678 	8.0717449139999999
59.173499999999997 	8.0710727860000002
59.179200000000002 	8.0704008199999997
59.184899999999999 	8.0697290160000001
59.190600000000003 	8.0690573739999998
59.196300000000001 	8.0683858930000003
59.201999999999998 	8.067714574
59.207700000000003 	8.0670434160000006
59.2134 	8.0663724200000004
59.219099999999997 	8.0657015849999993
59.224800000000002 	8.0650309119999992
59.230499999999999 	8.0643604
59.236199999999997 	8.0636900489999999
59.241900000000001 	8.0630198600000007
59.247599999999998 	8.0623498320000007
59.253300000000003 	8.0616799639999996
59.259 	8.0610102579999996
59.264699999999998 	8.0603407130000004
59.270400000000002 	8.0596713290000004
59.2761 	8.0590021059999994
59.281799999999997 	8.0583330439999994
59.287500000000001 	8.0576641430000002
59.293199999999999 	8.0569954020000001
59.298900000000003 	8.0563268220000008
59.304600000000001 	8.0556584030000007
59.310299999999998 	8.0549901449999997
59.316000000000003 	8.0543220469999994
59.3217 	8.0536541100000001
59.327399999999997 	8.0529863329999998
59.333100000000002 	8.0523187170000003
59.338799999999999 	8.0516512609999999
59.344499999999996 	8.0509839650000004
59.350200000000001 	8.0503168299999999
59.355899999999998 	8.0496498550000002
59.361600000000003 	8.0489830399999995
59.3673 	8.0483163859999998
59.372999999999998 	8.0476498910000007
59.378700000000002 	8.0469835570000008
59.384399999999999 	8.0463173819999998
59.390099999999997 	8.0456513679999997
59.395800000000001 	8.0449855130000003
59.401499999999999 	8.044319819
59.407200000000003 	8.0436542840000005
59.4129 	8.042988909
59.418599999999998 	8.0423236940000002
59.424300000000002 	8.0416586379999995
59.43 	8.0409937419999995
59.435699999999997 	8.0403290050000003
59.441400000000002 	8.039664428
59.447099999999999 	8.0390000110000006
59.452800000000003 	8.0383357530000001
59.458500000000001 	8.0376716540000004
59.464199999999998 	8.0370077149999997
59.469900000000003 	8.0363439349999997
59.4756 	8.0356803140000004
59.481299999999997 	8.0350168530000001
59.487000000000002 	8.0343535500000005
59.492699999999999 	8.0336904069999999
59.498399999999997 	8.0330274230000001
59.504100000000001 	8.0323645970000008
59.509799999999998 	8.0317019310000006
59.515500000000003 	8.0310394229999993
59.5212 	8.0303770750000005
59.526899999999998 	8.0297148850000006
59.532600000000002 	8.0290528539999997
59.5383 	8.0283909819999995
59.543999999999997 	8.0277292679999999
59.549700000000001 	8.0270677129999992
59.555399999999999 	8.0264063159999992
59.561100000000003 	8.0257450779999999
59.566800000000001 	8.0250839989999996
59.572499999999998 	8.0244230779999999
59.578200000000002 	8.0237623150000008
59.5839 	8.0231017100000006
59.589599999999997 	8.0224412639999994
59.595300000000002 	8.0217809760000005
59.600999999999999 	8.0211208470000006
59.606699999999996 	8.0204608749999995
59.612400000000001 	8.0198010610000008
59.618099999999998 	8.0191414059999993
59.623800000000003 	8.018481908
59.6295 	8.0178225689999998
59.635199999999998 	8.0171633870000001
59.640900000000002 	8.0165043629999992
59.646599999999999 	8.0158454970000008
59.652299999999997 	8.0151867889999995
59.658000000000001 	8.0145282380000005
59.663699999999999 	8.0138698450000003
59.669400000000003 	8.0132116100000008
59.6751 	8.0125535320000001
59.680799999999998 	8.0118956109999999
59.686500000000002 	8.0112378480000004
59.6922 	8.0105802429999997
59.697899999999997 	8.0099227949999996
59.703600000000002 	8.009265504
59.709299999999999 	8.0086083709999993
59.715000000000003 	8.0079513939999991
59.720700000000001 	8.0072945749999995
59.726399999999998 	8.0066379130000005
59.732100000000003 	8.0059814080000002
59.7378 	8.0053250600000005
59.743499999999997 	8.0046688689999996
59.749200000000002 	8.0040128349999993
59.754899999999999 	8.0033569579999995
59.760599999999997 	8.0027012380000002
59.766300000000001 	8.0020456739999997
59.771999999999998 	8.0013902669999997
59.777700000000003 	8.0007350170000002
59.7834 	8.0000799239999996
59.789099999999998 	7.9994249870000003
59.794800000000002 	7.9987702069999997
59.8005 	7.9981155829999997
59.806199999999997 	7.9974611150000001
59.811900000000001 	7.9968068050000003
59.817599999999999 	7.99615265
59.823300000000003 	7.9954986520000002
59.829000000000001 	7.99484481
59.834699999999998 	7.9941911240000003
59.840400000000002 	7.9935375940000002
59.8461 	7.9928842209999997
59.851799999999997 	7.9922310029999997
59.857500000000002 	7.9915779420000002
59.863199999999999 	7.9909250370000002
59.868899999999996 	7.9902722869999998
59.874600000000001 	7.9896196939999999
59.880299999999998 	7.9889672559999996
59.886000000000003 	7.9883149739999997
59.8917 	7.9876628480000003
59.897399999999998 	7.9870108770000003
59.903100000000002 	7.986359062
59.908799999999999 	7.9857074030000001
59.914499999999997 	7.9850558989999998
59.920200000000001 	7.9844045509999999
59.925899999999999 	7.9837533589999996
59.931600000000003 	7.9831023209999996
59.9373 	7.9824514390000001
59.942999999999998 	7.9818007130000002
59.948700000000002 	7.9811501409999996
59.9544 	7.9804997249999996
59.960099999999997 	7.9798494639999999
59.965800000000002 	7.9791993589999999
59.971499999999999 	7.9785494080000001
59.977200000000003 	7.9778996119999999
59.982900000000001 	7.977249971
59.988599999999998 	7.9766004859999997
59.994300000000003 	7.9759511549999997
60 	7.9753019790000002
