"Frequency [GHz]" 	"Bulk Conductivity"
1e-08 	0.00020000000000000001
2.5000000000000002e-06 	0.00020034
5.0000000000000004e-06 	0.00020117
7.5000000000000002e-06 	0.00020243
1.0000000000000001e-05 	0.00020408000000000001
1.2500000000000001e-05 	0.00020609
1.5e-05 	0.00020845
1.7499999999999998e-05 	0.00021115000000000001
2.0000000000000002e-05 	0.00021416999999999999
2.2500000000000001e-05 	0.0002175
2.5000000000000001e-05 	0.00022113999999999999
2.7500000000000001e-05 	0.00022508000000000001
3.0000000000000001e-05 	0.00022929999999999999
3.2499999999999997e-05 	0.00023382000000000001
3.4999999999999997e-05 	0.00023861999999999999
3.7499999999999997e-05 	0.00024369999999999999
4.0000000000000003e-05 	0.00024905000000000001
4.2500000000000003e-05 	0.00025465999999999998
4.5000000000000003e-05 	0.00026054000000000002
4.7500000000000003e-05 	0.00026668999999999998
5.0000000000000002e-05 	0.00027308999999999998
5.2500000000000002e-05 	0.00027974
5.5000000000000002e-05 	0.00028665
5.7500000000000002e-05 	0.00029380999999999998
6.0000000000000002e-05 	0.00030121
6.2500000000000001e-05 	0.00030885999999999999
6.4999999999999994e-05 	0.00031673999999999998
6.7500000000000001e-05 	0.00032487
6.9999999999999994e-05 	0.00033323000000000001
7.25e-05 	0.00034183
7.4999999999999993e-05 	0.00035064999999999999
7.75e-05 	0.00035971000000000001
8.0000000000000007e-05 	0.00036900000000000002
8.25e-05 	0.00037850999999999998
8.5000000000000006e-05 	0.00038824999999999998
8.7499999999999999e-05 	0.00039821000000000002
9.0000000000000006e-05 	0.00040839000000000001
9.2499999999999999e-05 	0.00041878999999999999
9.5000000000000005e-05 	0.00042941000000000002
9.7499999999999998e-05 	0.00044024
0.0001 	0.00045129000000000002
0.0001025 	0.00046254999999999999
0.000105 	0.00047402000000000002
0.0001075 	0.00048569999999999999
0.00011 	0.00049759999999999995
0.0001125 	0.00050969000000000003
0.000115 	0.000522
0.0001175 	0.00053450999999999998
0.00012 	0.00054721999999999995
0.0001225 	0.00056013000000000005
0.000125 	0.00057324999999999997
0.00012750000000000001 	0.00058655999999999997
0.00012999999999999999 	0.00060008000000000001
0.0001325 	0.00061379000000000002
0.000135 	0.00062768999999999998
0.00013750000000000001 	0.00064179000000000005
0.00013999999999999999 	0.00065609000000000002
0.00014249999999999999 	0.00067058000000000005
0.000145 	0.00068526000000000004
0.00014750000000000001 	0.00070012999999999998
0.00014999999999999999 	0.00071518999999999999
0.00015249999999999999 	0.00073043999999999995
0.000155 	0.00074587999999999998
0.00015750000000000001 	0.00076150000000000002
0.00016000000000000001 	0.00077731000000000002
0.00016249999999999999 	0.00079330999999999998
0.000165 	0.00080948000000000001
0.00016750000000000001 	0.00082585000000000004
0.00017000000000000001 	0.00084239000000000004
0.00017249999999999999 	0.00085910999999999995
0.000175 	0.00087602000000000003
0.0001775 	0.00089309999999999997
0.00018000000000000001 	0.00091036999999999997
0.00018249999999999999 	0.00092781000000000005
0.000185 	0.00094543000000000003
0.0001875 	0.00096321999999999998
0.00019000000000000001 	0.00098119000000000006
0.00019249999999999999 	0.0009993300000000001
0.000195 	0.0010177000000000001
0.0001975 	0.0010361000000000001
0.00020000000000000001 	0.0010548000000000001
0.00020249999999999999 	0.0010736000000000001
0.000205 	0.0010926
0.0002075 	0.0011118
0.00021000000000000001 	0.0011312
0.00021249999999999999 	0.0011506999999999999
0.00021499999999999999 	0.0011703
0.0002175 	0.0011902
0.00022000000000000001 	0.0012102
0.00022249999999999999 	0.0012304
0.00022499999999999999 	0.0012507
0.0002275 	0.0012712000000000001
0.00023000000000000001 	0.0012918999999999999
0.00023250000000000001 	0.0013127
0.00023499999999999999 	0.0013336999999999999
0.0002375 	0.0013549
0.00024000000000000001 	0.0013761999999999999
0.00024250000000000001 	0.0013977
0.00024499999999999999 	0.0014193000000000001
0.0002475 	0.0014411000000000001
0.00025000000000000001 	0.0014630000000000001
0.00025250000000000001 	0.0014852000000000001
0.00025500000000000002 	0.0015074000000000001
0.00025750000000000002 	0.0015298
0.00025999999999999998 	0.0015524
0.00026249999999999998 	0.0015751999999999999
0.00026499999999999999 	0.001598
0.0002675 	0.0016211000000000001
0.00027 	0.0016443
0.00027250000000000001 	0.0016676
0.00027500000000000002 	0.0016911000000000001
0.00027750000000000002 	0.0017148
0.00027999999999999998 	0.0017386000000000001
0.00028249999999999998 	0.0017625
0.00028499999999999999 	0.0017866
0.0002875 	0.0018109000000000001
0.00029 	0.0018353
0.00029250000000000001 	0.0018598
0.00029500000000000001 	0.0018845000000000001
0.00029750000000000002 	0.0019093000000000001
0.00029999999999999997 	0.0019342999999999999
0.00030249999999999998 	0.0019594999999999999
0.00030499999999999999 	0.0019846999999999998
0.00030749999999999999 	0.0020102000000000002
0.00031 	0.0020357000000000001
0.00031250000000000001 	0.0020614000000000001
0.00031500000000000001 	0.0020872999999999998
0.00031750000000000002 	0.0021132999999999998
0.00032000000000000003 	0.0021394000000000001
0.00032249999999999998 	0.0021657
0.00032499999999999999 	0.0021921000000000002
0.00032749999999999999 	0.0022187000000000001
0.00033 	0.0022453999999999998
0.0003325 	0.0022721999999999998
0.00033500000000000001 	0.0022991999999999999
0.00033750000000000002 	0.0023262999999999999
0.00034000000000000002 	0.0023536
0.00034249999999999998 	0.0023809999999999999
0.00034499999999999998 	0.0024085000000000001
0.00034749999999999999 	0.0024361999999999999
0.00035 	0.002464
0.0003525 	0.0024919
0.00035500000000000001 	0.0025200000000000001
0.00035750000000000002 	0.0025482
0.00036000000000000002 	0.0025764999999999998
0.00036249999999999998 	0.0026050000000000001
0.00036499999999999998 	0.0026335999999999998
0.00036749999999999999 	0.0026624000000000001
0.00036999999999999999 	0.0026913000000000002
0.0003725 	0.0027203000000000001
0.00037500000000000001 	0.0027493999999999999
0.00037750000000000001 	0.0027786999999999998
0.00038000000000000002 	0.0028081
0.00038249999999999997 	0.0028376
0.00038499999999999998 	0.0028673000000000001
0.00038749999999999999 	0.0028971000000000001
0.00038999999999999999 	0.0029269999999999999
0.0003925 	0.002957
0.00039500000000000001 	0.0029872000000000002
0.00039750000000000001 	0.0030175000000000002
0.00040000000000000002 	0.0030479000000000001
0.00040250000000000003 	0.0030785000000000001
0.00040499999999999998 	0.0031091999999999999
0.00040749999999999998 	0.00314
0.00040999999999999999 	0.0031708999999999999
0.0004125 	0.003202
0.000415 	0.0032331999999999999
0.00041750000000000001 	0.0032645
0.00042000000000000002 	0.0032959
0.00042250000000000002 	0.0033273999999999999
0.00042499999999999998 	0.0033590999999999998
0.00042749999999999998 	0.0033909000000000001
0.00042999999999999999 	0.0034228000000000001
0.0004325 	0.0034548999999999999
0.000435 	0.0034870999999999999
0.00043750000000000001 	0.0035192999999999999
0.00044000000000000002 	0.0035517000000000001
0.00044250000000000002 	0.0035842999999999999
0.00044499999999999997 	0.0036169000000000001
0.00044749999999999998 	0.0036497000000000001
0.00044999999999999999 	0.0036825999999999998
0.00045249999999999999 	0.0037155999999999999
0.000455 	0.0037487000000000002
0.00045750000000000001 	0.0037818999999999999
0.00046000000000000001 	0.0038153000000000002
0.00046250000000000002 	0.0038487999999999999
0.00046500000000000003 	0.0038823999999999998
0.00046749999999999998 	0.0039160999999999996
0.00046999999999999999 	0.0039499000000000001
0.00047249999999999999 	0.0039838
0.000475 	0.0040178999999999996
0.00047750000000000001 	0.0040521000000000003
0.00048000000000000001 	0.0040863000000000002
0.00048250000000000002 	0.0041206999999999997
0.00048500000000000003 	0.0041552000000000004
0.00048749999999999998 	0.0041898999999999999
0.00048999999999999998 	0.0042246000000000002
0.00049249999999999999 	0.0042595000000000003
0.000495 	0.0042944000000000003
0.0004975 	0.0043295
0.00050000000000000001 	0.0043647
0.00050750000000000003 	0.0044708999999999999
0.00051500000000000005 	0.0045780999999999999
0.00052249999999999996 	0.0046863
0.00052999999999999998 	0.0047955000000000003
0.0005375 	0.0049056000000000004
0.00054500000000000002 	0.0050166999999999998
0.00055250000000000004 	0.0051286999999999999
0.00055999999999999995 	0.0052417000000000002
0.00056749999999999997 	0.0053556000000000003
0.00057499999999999999 	0.0054704000000000003
0.00058250000000000001 	0.0055861000000000001
0.00059000000000000003 	0.0057026999999999998
0.00059750000000000005 	0.0058202000000000002
0.00060499999999999996 	0.0059385999999999996
0.00061249999999999998 	0.0060578999999999997
0.00062 	0.0061780000000000003
0.00062750000000000002 	0.0062989999999999999
0.00063500000000000004 	0.0064209000000000002
0.00064249999999999995 	0.0065436000000000001
0.00064999999999999997 	0.0066670999999999996
0.00065749999999999999 	0.0067914999999999998
0.00066500000000000001 	0.0069166999999999996
0.00067250000000000003 	0.0070426999999999998
0.00068000000000000005 	0.0071694999999999997
0.00068749999999999996 	0.0072970999999999999
0.00069499999999999998 	0.0074254999999999998
0.0007025 	0.0075547000000000001
0.00071000000000000002 	0.0076847
0.00071750000000000004 	0.0078154000000000001
0.00072499999999999995 	0.0079468999999999998
0.00073249999999999997 	0.0080791999999999999
0.00073999999999999999 	0.0082121999999999994
0.00074750000000000001 	0.0083458999999999998
0.00075500000000000003 	0.0084804000000000008
0.00076250000000000005 	0.0086155999999999993
0.00076999999999999996 	0.0087515000000000006
0.00077749999999999998 	0.0088880999999999995
0.000785 	0.0090255000000000005
0.00079250000000000002 	0.0091634999999999998
0.00080000000000000004 	0.0093022999999999995
0.00080749999999999995 	0.0094417000000000008
0.00081499999999999997 	0.0095817999999999997
0.00082249999999999999 	0.0097225999999999996
0.00083000000000000001 	0.0098641000000000006
0.00083750000000000003 	0.010005999999999999
0.00084500000000000005 	0.010149
0.00085249999999999996 	0.010292000000000001
0.00085999999999999998 	0.010437
0.0008675 	0.010581
0.00087500000000000002 	0.010727
0.00088250000000000004 	0.010873000000000001
0.00088999999999999995 	0.011018999999999999
0.00089749999999999997 	0.011166000000000001
0.00090499999999999999 	0.011313999999999999
0.00091250000000000001 	0.011462999999999999
0.00092000000000000003 	0.011612000000000001
0.00092750000000000005 	0.011761000000000001
0.00093499999999999996 	0.011912000000000001
0.00094249999999999998 	0.012062
0.00095 	0.012213999999999999
0.00095750000000000002 	0.012366
0.00096500000000000004 	0.012518
0.00097249999999999995 	0.012671
0.00097999999999999997 	0.012825
0.0009875000000000001 	0.012978999999999999
0.00099500000000000001 	0.013134
0.0010024999999999999 	0.013289
0.00101 	0.013445
0.0010175 	0.013601
0.0010250000000000001 	0.013757999999999999
0.0010325 	0.013915
0.0010399999999999999 	0.014073
0.0010475 	0.014232
0.0010549999999999999 	0.01439
0.0010625000000000001 	0.01455
0.00107 	0.014710000000000001
0.0010774999999999999 	0.01487
0.001085 	0.015030999999999999
0.0010924999999999999 	0.015192000000000001
0.0011000000000000001 	0.015354
0.0011075 	0.015516
0.0011150000000000001 	0.015678999999999998
0.0011225 	0.015841999999999998
0.0011299999999999999 	0.016005999999999999
0.0011375000000000001 	0.01617
0.001145 	0.016334999999999999
0.0011525000000000001 	0.016500000000000001
0.00116 	0.016664999999999999
0.0011674999999999999 	0.016830999999999999
0.001175 	0.016997000000000002
0.0011825 	0.017163999999999999
0.0011900000000000001 	0.017330999999999999
0.0011975 	0.017499000000000001
0.0012049999999999999 	0.017666999999999999
0.0012125 	0.017835
0.0012199999999999999 	0.018003999999999999
0.0012275000000000001 	0.018173000000000002
0.001235 	0.018343000000000002
0.0012424999999999999 	0.018513000000000002
0.00125 	0.018683000000000002
0.0012574999999999999 	0.018853999999999999
0.0012650000000000001 	0.019025
0.0012725 	0.019196999999999999
0.0012800000000000001 	0.019368
0.0012875 	0.019540999999999999
0.0012949999999999999 	0.019713000000000001
0.0013025000000000001 	0.019886000000000001
0.00131 	0.020060000000000001
0.0013175000000000001 	0.020233000000000001
0.001325 	0.020407000000000002
0.0013324999999999999 	0.020582
0.00134 	0.020757000000000001
0.0013475 	0.020931999999999999
0.0013550000000000001 	0.021107000000000001
0.0013625 	0.021283
0.0013699999999999999 	0.021458999999999999
0.0013775 	0.021635000000000001
0.0013849999999999999 	0.021812000000000002
0.0013925000000000001 	0.021989000000000002
0.0014 	0.022166000000000002
0.0014074999999999999 	0.022343999999999999
0.001415 	0.022522
0.0014224999999999999 	0.022700000000000001
0.0014300000000000001 	0.022879
0.0014375 	0.023057999999999999
0.0014450000000000001 	0.023237000000000001
0.0014525 	0.023415999999999999
0.0014599999999999999 	0.023595999999999999
0.0014675000000000001 	0.023775999999999999
0.001475 	0.023956000000000002
0.0014825000000000001 	0.024136999999999999
0.00149 	0.024317999999999999
0.0014974999999999999 	0.024499
0.001505 	0.024680000000000001
0.0015125 	0.024861999999999999
0.0015200000000000001 	0.025044
0.0015275 	0.025225999999999998
0.0015349999999999999 	0.025408
0.0015425 	0.025590999999999999
0.0015499999999999999 	0.025773999999999998
0.0015575000000000001 	0.025957000000000001
0.001565 	0.026141000000000001
0.0015724999999999999 	0.026324
0.00158 	0.026508
0.0015874999999999999 	0.026692
0.0015950000000000001 	0.026877000000000002
0.0016025 	0.027061000000000002
0.0016100000000000001 	0.027245999999999999
0.0016175 	0.027431000000000001
0.0016249999999999999 	0.027616000000000002
0.0016325000000000001 	0.027802
0.00164 	0.027987000000000001
0.0016475000000000001 	0.028173
0.001655 	0.028358999999999999
0.0016624999999999999 	0.028545999999999998
0.00167 	0.028732000000000001
0.0016775 	0.028919
0.0016850000000000001 	0.029106
0.0016925 	0.029293
0.0016999999999999999 	0.029479999999999999
0.0017075 	0.029668
0.0017149999999999999 	0.029855
0.0017225000000000001 	0.030043
0.00173 	0.030231000000000001
0.0017374999999999999 	0.030419999999999999
0.001745 	0.030608
0.0017524999999999999 	0.030797000000000001
0.0017600000000000001 	0.030984999999999999
0.0017675 	0.031174
0.0017750000000000001 	0.031363000000000002
0.0017825 	0.031552999999999998
0.0017899999999999999 	0.031741999999999999
0.0017975000000000001 	0.031932000000000002
0.001805 	0.032120999999999997
0.0018125000000000001 	0.032310999999999999
0.00182 	0.032501000000000002
0.0018274999999999999 	0.032690999999999998
0.001835 	0.032882000000000002
0.0018425 	0.033071999999999997
0.0018500000000000001 	0.033263000000000001
0.0018575 	0.033453999999999998
0.0018649999999999999 	0.033645000000000001
0.0018725 	0.033835999999999998
0.0018799999999999999 	0.034027000000000002
0.0018875000000000001 	0.034217999999999998
0.001895 	0.034410000000000003
0.0019024999999999999 	0.034601
0.00191 	0.034792999999999998
0.0019174999999999999 	0.034985000000000002
0.0019250000000000001 	0.035177
0.0019325 	0.035368999999999998
0.0019400000000000001 	0.035561000000000002
0.0019475 	0.035753
0.0019550000000000001 	0.035945999999999999
0.0019624999999999998 	0.036138000000000003
0.00197 	0.036331000000000002
0.0019775000000000001 	0.036524000000000001
0.0019849999999999998 	0.036717
0.0019924999999999999 	0.036909999999999998
0.002 	0.037102999999999997
0.0020400000000000001 	0.038134000000000001
0.0020799999999999998 	0.039168000000000001
0.0021199999999999999 	0.040203999999999997
0.00216 	0.041243000000000002
0.0022000000000000001 	0.042283000000000001
0.0022399999999999998 	0.043324000000000001
0.0022799999999999999 	0.044366999999999997
0.00232 	0.045411
0.0023600000000000001 	0.046455999999999997
0.0023999999999999998 	0.047502000000000003
0.0024399999999999999 	0.048547
0.00248 	0.049593999999999999
0.0025200000000000001 	0.050639999999999998
0.0025600000000000002 	0.051686000000000003
0.0025999999999999999 	0.052732000000000001
0.00264 	0.053776999999999998
0.0026800000000000001 	0.054822000000000003
0.0027200000000000002 	0.055865999999999999
0.0027599999999999999 	0.056909000000000001
0.0028 	0.057951000000000003
0.0028400000000000001 	0.058992000000000003
0.0028800000000000002 	0.060032000000000002
0.0029199999999999999 	0.061069999999999999
0.00296 	0.062107000000000002
0.0030000000000000001 	0.063142000000000004
0.0030400000000000002 	0.064174999999999996
0.0030799999999999998 	0.065206
0.0031199999999999999 	0.066235000000000002
0.00316 	0.067263000000000003
0.0032000000000000002 	0.068288000000000001
0.0032399999999999998 	0.069310999999999998
0.0032799999999999999 	0.070332000000000006
0.00332 	0.071349999999999997
0.0033600000000000001 	0.072366
0.0033999999999999998 	0.073379
0.0034399999999999999 	0.074389999999999998
0.00348 	0.075398000000000007
0.0035200000000000001 	0.076402999999999999
0.0035599999999999998 	0.077406000000000003
0.0035999999999999999 	0.078405000000000002
0.00364 	0.079402
0.0036800000000000001 	0.080395999999999995
0.0037200000000000002 	0.081387000000000001
0.0037599999999999999 	0.082375000000000004
0.0038 	0.083359000000000003
0.0038400000000000001 	0.084340999999999999
0.0038800000000000002 	0.085319999999999993
0.0039199999999999999 	0.086294999999999997
0.00396 	0.087266999999999997
0.0040000000000000001 	0.088235999999999995
0.0040400000000000002 	0.089201000000000003
0.0040800000000000003 	0.090163999999999994
0.0041200000000000004 	0.091122999999999996
0.0041599999999999996 	0.092077999999999993
0.0041999999999999997 	0.093030000000000002
0.0042399999999999998 	0.093978999999999993
0.00428 	0.094924999999999995
0.0043200000000000001 	0.095866999999999994
0.0043600000000000002 	0.096805000000000002
0.0044000000000000003 	0.097739999999999994
0.0044400000000000004 	0.098671999999999996
0.0044799999999999996 	0.099599999999999994
0.0045199999999999997 	0.10052
0.0045599999999999998 	0.10145
0.0045999999999999999 	0.10236000000000001
0.00464 	0.10328
0.0046800000000000001 	0.10419
0.0047200000000000002 	0.10509
0.0047600000000000003 	0.106
0.0047999999999999996 	0.1069
0.0048399999999999997 	0.10779
0.0048799999999999998 	0.10868999999999999
0.0049199999999999999 	0.10958
0.00496 	0.11046
0.0050000000000000001 	0.11133999999999999
0.0050400000000000002 	0.11222
0.0050800000000000003 	0.11310000000000001
0.0051200000000000004 	0.11397
0.0051599999999999997 	0.11484
0.0051999999999999998 	0.1157
0.0052399999999999999 	0.11656
0.00528 	0.11742
0.0053200000000000001 	0.11827
0.0053600000000000002 	0.11912
0.0054000000000000003 	0.11996999999999999
0.0054400000000000004 	0.12081
0.0054799999999999996 	0.12164999999999999
0.0055199999999999997 	0.12249
0.0055599999999999998 	0.12332
0.0055999999999999999 	0.12415
0.00564 	0.12497999999999999
0.0056800000000000002 	0.1258
0.0057200000000000003 	0.12662000000000001
0.0057600000000000004 	0.12744
0.0057999999999999996 	0.12825
0.0058399999999999997 	0.12906000000000001
0.0058799999999999998 	0.12986
0.0059199999999999999 	0.13067000000000001
0.00596 	0.13145999999999999
0.0060000000000000001 	0.13225999999999999
0.0060400000000000002 	0.13305
0.0060800000000000003 	0.13383999999999999
0.0061199999999999996 	0.13463
0.0061599999999999997 	0.13541
0.0061999999999999998 	0.13619000000000001
0.0062399999999999999 	0.13696
0.00628 	0.13772999999999999
0.0063200000000000001 	0.13850000000000001
0.0063600000000000002 	0.13927
0.0064000000000000003 	0.14002999999999999
0.0064400000000000004 	0.14079
0.0064799999999999996 	0.14155000000000001
0.0065199999999999998 	0.14230000000000001
0.0065599999999999999 	0.14305000000000001
0.0066 	0.14380000000000001
0.0066400000000000001 	0.14454
0.0066800000000000002 	0.14527999999999999
0.0067200000000000003 	0.14602000000000001
0.0067600000000000004 	0.14674999999999999
0.0067999999999999996 	0.14748
0.0068399999999999997 	0.14821000000000001
0.0068799999999999998 	0.14893999999999999
0.0069199999999999999 	0.14965999999999999
0.00696 	0.15038000000000001
0.0070000000000000001 	0.15109
0.0070400000000000003 	0.15181
0.0070800000000000004 	0.15251999999999999
0.0071199999999999996 	0.15322
0.0071599999999999997 	0.15393000000000001
0.0071999999999999998 	0.15462999999999999
0.0072399999999999999 	0.15533
0.00728 	0.15601999999999999
0.0073200000000000001 	0.15672
0.0073600000000000002 	0.15740999999999999
0.0074000000000000003 	0.15809000000000001
0.0074400000000000004 	0.15878
0.0074799999999999997 	0.15945999999999999
0.0075199999999999998 	0.16014
0.0075599999999999999 	0.16081000000000001
0.0076 	0.16148000000000001
0.0076400000000000001 	0.16214999999999999
0.0076800000000000002 	0.16281999999999999
0.0077200000000000003 	0.16349
0.0077600000000000004 	0.16414999999999999
0.0077999999999999996 	0.16481000000000001
0.0078399999999999997 	0.16546
0.0078799999999999999 	0.16611999999999999
0.00792 	0.16677
0.0079600000000000001 	0.16742000000000001
0.0080000000000000002 	0.16805999999999999
0.0080400000000000003 	0.16871
0.0080800000000000004 	0.16935
0.0081200000000000005 	0.16997999999999999
0.0081600000000000006 	0.17061999999999999
0.0082000000000000007 	0.17125000000000001
0.0082400000000000008 	0.17188000000000001
0.0082799999999999992 	0.17251
0.0083199999999999993 	0.17313999999999999
0.0083599999999999994 	0.17376
0.0083999999999999995 	0.17438000000000001
0.0084399999999999996 	0.17499999999999999
0.0084799999999999997 	0.17560999999999999
0.0085199999999999998 	0.17623
0.0085599999999999999 	0.17684
0.0086 	0.17745
0.0086400000000000001 	0.17805000000000001
0.0086800000000000002 	0.17866000000000001
0.0087200000000000003 	0.17926
0.0087600000000000004 	0.17985999999999999
0.0088000000000000005 	0.18045
0.0088400000000000006 	0.18104999999999999
0.0088800000000000007 	0.18164
0.0089200000000000008 	0.18223
0.0089599999999999992 	0.18281
0.0089999999999999993 	0.18340000000000001
0.0090399999999999994 	0.18398
0.0090799999999999995 	0.18456
0.0091199999999999996 	0.18514
0.0091599999999999997 	0.18572
0.0091999999999999998 	0.18629000000000001
0.0092399999999999999 	0.18686
0.0092800000000000001 	0.18743000000000001
0.0093200000000000002 	0.188
0.0093600000000000003 	0.18856000000000001
0.0094000000000000004 	0.18912999999999999
0.0094400000000000005 	0.18969
0.0094800000000000006 	0.19025
0.0095200000000000007 	0.1908
0.0095600000000000008 	0.19136
0.0095999999999999992 	0.19191
0.0096399999999999993 	0.19245999999999999
0.0096799999999999994 	0.19300999999999999
0.0097199999999999995 	0.19355
0.0097599999999999996 	0.19409999999999999
0.0097999999999999997 	0.19464000000000001
0.0098399999999999998 	0.19517999999999999
0.0098799999999999999 	0.19572000000000001
0.00992 	0.19625000000000001
0.0099600000000000001 	0.19678999999999999
0.01 	0.19732
0.01025 	0.2006
0.010500000000000001 	0.20380999999999999
0.010749999999999999 	0.20695
0.010999999999999999 	0.21002000000000001
0.01125 	0.21301999999999999
0.0115 	0.21596000000000001
0.01175 	0.21884000000000001
0.012 	0.22166
0.01225 	0.22442000000000001
0.012500000000000001 	0.22713
0.012749999999999999 	0.22978000000000001
0.012999999999999999 	0.23238
0.01325 	0.23493
0.0135 	0.23743
0.01375 	0.23988999999999999
0.014 	0.24229999999999999
0.014250000000000001 	0.24465999999999999
0.014500000000000001 	0.24698999999999999
0.014749999999999999 	0.24926999999999999
0.014999999999999999 	0.25151000000000001
0.01525 	0.25370999999999999
0.0155 	0.25588
0.01575 	0.25801000000000002
0.016 	0.2601
0.016250000000000001 	0.26216
0.016500000000000001 	0.26418999999999998
0.016750000000000001 	0.26618000000000003
0.017000000000000001 	0.26813999999999999
0.017250000000000001 	0.27007999999999999
0.017500000000000002 	0.27198
0.017749999999999998 	0.27384999999999998
0.017999999999999999 	0.2757
0.018249999999999999 	0.27751999999999999
0.018499999999999999 	0.27931
0.018749999999999999 	0.28106999999999999
0.019 	0.28281000000000001
0.01925 	0.28453000000000001
0.0195 	0.28621999999999997
0.01975 	0.28788999999999998
0.02 	0.28954000000000002
0.020250000000000001 	0.29115999999999997
0.020500000000000001 	0.29276999999999997
0.020750000000000001 	0.29435
0.021000000000000001 	0.29591000000000001
0.021250000000000002 	0.29744999999999999
0.021499999999999998 	0.29897000000000001
0.021749999999999999 	0.30047000000000001
0.021999999999999999 	0.30196000000000001
0.022249999999999999 	0.30342000000000002
0.022499999999999999 	0.30486999999999997
0.022749999999999999 	0.30630000000000002
0.023 	0.30771999999999999
0.02325 	0.30911
0.0235 	0.31048999999999999
0.02375 	0.31186000000000003
0.024 	0.31320999999999999
0.024250000000000001 	0.31453999999999999
0.024500000000000001 	0.31585999999999997
0.024750000000000001 	0.31717000000000001
0.025000000000000001 	0.31846000000000002
0.025250000000000002 	0.31974000000000002
0.025499999999999998 	0.32100000000000001
0.025749999999999999 	0.32224999999999998
0.025999999999999999 	0.32349
0.026249999999999999 	0.32471
0.026499999999999999 	0.32591999999999999
0.026749999999999999 	0.32712000000000002
0.027 	0.32830999999999999
0.02725 	0.32948
0.0275 	0.33065
0.02775 	0.33179999999999998
0.028000000000000001 	0.33294000000000001
0.028250000000000001 	0.33406999999999998
0.028500000000000001 	0.33518999999999999
0.028750000000000001 	0.33629999999999999
0.029000000000000001 	0.33739999999999998
0.029250000000000002 	0.33849000000000001
0.029499999999999998 	0.33955999999999997
0.029749999999999999 	0.34062999999999999
0.029999999999999999 	0.34168999999999999
0.030249999999999999 	0.34273999999999999
0.030499999999999999 	0.34377999999999997
0.03075 	0.34481000000000001
0.031 	0.34583000000000003
0.03125 	0.34684999999999999
0.0315 	0.34784999999999999
0.03175 	0.34884999999999999
0.032000000000000001 	0.34983999999999998
0.032250000000000001 	0.35082000000000002
0.032500000000000001 	0.35178999999999999
0.032750000000000001 	0.35275000000000001
0.033000000000000002 	0.35371000000000002
0.033250000000000002 	0.35465000000000002
0.033500000000000002 	0.35559000000000002
0.033750000000000002 	0.35653000000000001
0.034000000000000002 	0.35744999999999999
0.034250000000000003 	0.35837000000000002
0.034500000000000003 	0.35927999999999999
0.034750000000000003 	0.36019000000000001
0.035000000000000003 	0.36108000000000001
0.035249999999999997 	0.36198000000000002
0.035499999999999997 	0.36286000000000002
0.035749999999999997 	0.36374000000000001
0.035999999999999997 	0.36460999999999999
0.036249999999999998 	0.36547000000000002
0.036499999999999998 	0.36632999999999999
0.036749999999999998 	0.36718000000000001
0.036999999999999998 	0.36803000000000002
0.037249999999999998 	0.36886999999999998
0.037499999999999999 	0.36969999999999997
0.037749999999999999 	0.37053000000000003
0.037999999999999999 	0.37135000000000001
0.038249999999999999 	0.37217
0.0385 	0.37297999999999998
0.03875 	0.37379000000000001
0.039 	0.37458999999999998
0.03925 	0.37537999999999999
0.0395 	0.37617
0.039750000000000001 	0.37695000000000001
0.040000000000000001 	0.37773000000000001
0.040250000000000001 	0.37851000000000001
0.040500000000000001 	0.37928000000000001
0.040750000000000001 	0.38003999999999999
0.041000000000000002 	0.38080000000000003
0.041250000000000002 	0.38155
0.041500000000000002 	0.38229999999999997
0.041750000000000002 	0.38305
0.042000000000000003 	0.38379000000000002
0.042250000000000003 	0.38451999999999997
0.042500000000000003 	0.38524999999999998
0.042750000000000003 	0.38597999999999999
0.042999999999999997 	0.38669999999999999
0.043249999999999997 	0.38741999999999999
0.043499999999999997 	0.38812999999999998
0.043749999999999997 	0.38884000000000002
0.043999999999999997 	0.38955000000000001
0.044249999999999998 	0.39024999999999999
0.044499999999999998 	0.39095000000000002
0.044749999999999998 	0.39163999999999999
0.044999999999999998 	0.39233000000000001
0.045249999999999999 	0.39301000000000003
0.045499999999999999 	0.39369999999999999
0.045749999999999999 	0.39437
0.045999999999999999 	0.39505000000000001
0.046249999999999999 	0.39572000000000002
0.0465 	0.39638000000000001
0.04675 	0.39704
0.047 	0.3977
0.04725 	0.39835999999999999
0.047500000000000001 	0.39900999999999998
0.047750000000000001 	0.39966000000000002
0.048000000000000001 	0.40029999999999999
0.048250000000000001 	0.40094000000000002
0.048500000000000001 	0.40157999999999999
0.048750000000000002 	0.40221000000000001
0.049000000000000002 	0.40284999999999999
0.049250000000000002 	0.40347
0.049500000000000002 	0.40410000000000001
0.049750000000000003 	0.40472000000000002
0.050000000000000003 	0.40533999999999998
0.050250000000000003 	0.40594999999999998
0.050500000000000003 	0.40655999999999998
0.050750000000000003 	0.40716999999999998
0.050999999999999997 	0.40777999999999998
0.051249999999999997 	0.40838000000000002
0.051499999999999997 	0.40898000000000001
0.051749999999999997 	0.40958
0.051999999999999998 	0.41016999999999998
0.052249999999999998 	0.41076000000000001
0.052499999999999998 	0.41134999999999999
0.052749999999999998 	0.41193999999999997
0.052999999999999999 	0.41252
0.053249999999999999 	0.41310000000000002
0.053499999999999999 	0.41367999999999999
0.053749999999999999 	0.41425000000000001
0.053999999999999999 	0.41482000000000002
0.05425 	0.41538999999999998
0.0545 	0.41596
0.05475 	0.41652
0.055 	0.41708000000000001
0.05525 	0.41764000000000001
0.055500000000000001 	0.41820000000000002
0.055750000000000001 	0.41875000000000001
0.056000000000000001 	0.41930000000000001
0.056250000000000001 	0.41985
0.056500000000000002 	0.4204
0.056750000000000002 	0.42093999999999998
0.057000000000000002 	0.42148000000000002
0.057250000000000002 	0.42202000000000001
0.057500000000000002 	0.42255999999999999
0.057750000000000003 	0.42309000000000002
0.058000000000000003 	0.42362
0.058250000000000003 	0.42415000000000003
0.058500000000000003 	0.42468
0.058749999999999997 	0.42520999999999998
0.058999999999999997 	0.42573
0.059249999999999997 	0.42625000000000002
0.059499999999999997 	0.42676999999999998
0.059749999999999998 	0.42727999999999999
0.059999999999999998 	0.42780000000000001
0.060249999999999998 	0.42831000000000002
0.060499999999999998 	0.42881999999999998
0.060749999999999998 	0.42932999999999999
0.060999999999999999 	0.42982999999999999
0.061249999999999999 	0.43034
0.061499999999999999 	0.43084
0.061749999999999999 	0.43134
0.062 	0.43184
0.06225 	0.43232999999999999
0.0625 	0.43282999999999999
0.06275 	0.43331999999999998
0.063 	0.43380999999999997
0.063250000000000001 	0.43430000000000002
0.063500000000000001 	0.43478
0.063750000000000001 	0.43526999999999999
0.064000000000000001 	0.43575000000000003
0.064250000000000002 	0.43623000000000001
0.064500000000000002 	0.43670999999999999
0.064750000000000002 	0.43719000000000002
0.065000000000000002 	0.43765999999999999
0.065250000000000002 	0.43813000000000002
0.065500000000000003 	0.43861
0.065750000000000003 	0.43908000000000003
0.066000000000000003 	0.43953999999999999
0.066250000000000003 	0.44001000000000001
0.066500000000000004 	0.44047999999999998
0.066750000000000004 	0.44094
0.067000000000000004 	0.44140000000000001
0.067250000000000004 	0.44185999999999998
0.067500000000000004 	0.44231999999999999
0.067750000000000005 	0.44277
0.068000000000000005 	0.44323000000000001
0.068250000000000005 	0.44368000000000002
0.068500000000000005 	0.44413000000000002
0.068750000000000006 	0.44457999999999998
0.069000000000000006 	0.44502999999999998
0.069250000000000006 	0.44547999999999999
0.069500000000000006 	0.44591999999999998
0.069750000000000006 	0.44635999999999998
0.070000000000000007 	0.44680999999999998
0.070250000000000007 	0.44724999999999998
0.070499999999999993 	0.44768999999999998
0.070749999999999993 	0.44812000000000002
0.070999999999999994 	0.44856000000000001
0.071249999999999994 	0.44899
0.071499999999999994 	0.44943
0.071749999999999994 	0.44985999999999998
0.071999999999999995 	0.45029000000000002
0.072249999999999995 	0.45072000000000001
0.072499999999999995 	0.45113999999999999
0.072749999999999995 	0.45157000000000003
0.072999999999999995 	0.45199
0.073249999999999996 	0.45241999999999999
0.073499999999999996 	0.45284000000000002
0.073749999999999996 	0.45326
0.073999999999999996 	0.45368000000000003
0.074249999999999997 	0.45408999999999999
0.074499999999999997 	0.45451000000000003
0.074749999999999997 	0.45491999999999999
0.074999999999999997 	0.45534000000000002
0.075249999999999997 	0.45574999999999999
0.075499999999999998 	0.45616000000000001
0.075749999999999998 	0.45656999999999998
0.075999999999999998 	0.45698
0.076249999999999998 	0.45738000000000001
0.076499999999999999 	0.45778999999999997
0.076749999999999999 	0.45818999999999999
0.076999999999999999 	0.45860000000000001
0.077249999999999999 	0.45900000000000002
0.077499999999999999 	0.45939999999999998
0.07775 	0.45979999999999999
0.078 	0.4602
0.07825 	0.46059
0.0785 	0.46099000000000001
0.078750000000000001 	0.46138000000000001
0.079000000000000001 	0.46178000000000002
0.079250000000000001 	0.46217000000000003
0.079500000000000001 	0.46256000000000003
0.079750000000000001 	0.46294999999999997
0.080000000000000002 	0.46333999999999997
0.080250000000000002 	0.46372999999999998
0.080500000000000002 	0.46411000000000002
0.080750000000000002 	0.46450000000000002
0.081000000000000003 	0.46488000000000002
0.081250000000000003 	0.46526000000000001
0.081500000000000003 	0.46565000000000001
0.081750000000000003 	0.46603
0.082000000000000003 	0.46640999999999999
0.082250000000000004 	0.46678999999999998
0.082500000000000004 	0.46716000000000002
0.082750000000000004 	0.46754000000000001
0.083000000000000004 	0.46790999999999999
0.083250000000000005 	0.46828999999999998
0.083500000000000005 	0.46866000000000002
0.083750000000000005 	0.46903
0.084000000000000005 	0.46939999999999998
0.084250000000000005 	0.46977000000000002
0.084500000000000006 	0.47014
0.084750000000000006 	0.47050999999999998
0.085000000000000006 	0.47088000000000002
0.085250000000000006 	0.47123999999999999
0.085500000000000007 	0.47160999999999997
0.085750000000000007 	0.47197
0.085999999999999993 	0.47233999999999998
0.086249999999999993 	0.47270000000000001
0.086499999999999994 	0.47305999999999998
0.086749999999999994 	0.47342000000000001
0.086999999999999994 	0.47377999999999998
0.087249999999999994 	0.47413
0.087499999999999994 	0.47449000000000002
0.087749999999999995 	0.47484999999999999
0.087999999999999995 	0.47520000000000001
0.088249999999999995 	0.47555999999999998
0.088499999999999995 	0.47591
0.088749999999999996 	0.47626000000000002
0.088999999999999996 	0.47660999999999998
0.089249999999999996 	0.47696
0.089499999999999996 	0.47731000000000001
0.089749999999999996 	0.47765999999999997
0.089999999999999997 	0.47800999999999999
0.090249999999999997 	0.47836000000000001
0.090499999999999997 	0.47870000000000001
0.090749999999999997 	0.47904999999999998
0.090999999999999998 	0.47938999999999998
0.091249999999999998 	0.47974
0.091499999999999998 	0.48008000000000001
0.091749999999999998 	0.48042000000000001
0.091999999999999998 	0.48076000000000002
0.092249999999999999 	0.48110000000000003
0.092499999999999999 	0.48143999999999998
0.092749999999999999 	0.48177999999999999
0.092999999999999999 	0.48210999999999998
0.09325 	0.48244999999999999
0.0935 	0.48279
0.09375 	0.48311999999999999
0.094 	0.48344999999999999
0.09425 	0.48379
0.094500000000000001 	0.48411999999999999
0.094750000000000001 	0.48444999999999999
0.095000000000000001 	0.48477999999999999
0.095250000000000001 	0.48510999999999999
0.095500000000000002 	0.48543999999999998
0.095750000000000002 	0.48576999999999998
0.096000000000000002 	0.48609999999999998
0.096250000000000002 	0.48642000000000002
0.096500000000000002 	0.48675000000000002
0.096750000000000003 	0.48707
0.097000000000000003 	0.4874
0.097250000000000003 	0.48771999999999999
0.097500000000000003 	0.48803999999999997
0.097750000000000004 	0.48837000000000003
0.098000000000000004 	0.48869000000000001
0.098250000000000004 	0.48901
0.098500000000000004 	0.48932999999999999
0.098750000000000004 	0.48964999999999997
0.099000000000000005 	0.48997000000000002
0.099250000000000005 	0.49027999999999999
0.099500000000000005 	0.49059999999999998
0.099750000000000005 	0.49092000000000002
0.10000000000000001 	0.49123
0.10100000000000001 	0.49248999999999998
0.10199999999999999 	0.49373
0.10299999999999999 	0.49496000000000001
0.104 	0.49618000000000001
0.105 	0.49739
0.106 	0.49858999999999998
0.107 	0.49978
0.108 	0.50095999999999996
0.109 	0.50212999999999997
0.11 	0.50329000000000002
0.111 	0.50444
0.112 	0.50558000000000003
0.113 	0.50670999999999999
0.114 	0.50783999999999996
0.115 	0.50895000000000001
0.11600000000000001 	0.51005999999999996
0.11700000000000001 	0.51114999999999999
0.11799999999999999 	0.51224000000000003
0.11899999999999999 	0.51332
0.12 	0.51439999999999997
0.121 	0.51546000000000003
0.122 	0.51651999999999998
0.123 	0.51756999999999997
0.124 	0.51861000000000002
0.125 	0.51963999999999999
0.126 	0.52066999999999997
0.127 	0.52168999999999999
0.128 	0.52270000000000005
0.129 	0.52371000000000001
0.13 	0.52471000000000001
0.13100000000000001 	0.52569999999999995
0.13200000000000001 	0.52668999999999999
0.13300000000000001 	0.52766999999999997
0.13400000000000001 	0.52864
0.13500000000000001 	0.52961000000000003
0.13600000000000001 	0.53056999999999999
0.13700000000000001 	0.53151999999999999
0.13800000000000001 	0.53247
0.13900000000000001 	0.53341000000000005
0.14000000000000001 	0.53434999999999999
0.14099999999999999 	0.53527999999999998
0.14199999999999999 	0.53620000000000001
0.14299999999999999 	0.53712000000000004
0.14399999999999999 	0.53803999999999996
0.14499999999999999 	0.53895000000000004
0.14599999999999999 	0.53985000000000005
0.14699999999999999 	0.54074999999999995
0.14799999999999999 	0.54164000000000001
0.14899999999999999 	0.54252999999999996
0.14999999999999999 	0.54340999999999995
0.151 	0.54429000000000005
0.152 	0.54515999999999998
0.153 	0.54603000000000002
0.154 	0.54688999999999999
0.155 	0.54774999999999996
0.156 	0.54859999999999998
0.157 	0.54944999999999999
0.158 	0.55028999999999995
0.159 	0.55113000000000001
0.16 	0.55196999999999996
0.161 	0.55279999999999996
0.16200000000000001 	0.55362999999999996
0.16300000000000001 	0.55445
0.16400000000000001 	0.55527000000000004
0.16500000000000001 	0.55608000000000002
0.16600000000000001 	0.55689
0.16700000000000001 	0.55769999999999997
0.16800000000000001 	0.5585
0.16900000000000001 	0.55930000000000002
0.17000000000000001 	0.56008999999999998
0.17100000000000001 	0.56088000000000005
0.17199999999999999 	0.56167
0.17299999999999999 	0.56245000000000001
0.17399999999999999 	0.56323000000000001
0.17499999999999999 	0.56401000000000001
0.17599999999999999 	0.56477999999999995
0.17699999999999999 	0.56555
0.17799999999999999 	0.56630999999999998
0.17899999999999999 	0.56706999999999996
0.17999999999999999 	0.56782999999999995
0.18099999999999999 	0.56857999999999997
0.182 	0.56933
0.183 	0.57008000000000003
0.184 	0.57082999999999995
0.185 	0.57157000000000002
0.186 	0.57230000000000003
0.187 	0.57303999999999999
0.188 	0.57377
0.189 	0.57450000000000001
0.19 	0.57521999999999995
0.191 	0.57594000000000001
0.192 	0.57665999999999995
0.193 	0.57738
0.19400000000000001 	0.57808999999999999
0.19500000000000001 	0.57879999999999998
0.19600000000000001 	0.57950999999999997
0.19700000000000001 	0.58021
0.19800000000000001 	0.58091000000000004
0.19900000000000001 	0.58160999999999996
0.20000000000000001 	0.58230999999999999
0.20999999999999999 	0.58911999999999998
0.22500000000000001 	0.59887000000000001
0.23999999999999999 	0.60814000000000001
0.255 	0.61697999999999997
0.27000000000000002 	0.62544
0.28499999999999998 	0.63358000000000003
0.29999999999999999 	0.64141999999999999
0.315 	0.64900000000000002
0.33000000000000002 	0.65634000000000003
0.34499999999999997 	0.66347
0.35999999999999999 	0.6704
0.375 	0.67715999999999998
0.39000000000000001 	0.68376000000000003
0.40500000000000003 	0.69020999999999999
0.41999999999999998 	0.69652999999999998
0.435 	0.70272999999999997
0.45000000000000001 	0.70882000000000001
0.46500000000000002 	0.71479999999999999
0.47999999999999998 	0.72069000000000005
0.495 	0.72650000000000003
0.51000000000000001 	0.73221999999999998
0.52500000000000002 	0.73787000000000003
0.54000000000000004 	0.74345000000000006
0.55500000000000005 	0.74897000000000002
0.56999999999999995 	0.75444
0.58499999999999996 	0.75985000000000003
0.59999999999999998 	0.76520999999999995
0.61499999999999999 	0.77053000000000005
0.63 	0.77580000000000005
0.64500000000000002 	0.78103999999999996
0.66000000000000003 	0.78624000000000005
0.67500000000000004 	0.79142000000000001
0.68999999999999995 	0.79656000000000005
0.70499999999999996 	0.80167999999999995
0.71999999999999997 	0.80676999999999999
0.73499999999999999 	0.81184000000000001
0.75 	0.81689999999999996
0.76500000000000001 	0.82193000000000005
0.78000000000000003 	0.82694999999999996
0.79500000000000004 	0.83196000000000003
0.81000000000000005 	0.83694999999999997
0.82499999999999996 	0.84194000000000002
0.83999999999999997 	0.84691000000000005
0.85499999999999998 	0.85187999999999997
0.87 	0.85685
0.88500000000000001 	0.86180000000000001
0.90000000000000002 	0.86675999999999997
0.91500000000000004 	0.87170999999999998
0.93000000000000005 	0.87665999999999999
0.94499999999999995 	0.88161999999999996
0.95999999999999996 	0.88656999999999997
0.97499999999999998 	0.89153000000000004
0.98999999999999999 	0.89648000000000005
1.0049999999999999 	0.90144999999999997
1.02 	0.90641000000000005
1.0349999999999999 	0.91139000000000003
1.05 	0.91637000000000002
1.0649999999999999 	0.92135
1.0800000000000001 	0.92635000000000001
1.095 	0.93135000000000001
1.1100000000000001 	0.93637000000000004
1.125 	0.94138999999999995
1.1399999999999999 	0.94642000000000004
1.155 	0.95147000000000004
1.1699999999999999 	0.95652000000000004
1.1850000000000001 	0.96158999999999994
1.2 	0.96667000000000003
1.2150000000000001 	0.97177000000000002
1.23 	0.97687999999999997
1.2450000000000001 	0.98199999999999998
1.26 	0.98714000000000002
1.2749999999999999 	0.99229000000000001
1.29 	0.99746000000000001
1.3049999999999999 	1.0025999999999999
1.3200000000000001 	1.0078
1.335 	1.0130999999999999
1.3500000000000001 	1.0183
1.365 	1.0235000000000001
1.3799999999999999 	1.0287999999999999
1.395 	1.0341
1.4099999999999999 	1.0394000000000001
1.425 	1.0447
1.4399999999999999 	1.0501
1.4550000000000001 	1.0553999999999999
1.47 	1.0608
1.4850000000000001 	1.0662
1.5 	1.0717000000000001
1.5149999999999999 	1.0770999999999999
1.53 	1.0826
1.5449999999999999 	1.0881000000000001
1.5600000000000001 	1.0935999999999999
1.575 	1.0991
1.5900000000000001 	1.1046
1.605 	1.1102000000000001
1.6200000000000001 	1.1157999999999999
1.635 	1.1214
1.6499999999999999 	1.1271
1.665 	1.1327
1.6799999999999999 	1.1384000000000001
1.6950000000000001 	1.1440999999999999
1.71 	1.1498999999999999
1.7250000000000001 	1.1556
1.74 	1.1614
1.7549999999999999 	1.1672
1.77 	1.173
1.7849999999999999 	1.1789000000000001
1.8 	1.1847000000000001
1.8149999999999999 	1.1906000000000001
1.8300000000000001 	1.1966000000000001
1.845 	1.2024999999999999
1.8600000000000001 	1.2084999999999999
1.875 	1.2144999999999999
1.8899999999999999 	1.2204999999999999
1.905 	1.2265999999999999
1.9199999999999999 	1.2325999999999999
1.9350000000000001 	1.2386999999999999
1.95 	1.2447999999999999
1.9650000000000001 	1.2509999999999999
1.98 	1.2572000000000001
1.9950000000000001 	1.2634000000000001
2.0099999999999998 	1.2696000000000001
2.0249999999999999 	1.2758
2.04 	1.2821
2.0550000000000002 	1.2884
2.0699999999999998 	1.2948
2.085 	1.3010999999999999
2.1000000000000001 	1.3075000000000001
2.1150000000000002 	1.3139000000000001
2.1299999999999999 	1.3203
2.145 	1.3268
2.1600000000000001 	1.3332999999999999
2.1749999999999998 	1.3398000000000001
2.1899999999999999 	1.3463000000000001
2.2050000000000001 	1.3529
2.2200000000000002 	1.3594999999999999
2.2349999999999999 	1.3661000000000001
2.25 	1.3728
2.2650000000000001 	1.3794999999999999
2.2799999999999998 	1.3862000000000001
2.2949999999999999 	1.3929
2.3100000000000001 	1.3996
2.3250000000000002 	1.4064000000000001
2.3399999999999999 	1.4132
2.355 	1.4200999999999999
2.3700000000000001 	1.427
2.3849999999999998 	1.4338
2.3999999999999999 	1.4408000000000001
2.415 	1.4477
2.4300000000000002 	1.4547000000000001
2.4449999999999998 	1.4617
2.46 	1.4686999999999999
2.4750000000000001 	1.4758
2.4900000000000002 	1.4829000000000001
2.5049999999999999 	1.49
2.52 	1.4971000000000001
2.5350000000000001 	1.5043
2.5499999999999998 	1.5115000000000001
2.5649999999999999 	1.5186999999999999
2.5800000000000001 	1.526
2.5950000000000002 	1.5333000000000001
2.6099999999999999 	1.5406
2.625 	1.5479000000000001
2.6400000000000001 	1.5552999999999999
2.6549999999999998 	1.5627
2.6699999999999999 	1.5701000000000001
2.6850000000000001 	1.5775999999999999
2.7000000000000002 	1.5851
2.7149999999999999 	1.5926
2.73 	1.6001000000000001
2.7450000000000001 	1.6076999999999999
2.7599999999999998 	1.6153
2.7749999999999999 	1.6229
2.79 	1.6305000000000001
2.8050000000000002 	1.6382000000000001
2.8199999999999998 	1.6458999999999999
2.835 	1.6536999999999999
2.8500000000000001 	1.6614
2.8650000000000002 	1.6692
2.8799999999999999 	1.677
2.895 	1.6849000000000001
2.9100000000000001 	1.6927000000000001
2.9249999999999998 	1.7007000000000001
2.9399999999999999 	1.7085999999999999
2.9550000000000001 	1.7164999999999999
2.9700000000000002 	1.7244999999999999
2.9849999999999999 	1.7325999999999999
3 	1.7405999999999999
3.0057 	1.7436612819999999
3.0114000000000001 	1.7467300880000001
3.0171000000000001 	1.749802984
3.0228000000000002 	1.75287997
3.0285000000000002 	1.755961047
3.0341999999999998 	1.759046213
3.0398999999999998 	1.76213547
3.0455999999999999 	1.7652288169999999
3.0512999999999999 	1.7683262529999999
3.0569999999999999 	1.77142778
3.0627 	1.7745333969999999
3.0684 	1.777643104
3.0741000000000001 	1.7807569000000001
3.0798000000000001 	1.7838747859999999
3.0855000000000001 	1.786996762
3.0912000000000002 	1.790122827
3.0969000000000002 	1.7932529820000001
3.1025999999999998 	1.7963872249999999
3.1082999999999998 	1.799525558
3.1139999999999999 	1.802667979
3.1196999999999999 	1.8058144890000001
3.1254 	1.808965087
3.1311 	1.812119773
3.1368 	1.8152785469999999
3.1425000000000001 	1.8184414090000001
3.1482000000000001 	1.821608358
3.1539000000000001 	1.8247793940000001
3.1596000000000002 	1.827954517
3.1652999999999998 	1.8311337270000001
3.1709999999999998 	1.834317022
3.1766999999999999 	1.8375044039999999
3.1823999999999999 	1.8406958710000001
3.1880999999999999 	1.8438914230000001
3.1938 	1.8470910599999999
3.1995 	1.850294782
3.2052 	1.853502588
3.2109000000000001 	1.8567144769999999
3.2166000000000001 	1.85993045
3.2223000000000002 	1.8631505049999999
3.2280000000000002 	1.8663746430000001
3.2336999999999998 	1.8696028629999999
3.2393999999999998 	1.8728351640000001
3.2450999999999999 	1.876071547
3.2507999999999999 	1.87931201
3.2565 	1.8825565529999999
3.2622 	1.885805175
3.2679 	1.8890578769999999
3.2736000000000001 	1.892314657
3.2793000000000001 	1.8955755160000001
3.2850000000000001 	1.8988404510000001
3.2907000000000002 	1.902109464
3.2964000000000002 	1.9053825529999999
3.3020999999999998 	1.908659718
3.3077999999999999 	1.911940958
3.3134999999999999 	1.915226273
3.3191999999999999 	1.918515661
3.3249 	1.9218091230000001
3.3306 	1.925106658
3.3363 	1.9284082650000001
3.3420000000000001 	1.9317139430000001
3.3477000000000001 	1.9350236919999999
3.3534000000000002 	1.9383375110000001
3.3591000000000002 	1.9416553999999999
3.3647999999999998 	1.944977357
3.3704999999999998 	1.948303382
3.3761999999999999 	1.951633475
3.3818999999999999 	1.954967634
3.3875999999999999 	1.958305859
3.3933 	1.96164815
3.399 	1.9649945040000001
3.4047000000000001 	1.968344922
3.4104000000000001 	1.9716994029999999
3.4161000000000001 	1.975057947
3.4218000000000002 	1.9784205509999999
3.4275000000000002 	1.9817872160000001
3.4331999999999998 	1.9851579399999999
3.4388999999999998 	1.9885327230000001
3.4445999999999999 	1.991911564
3.4502999999999999 	1.995294463
3.456 	1.998681417
3.4617 	2.0020724269999999
3.4674 	2.0054674920000002
3.4731000000000001 	2.0088666100000001
3.4788000000000001 	2.0122697820000002
3.4845000000000002 	2.0156770050000001
3.4902000000000002 	2.019088279
3.4958999999999998 	2.0225036030000001
3.5015999999999998 	2.0259229759999999
3.5072999999999999 	2.0293463979999999
3.5129999999999999 	2.0327738659999999
3.5186999999999999 	2.0362053809999998
3.5244 	2.0396409420000001
3.5301 	2.0430805470000002
3.5358000000000001 	2.0465241949999999
3.5415000000000001 	2.0499718859999998
3.5472000000000001 	2.0534236180000001
3.5529000000000002 	2.0568793909999998
3.5586000000000002 	2.0603392029999998
3.5642999999999998 	2.063803053
3.5699999999999998 	2.0672709409999999
3.5756999999999999 	2.0707428650000002
3.5813999999999999 	2.0742188239999999
3.5871 	2.077698818
3.5928 	2.0811828449999998
3.5985 	2.0846709040000002
3.6042000000000001 	2.0881629940000002
3.6099000000000001 	2.091659114
3.6156000000000001 	2.0951592620000001
3.6213000000000002 	2.0986634390000001
3.6269999999999998 	2.1021716420000001
3.6326999999999998 	2.10568387
3.6383999999999999 	2.1092001229999999
3.6440999999999999 	2.1127203990000001
3.6497999999999999 	2.116244697
3.6555 	2.1197730159999999
3.6612 	2.1233053540000002
3.6669 	2.1268417120000001
3.6726000000000001 	2.130382086
3.6783000000000001 	2.1339264770000002
3.6840000000000002 	2.1374748829999999
3.6897000000000002 	2.141027303
3.6953999999999998 	2.1445837349999999
3.7010999999999998 	2.148144179
3.7067999999999999 	2.1517086320000001
3.7124999999999999 	2.1552770950000002
3.7181999999999999 	2.1588495650000001
3.7239 	2.1624260419999999
3.7296 	2.1660065240000002
3.7353000000000001 	2.16959101
3.7410000000000001 	2.1731794990000002
3.7467000000000001 	2.176771988
3.7524000000000002 	2.1803684780000001
3.7581000000000002 	2.1839689670000002
3.7637999999999998 	2.1875734530000002
3.7694999999999999 	2.191181936
3.7751999999999999 	2.1947944129999999
3.7808999999999999 	2.1984108839999998
3.7866 	2.2020313470000001
3.7923 	2.2056558000000002
3.798 	2.209284244
3.8037000000000001 	2.2129166750000002
3.8094000000000001 	2.2165530929999999
3.8151000000000002 	2.2201934969999999
3.8208000000000002 	2.223837885
3.8264999999999998 	2.2274862550000001
3.8321999999999998 	2.2311386070000001
3.8378999999999999 	2.2347949379999998
3.8435999999999999 	2.2384552489999998
3.8492999999999999 	2.2421195360000001
3.855 	2.2457877989999999
3.8607 	2.2494600359999999
3.8664000000000001 	2.253136246
3.8721000000000001 	2.256816427
3.8778000000000001 	2.2605005779999998
3.8835000000000002 	2.2641886979999999
3.8892000000000002 	2.267880785
3.8948999999999998 	2.271576837
3.9005999999999998 	2.2752768529999998
3.9062999999999999 	2.2789808319999998
3.9119999999999999 	2.2826887729999998
3.9177 	2.2864006720000001
3.9234 	2.2901165300000002
3.9291 	2.2938363449999999
3.9348000000000001 	2.297560115
3.9405000000000001 	2.3012878379999999
3.9462000000000002 	2.305019514
3.9519000000000002 	2.3087551400000002
3.9575999999999998 	2.3124947150000001
3.9632999999999998 	2.3162382369999999
3.9689999999999999 	2.3199857060000002
3.9746999999999999 	2.323737119
3.9803999999999999 	2.3274924750000001
3.9861 	2.3312517719999999
3.9918 	2.3350150080000001
3.9975000000000001 	2.3387821830000002
4.0031999999999996 	2.3425532950000001
4.0088999999999997 	2.346328341
4.0145999999999997 	2.3501073209999999
4.0202999999999998 	2.3538902319999999
4.0259999999999998 	2.3576770730000001
4.0316999999999998 	2.3614678429999998
4.0373999999999999 	2.3652625399999998
4.0430999999999999 	2.3690611619999999
4.0488 	2.3728637080000001
4.0545 	2.3766701760000002
4.0602 	2.380480564
4.0659000000000001 	2.3842948709999998
4.0716000000000001 	2.388113095
4.0773000000000001 	2.391935234
4.0830000000000002 	2.395761287
4.0887000000000002 	2.3995912509999999
4.0944000000000003 	2.4034251270000002
4.1001000000000003 	2.4072629110000001
4.1058000000000003 	2.4111046009999999
4.1115000000000004 	2.414950197
4.1172000000000004 	2.4187996969999999
4.1228999999999996 	2.4226530980000001
4.1285999999999996 	2.4265104000000002
4.1342999999999996 	2.4303716
4.1399999999999997 	2.4342366960000001
4.1456999999999997 	2.4381056879999998
4.1513999999999998 	2.4419785730000001
4.1570999999999998 	2.4458553489999999
4.1627999999999998 	2.449736015
4.1684999999999999 	2.4536205689999999
4.1741999999999999 	2.4575090089999998
4.1798999999999999 	2.461401333
4.1856 	2.4652975399999999
4.1913 	2.4691976279999999
4.1970000000000001 	2.4731015959999998
4.2027000000000001 	2.4770094399999998
4.2084000000000001 	2.4809211599999998
4.2141000000000002 	2.4848367530000002
4.2198000000000002 	2.4887562189999999
4.2255000000000003 	2.492679555
4.2312000000000003 	2.4966067590000001
4.2369000000000003 	2.5005378290000002
4.2426000000000004 	2.504472764
4.2483000000000004 	2.508411562
4.2539999999999996 	2.5123542200000002
4.2596999999999996 	2.516300738
4.2653999999999996 	2.5202511140000001
4.2710999999999997 	2.5242053439999999
4.2767999999999997 	2.528163428
4.2824999999999998 	2.5321253640000001
4.2881999999999998 	2.5360911499999998
4.2938999999999998 	2.540060784
4.2995999999999999 	2.5440342629999999
4.3052999999999999 	2.548011587
4.3109999999999999 	2.551992754
4.3167 	2.5559777609999998
4.3224 	2.5599666060000001
4.3281000000000001 	2.5639592879999999
4.3338000000000001 	2.5679558039999999
4.3395000000000001 	2.571956154
4.3452000000000002 	2.5759603339999999
4.3509000000000002 	2.5799683440000001
4.3566000000000003 	2.5839801800000002
4.3623000000000003 	2.5879958420000002
4.3680000000000003 	2.5920153259999998
4.3737000000000004 	2.596038632
4.3794000000000004 	2.6000657569999999
4.3851000000000004 	2.6040966999999999
4.3907999999999996 	2.6081314579999999
4.3964999999999996 	2.6121700290000001
4.4021999999999997 	2.6162124119999999
4.4078999999999997 	2.620258604
4.4135999999999997 	2.6243086039999999
4.4192999999999998 	2.6283624099999998
4.4249999999999998 	2.632420019
4.4306999999999999 	2.6364814289999998
4.4363999999999999 	2.6405466390000001
4.4420999999999999 	2.6446156470000002
4.4478 	2.6486884499999999
4.4535 	2.6527650469999999
4.4592000000000001 	2.6568454350000001
4.4649000000000001 	2.660929613
4.4706000000000001 	2.6650175780000001
4.4763000000000002 	2.6691093289999999
4.4820000000000002 	2.673204863
4.4877000000000002 	2.6773041790000001
4.4934000000000003 	2.6814072740000001
4.4991000000000003 	2.685514146
4.5048000000000004 	2.6896247940000002
4.5105000000000004 	2.6937392149999999
4.5162000000000004 	2.6978574069999999
4.5218999999999996 	2.7019793679999999
4.5275999999999996 	2.706105097
4.5332999999999997 	2.7102345900000002
4.5389999999999997 	2.714367846
4.5446999999999997 	2.7185048630000002
4.5503999999999998 	2.722645639
4.5560999999999998 	2.7267901719999998
4.5617999999999999 	2.7309384589999999
4.5674999999999999 	2.7350904979999999
4.5731999999999999 	2.7392462879999999
4.5789 	2.743405826
4.5846 	2.7475691100000001
4.5903 	2.7517361390000001
4.5960000000000001 	2.7559069090000001
4.6017000000000001 	2.760081419
4.6074000000000002 	2.7642596670000001
4.6131000000000002 	2.7684416500000002
4.6188000000000002 	2.7726273670000001
4.6245000000000003 	2.7768168150000001
4.6302000000000003 	2.7810099930000001
4.6359000000000004 	2.7852068970000001
4.6416000000000004 	2.7894075260000002
4.6473000000000004 	2.7936118780000001
4.6529999999999996 	2.7978199500000001
4.6586999999999996 	2.802031741
4.6643999999999997 	2.806247248
4.6700999999999997 	2.810466468
4.6757999999999997 	2.8146894009999999
4.6814999999999998 	2.8189160439999998
4.6871999999999998 	2.8231463940000001
4.6928999999999998 	2.8273804490000001
4.6985999999999999 	2.8316182080000001
4.7042999999999999 	2.8358596669999998
4.71 	2.8401048250000001
4.7157 	2.8443536800000002
4.7214 	2.848606229
4.7271000000000001 	2.8528624699999998
4.7328000000000001 	2.8571224009999998
4.7385000000000002 	2.8613860199999999
4.7442000000000002 	2.8656533240000002
4.7499000000000002 	2.8699243120000002
4.7556000000000003 	2.8741989800000001
4.7613000000000003 	2.8784773270000001
4.7670000000000003 	2.8827593509999998
4.7727000000000004 	2.8870450490000001
4.7784000000000004 	2.8913344200000002
4.7840999999999996 	2.89562746
4.7897999999999996 	2.899924167
4.7954999999999997 	2.90422454
4.8011999999999997 	2.9085285760000001
4.8068999999999997 	2.9128362729999999
4.8125999999999998 	2.917147629
4.8182999999999998 	2.9214626400000001
4.8239999999999998 	2.9257813060000002
4.8296999999999999 	2.9301036229999999
4.8353999999999999 	2.9344295900000001
4.8411 	2.9387592040000001
4.8468 	2.9430924630000002
4.8525 	2.947429364
4.8582000000000001 	2.951769906
4.8639000000000001 	2.9561140849999998
4.8696000000000002 	2.960461901
4.8753000000000002 	2.9648133489999999
4.8810000000000002 	2.9691684290000002
4.8867000000000003 	2.9735271380000001
4.8924000000000003 	2.9778894729999998
4.8981000000000003 	2.9822554320000001
4.9038000000000004 	2.9866250129999998
4.9095000000000004 	2.9909982130000001
4.9151999999999996 	2.9953750299999999
4.9208999999999996 	2.9997554630000001
4.9265999999999996 	3.0041395080000002
4.9322999999999997 	3.0085271630000001
4.9379999999999997 	3.0129184250000001
4.9436999999999998 	3.017313293
4.9493999999999998 	3.021711765
4.9550999999999998 	3.026113837
4.9607999999999999 	3.0305195070000002
4.9664999999999999 	3.0349287739999999
4.9722 	3.0393416339999999
4.9779 	3.0437580849999999
4.9836 	3.0481781259999998
4.9893000000000001 	3.0526017529999998
4.9950000000000001 	3.0570289640000001
5.0007000000000001 	3.0614597570000002
5.0064000000000002 	3.0658941290000001
5.0121000000000002 	3.0703320779999999
5.0178000000000003 	3.0747736020000001
5.0235000000000003 	3.0792186990000001
5.0292000000000003 	3.0836673650000002
5.0349000000000004 	3.088119598
5.0406000000000004 	3.0925753970000001
5.0462999999999996 	3.0970347579999999
5.0519999999999996 	3.10149768
5.0576999999999996 	3.105964159
5.0633999999999997 	3.1104341940000002
5.0690999999999997 	3.114907782
5.0747999999999998 	3.119384921
5.0804999999999998 	3.1238656069999999
5.0861999999999998 	3.1283498399999998
5.0918999999999999 	3.1328376150000001
5.0975999999999999 	3.137328932
5.1032999999999999 	3.1418237869999999
5.109 	3.1463221780000001
5.1147 	3.1508241020000001
5.1204000000000001 	3.155329558
5.1261000000000001 	3.1598385420000001
5.1318000000000001 	3.1643510529999999
5.1375000000000002 	3.1688670870000002
5.1432000000000002 	3.1733866430000002
5.1489000000000003 	3.1779097169999999
5.1546000000000003 	3.1824363080000002
5.1603000000000003 	3.1869664129999999
5.1660000000000004 	3.1915000290000002
5.1717000000000004 	3.1960371539999999
5.1773999999999996 	3.2005777860000002
5.1830999999999996 	3.2051219209999999
5.1887999999999996 	3.2096695579999999
5.1944999999999997 	3.2142206949999998
5.2001999999999997 	3.218775328
5.2058999999999997 	3.2233334550000001
5.2115999999999998 	3.227895073
5.2172999999999998 	3.232460181
5.2229999999999999 	3.2370287750000002
5.2286999999999999 	3.241600853
5.2343999999999999 	3.2461764130000001
5.2401 	3.2507554519999999
5.2458 	3.2553379680000001
5.2515000000000001 	3.2599239579999999
5.2572000000000001 	3.264513419
5.2629000000000001 	3.2691063489999999
5.2686000000000002 	3.2737027460000001
5.2743000000000002 	3.2783026070000001
5.2800000000000002 	3.282905929
5.2857000000000003 	3.2875127100000001
5.2914000000000003 	3.2921229479999998
5.2971000000000004 	3.2967366400000002
5.3028000000000004 	3.3013537830000002
5.3085000000000004 	3.3059743739999998
5.3141999999999996 	3.310598412
5.3198999999999996 	3.3152258940000001
5.3255999999999997 	3.3198568169999998
5.3312999999999997 	3.3244911780000002
5.3369999999999997 	3.3291289759999998
5.3426999999999998 	3.3337702070000002
5.3483999999999998 	3.3384148690000002
5.3540999999999999 	3.3430629600000001
5.3597999999999999 	3.3477144760000002
5.3654999999999999 	3.3523694160000002
5.3712 	3.3570277759999998
5.3769 	3.3616895549999999
5.3826000000000001 	3.3663547490000001
5.3883000000000001 	3.3710233559999998
5.3940000000000001 	3.3756953730000001
5.3997000000000002 	3.380370799
5.4054000000000002 	3.3850496290000001
5.4111000000000002 	3.3897318620000001
5.4168000000000003 	3.394417496
5.4225000000000003 	3.3991065269999998
5.4282000000000004 	3.4037989519999998
5.4339000000000004 	3.4084947699999999
5.4396000000000004 	3.4131939779999998
5.4452999999999996 	3.4178965730000002
5.4509999999999996 	3.4226025519999999
5.4566999999999997 	3.4273119140000001
5.4623999999999997 	3.4320246540000001
5.4680999999999997 	3.4367407710000002
5.4737999999999998 	3.4414602630000002
5.4794999999999998 	3.4461831260000002
5.4851999999999999 	3.450909357
5.4908999999999999 	3.455638955
5.4965999999999999 	3.4603719160000002
5.5023 	3.4651082390000001
5.508 	3.4698479199999999
5.5137 	3.4745909560000001
5.5194000000000001 	3.4793373459999999
5.5251000000000001 	3.4840870860000002
5.5308000000000002 	3.4888401739999999
5.5365000000000002 	3.4935966070000002
5.5422000000000002 	3.4983563819999999
5.5479000000000003 	3.5031194980000002
5.5536000000000003 	3.507885951
5.5593000000000004 	3.5126557379999999
5.5650000000000004 	3.5174288570000001
5.5707000000000004 	3.522205306
5.5763999999999996 	3.5269850809999999
5.5820999999999996 	3.5317681809999999
5.5877999999999997 	3.5365546019999998
5.5934999999999997 	3.5413443409999998
5.5991999999999997 	3.5461373960000002
5.6048999999999998 	3.5509337649999999
5.6105999999999998 	3.5557334439999999
5.6162999999999998 	3.5605364320000001
5.6219999999999999 	3.5653427249999998
5.6276999999999999 	3.57015232
5.6334 	3.5749652159999998
5.6391 	3.5797814080000001
5.6448 	3.584600896
5.6505000000000001 	3.5894236749999999
5.6562000000000001 	3.5942497439999999
5.6619000000000002 	3.5990790989999999
5.6676000000000002 	3.6039117379999999
5.6733000000000002 	3.6087476590000001
5.6790000000000003 	3.6135868580000001
5.6847000000000003 	3.6184293319999998
5.6904000000000003 	3.62327508
5.6961000000000004 	3.6281240989999999
5.7018000000000004 	3.6329763850000001
5.7074999999999996 	3.637831936
5.7131999999999996 	3.6426907489999998
5.7188999999999997 	3.6475528220000002
5.7245999999999997 	3.6524181520000001
5.7302999999999997 	3.6572867360000001
5.7359999999999998 	3.6621585720000001
5.7416999999999998 	3.6670336560000001
5.7473999999999998 	3.671911986
5.7530999999999999 	3.6767935600000001
5.7587999999999999 	3.6816783740000001
5.7645 	3.6865664260000002
5.7702 	3.6914577139999998
5.7759 	3.6963522339999999
5.7816000000000001 	3.7012499829999999
5.7873000000000001 	3.70615096
5.7930000000000001 	3.7110551599999999
5.7987000000000002 	3.715962583
5.8044000000000002 	3.720873224
5.8101000000000003 	3.725787081
5.8158000000000003 	3.7307041509999999
5.8215000000000003 	3.7356244319999998
5.8272000000000004 	3.74054792
5.8329000000000004 	3.7454746139999999
5.8385999999999996 	3.7504045100000001
5.8442999999999996 	3.7553376059999999
5.8499999999999996 	3.7602738979999999
5.8556999999999997 	3.765213385
5.8613999999999997 	3.7701560629999999
5.8670999999999998 	3.7751019289999999
5.8727999999999998 	3.780050981
5.8784999999999998 	3.7850032159999998
5.8841999999999999 	3.7899586319999998
5.8898999999999999 	3.7949172249999998
5.8956 	3.799878992
5.9013 	3.8048439319999998
5.907 	3.8098120409999998
5.9127000000000001 	3.8147833160000002
5.9184000000000001 	3.8197577549999999
5.9241000000000001 	3.8247353550000001
5.9298000000000002 	3.8297161129999999
5.9355000000000002 	3.8347000260000002
5.9412000000000003 	3.8396870920000001
5.9469000000000003 	3.844677307
5.9526000000000003 	3.8496706700000001
5.9583000000000004 	3.854667176
5.9640000000000004 	3.8596668240000001
5.9696999999999996 	3.8646696110000001
5.9753999999999996 	3.8696755340000002
5.9810999999999996 	3.8746845890000001
5.9867999999999997 	3.8796967750000002
5.9924999999999997 	3.8847120880000001
5.9981999999999998 	3.8897305260000001
6.0038999999999998 	3.894752086
6.0095999999999998 	3.8997767649999999
6.0152999999999999 	3.9048045600000001
6.0209999999999999 	3.9098354679999998
6.0266999999999999 	3.9148694879999999
6.0324 	3.9199066149999999
6.0381 	3.9249468470000002
6.0438000000000001 	3.929990181
6.0495000000000001 	3.935036615
6.0552000000000001 	3.940086145
6.0609000000000002 	3.9451387690000002
6.0666000000000002 	3.9501944839999998
6.0723000000000003 	3.9552532870000001
6.0780000000000003 	3.9603151759999999
6.0837000000000003 	3.9653801469999999
6.0894000000000004 	3.9704481970000001
6.0951000000000004 	3.975519325
6.1007999999999996 	3.9805935259999998
6.1064999999999996 	3.9856707990000002
6.1121999999999996 	3.99075114
6.1178999999999997 	3.9958345469999998
6.1235999999999997 	4.0009210160000004
6.1292999999999997 	4.0060105459999997
6.1349999999999998 	4.0111031319999997
6.1406999999999998 	4.0161987720000001
6.1463999999999999 	4.0212974639999999
6.1520999999999999 	4.0263992049999997
6.1577999999999999 	4.0315039910000001
6.1635 	4.0366118200000001
6.1692 	4.0417226890000002
6.1749000000000001 	4.0468365950000003
6.1806000000000001 	4.0519535360000001
6.1863000000000001 	4.0570735080000002
6.1920000000000002 	4.0621965089999996
6.1977000000000002 	4.0673225349999997
6.2034000000000002 	4.0724515840000004
6.2091000000000003 	4.0775836539999997
6.2148000000000003 	4.0827187399999998
6.2205000000000004 	4.0878568409999998
6.2262000000000004 	4.0929979540000003
6.2319000000000004 	4.0981420750000002
6.2375999999999996 	4.103289202
6.2432999999999996 	4.1084393319999997
6.2489999999999997 	4.1135924619999997
6.2546999999999997 	4.118748589
6.2603999999999997 	4.1239077100000001
6.2660999999999998 	4.129069823
6.2717999999999998 	4.1342349250000003
6.2774999999999999 	4.1394030119999998
6.2831999999999999 	4.1445740820000001
6.2888999999999999 	4.1497481330000001
6.2946 	4.1549251600000003
6.3003 	4.1601051609999997
6.306 	4.1652881339999999
6.3117000000000001 	4.1704740759999996
6.3174000000000001 	4.1756629829999996
6.3231000000000002 	4.1808548520000004
6.3288000000000002 	4.1860496820000002
6.3345000000000002 	4.1912474680000003
6.3402000000000003 	4.1964482089999997
6.3459000000000003 	4.201651901
6.3516000000000004 	4.2068585409999999
6.3573000000000004 	4.2120681260000001
6.3630000000000004 	4.2172806549999997
6.3686999999999996 	4.2224961219999999
6.3743999999999996 	4.2277145269999998
6.3800999999999997 	4.232935865
6.3857999999999997 	4.2381601350000002
6.3914999999999997 	4.2433873320000002
6.3971999999999998 	4.2486174549999998
6.4028999999999998 	4.2538505000000004
6.4085999999999999 	4.2590864640000001
6.4142999999999999 	4.2643253449999996
6.4199999999999999 	4.2695671390000003
6.4257 	4.2748118450000003
6.4314 	4.2800594580000002
6.4371 	4.2853099749999997
6.4428000000000001 	4.2905633950000004
6.4485000000000001 	4.2958197140000003
6.4542000000000002 	4.301078929
6.4599000000000002 	4.3063410380000002
6.4656000000000002 	4.3116060359999997
6.4713000000000003 	4.3168739230000002
6.4770000000000003 	4.3221446930000003
6.4827000000000004 	4.327418346
6.4884000000000004 	4.3326948769999998
6.4941000000000004 	4.3379742840000004
6.4997999999999996 	4.3432565629999997
6.5054999999999996 	4.3485417130000004
6.5111999999999997 	4.3538297300000002
6.5168999999999997 	4.3591206109999998
6.5225999999999997 	4.3644143529999999
6.5282999999999998 	4.3697109530000002
6.5339999999999998 	4.3750104089999997
6.5396999999999998 	4.3803127179999999
6.5453999999999999 	4.3856178750000003
6.5510999999999999 	4.3909258800000002
6.5568 	4.3962367279999999
6.5625 	4.4015504170000002
6.5682 	4.4068669429999998
6.5739000000000001 	4.4121863049999996
6.5796000000000001 	4.4175084980000001
6.5853000000000002 	4.4228335210000003
6.5910000000000002 	4.4281613699999998
6.5967000000000002 	4.4334920420000001
6.6024000000000003 	4.4388255340000002
6.6081000000000003 	4.4441618429999998
6.6138000000000003 	4.4495009669999996
6.6195000000000004 	4.4548429020000002
6.6252000000000004 	4.4601876459999996
6.6308999999999996 	4.4655351950000002
6.6365999999999996 	4.470885547
6.6422999999999996 	4.4762386989999996
6.6479999999999997 	4.4815946469999997
6.6536999999999997 	4.486953389
6.6593999999999998 	4.4923149220000003
6.6650999999999998 	4.4976792430000003
6.6707999999999998 	4.5030463489999999
6.6764999999999999 	4.5084162369999996
6.6821999999999999 	4.5137889040000001
6.6879 	4.5191643470000002
6.6936 	4.5245425629999998
6.6993 	4.5299235500000004
6.7050000000000001 	4.5353073039999998
6.7107000000000001 	4.5406938219999997
6.7164000000000001 	4.5460831019999999
6.7221000000000002 	4.55147514
6.7278000000000002 	4.5568699329999998
6.7335000000000003 	4.562267479
6.7392000000000003 	4.5676677750000003
6.7449000000000003 	4.5730708169999996
6.7506000000000004 	4.5784766030000004
6.7563000000000004 	4.5838851299999996
6.7619999999999996 	4.5892963939999998
6.7676999999999996 	4.5947103929999997
6.7733999999999996 	4.6001271240000001
6.7790999999999997 	4.6055465839999998
6.7847999999999997 	4.6109687700000004
6.7904999999999998 	4.6163936789999998
6.7961999999999998 	4.6218213080000004
6.8018999999999998 	4.6272516530000001
6.8075999999999999 	4.6326847129999997
6.8132999999999999 	4.6381204839999999
6.819 	4.6435589630000003
6.8247 	4.6490001479999998
6.8304 	4.654444034
6.8361000000000001 	4.6598906199999997
6.8418000000000001 	4.6653399020000004
6.8475000000000001 	4.6707918770000001
6.8532000000000002 	4.6762465430000004
6.8589000000000002 	4.6817038960000001
6.8646000000000003 	4.687163934
6.8703000000000003 	4.6926266529999996
6.8760000000000003 	4.6980920499999996
6.8817000000000004 	4.7035601229999999
6.8874000000000004 	4.7090308680000001
6.8930999999999996 	4.7145042830000001
6.8987999999999996 	4.7199803640000004
6.9044999999999996 	4.725459109
6.9101999999999997 	4.7309405150000003
6.9158999999999997 	4.7364245780000003
6.9215999999999998 	4.7419112959999996
6.9272999999999998 	4.7474006659999999
6.9329999999999998 	4.7528926839999999
6.9386999999999999 	4.7583873480000003
6.9443999999999999 	4.763884655
6.9500999999999999 	4.7693846009999996
6.9558 	4.7748871849999999
6.9615 	4.7803924020000004
6.9672000000000001 	4.7859002500000001
6.9729000000000001 	4.7914107250000004
6.9786000000000001 	4.7969238259999996
6.9843000000000002 	4.8024395479999997
6.9900000000000002 	4.80795789
6.9957000000000003 	4.8134788469999998
7.0014000000000003 	4.8190024170000001
7.0071000000000003 	4.8245285969999996
7.0128000000000004 	4.8300573849999999
7.0185000000000004 	4.8355887759999998
7.0242000000000004 	4.841122768
7.0298999999999996 	4.8466593580000001
7.0355999999999996 	4.8521985430000001
7.0412999999999997 	4.8577403199999996
7.0469999999999997 	4.8632846860000001
7.0526999999999997 	4.8688316379999996
7.0583999999999998 	4.8743811729999997
7.0640999999999998 	4.8799332880000001
7.0697999999999999 	4.8854879799999997
7.0754999999999999 	4.891045246
7.0811999999999999 	4.8966050839999999
7.0869 	4.902167489
7.0926 	4.907732459
7.0983000000000001 	4.9132999919999998
7.1040000000000001 	4.9188700839999999
7.1097000000000001 	4.9244427310000001
7.1154000000000002 	4.9300179320000002
7.1211000000000002 	4.9355956829999998
7.1268000000000002 	4.9411759809999998
7.1325000000000003 	4.9467588229999997
7.1382000000000003 	4.9523442070000003
7.1439000000000004 	4.9579321280000004
7.1496000000000004 	4.9635225849999998
7.1553000000000004 	4.9691155739999999
7.1609999999999996 	4.9747110909999996
7.1666999999999996 	4.9803091349999997
7.1723999999999997 	4.9859097029999999
7.1780999999999997 	4.9915127899999998
7.1837999999999997 	4.9971183940000001
7.1894999999999998 	5.0027265129999998
7.1951999999999998 	5.0083371420000002
7.2008999999999999 	5.0139502800000004
7.2065999999999999 	5.019565923
7.2122999999999999 	5.0251840679999997
7.218 	5.0308047120000001
7.2237 	5.0364278520000001
7.2294 	5.0420534860000004
7.2351000000000001 	5.0476816089999996
7.2408000000000001 	5.0533122199999996
7.2465000000000002 	5.0589453149999999
7.2522000000000002 	5.0645808900000002
7.2579000000000002 	5.0702189439999996
7.2636000000000003 	5.0758594730000004
7.2693000000000003 	5.0815024749999997
7.2750000000000004 	5.0871479449999999
7.2807000000000004 	5.0927958809999998
7.2864000000000004 	5.0984462800000001
7.2920999999999996 	5.1040991399999998
7.2977999999999996 	5.1097544560000001
7.3034999999999997 	5.1154122270000002
7.3091999999999997 	5.1210724479999996
7.3148999999999997 	5.126735118
7.3205999999999998 	5.1324002330000003
7.3262999999999998 	5.1380677889999999
7.3319999999999999 	5.1437377849999999
7.3376999999999999 	5.1494102169999998
7.3433999999999999 	5.1550850810000002
7.3491 	5.1607623760000001
7.3548 	5.1664420980000001
7.3605 	5.1721242429999998
7.3662000000000001 	5.1778088100000002
7.3719000000000001 	5.1834957939999997
7.3776000000000002 	5.1891851940000002
7.3833000000000002 	5.1948770050000004
7.3890000000000002 	5.200571225
7.3947000000000003 	5.2062678509999998
7.4004000000000003 	5.2119668800000003
7.4061000000000003 	5.2176683089999996
7.4118000000000004 	5.223372135
7.4175000000000004 	5.2290783550000004
7.4231999999999996 	5.2347869649999996
7.4288999999999996 	5.2404979640000002
7.4345999999999997 	5.246211347
7.4402999999999997 	5.2519271119999997
7.4459999999999997 	5.257645256
7.4516999999999998 	5.2633657749999996
7.4573999999999998 	5.2690886680000002
7.4630999999999998 	5.2748139299999997
7.4687999999999999 	5.2805415590000004
7.4744999999999999 	5.2862715509999996
7.4802 	5.2920039049999996
7.4859 	5.2977386160000002
7.4916 	5.3034756820000002
7.4973000000000001 	5.3092150990000002
7.5030000000000001 	5.3149568650000001
7.5087000000000002 	5.3207009770000004
7.5144000000000002 	5.3264474310000001
7.5201000000000002 	5.3321962249999997
7.5258000000000003 	5.3379473559999999
7.5315000000000003 	5.3437008199999996
7.5372000000000003 	5.3494566150000002
7.5429000000000004 	5.3552147369999998
7.5486000000000004 	5.3609751839999999
7.5542999999999996 	5.3667379520000003
7.5599999999999996 	5.3725030389999997
7.5656999999999996 	5.3782704419999998
7.5713999999999997 	5.3840401570000003
7.5770999999999997 	5.3898121809999999
7.5827999999999998 	5.3955865120000004
7.5884999999999998 	5.4013631469999996
7.5941999999999998 	5.4071420809999999
7.5998999999999999 	5.4129233140000004
7.6055999999999999 	5.4187068399999996
7.6113 	5.4244926580000001
7.617 	5.4302807639999999
7.6227 	5.4360711559999997
7.6284000000000001 	5.44186383
7.6341000000000001 	5.4476587839999997
7.6398000000000001 	5.4534560130000003
7.6455000000000002 	5.4592555159999998
7.6512000000000002 	5.4650572899999998
7.6569000000000003 	5.47086133
7.6626000000000003 	5.4766676350000001
7.6683000000000003 	5.4824762009999999
7.6740000000000004 	5.488287025
7.6797000000000004 	5.4941001050000002
7.6853999999999996 	5.4999154360000002
7.6910999999999996 	5.5057330169999998
7.6967999999999996 	5.5115528439999997
7.7024999999999997 	5.5173749140000004
7.7081999999999997 	5.5231992249999999
7.7138999999999998 	5.5290257719999998
7.7195999999999998 	5.5348545539999998
7.7252999999999998 	5.5406855659999996
7.7309999999999999 	5.546518807
7.7366999999999999 	5.5523542719999996
7.7423999999999999 	5.5581919600000003
7.7481 	5.5640318669999997
7.7538 	5.5698739899999996
7.7595000000000001 	5.5757183259999996
7.7652000000000001 	5.5815648710000003
7.7709000000000001 	5.5874136239999999
7.7766000000000002 	5.5932645809999997
7.7823000000000002 	5.5991177380000003
7.7880000000000003 	5.604973094
7.7937000000000003 	5.610830644
7.7994000000000003 	5.6166903870000002
7.8051000000000004 	5.6225523180000003
7.8108000000000004 	5.6284164350000001
7.8164999999999996 	5.6342827350000002
7.8221999999999996 	5.6401512150000004
7.8278999999999996 	5.6460218720000004
7.8335999999999997 	5.6518947019999999
7.8392999999999997 	5.6577697039999997
7.8449999999999998 	5.6636468730000002
7.8506999999999998 	5.6695262069999997
7.8563999999999998 	5.6754077020000002
7.8620999999999999 	5.6812913570000001
7.8677999999999999 	5.6871771669999998
7.8734999999999999 	5.6930651299999999
7.8792 	5.6989552430000003
7.8849 	5.7048475019999998
7.8906000000000001 	5.7107419049999999
7.8963000000000001 	5.7166384490000004
7.9020000000000001 	5.7225371300000001
7.9077000000000002 	5.7284379459999997
7.9134000000000002 	5.7343408939999998
7.9191000000000003 	5.7402459700000001
7.9248000000000003 	5.7461531719999996
7.9305000000000003 	5.7520624969999998
7.9362000000000004 	5.7579739410000004
7.9419000000000004 	5.7638875020000002
7.9476000000000004 	5.769803177
7.9532999999999996 	5.7757209620000003
7.9589999999999996 	5.781640855
7.9646999999999997 	5.7875628519999998
7.9703999999999997 	5.7934869510000002
7.9760999999999997 	5.7994131480000002
7.9817999999999998 	5.8053414410000004
7.9874999999999998 	5.8112718269999997
7.9931999999999999 	5.8172043020000004
7.9988999999999999 	5.8231388629999996
8.0045999999999999 	5.8290755079999999
8.0103000000000009 	5.835014234
8.016 	5.8409550369999996
8.0216999999999992 	5.8468979149999996
8.0274000000000001 	5.8528428640000003
8.0330999999999992 	5.8587898819999999
8.0388000000000002 	5.8647389649999999
8.0444999999999993 	5.87069011
8.0502000000000002 	5.8766433149999999
8.0558999999999994 	5.8825985770000004
8.0616000000000003 	5.8885558920000003
8.0672999999999995 	5.8945152580000002
8.0730000000000004 	5.9004766709999998
8.0786999999999995 	5.9064401279999998
8.0844000000000005 	5.9124056270000001
8.0900999999999996 	5.9183731640000001
8.0958000000000006 	5.9243427369999999
8.1014999999999997 	5.930314342
8.1072000000000006 	5.9362879770000001
8.1128999999999998 	5.942263638
8.1186000000000007 	5.9482413230000004
8.1242999999999999 	5.9542210280000001
8.1300000000000008 	5.9602027499999997
8.1356999999999999 	5.9661864869999999
8.1414000000000009 	5.9721722359999996
8.1471 	5.9781599930000002
8.1527999999999992 	5.9841497549999998
8.1585000000000001 	5.9901415199999999
8.1641999999999992 	5.9961352840000002
8.1699000000000002 	6.0021310449999996
8.1755999999999993 	6.0081287989999996
8.1813000000000002 	6.0141285440000001
8.1869999999999994 	6.0201302759999997
8.1927000000000003 	6.0261339930000002
8.1983999999999995 	6.0321396910000002
8.2041000000000004 	6.0381473669999997
8.2097999999999995 	6.0441570200000001
8.2155000000000005 	6.0501686440000002
8.2211999999999996 	6.0561822379999999
8.2269000000000005 	6.0621977989999998
8.2325999999999997 	6.0682153230000004
8.2383000000000006 	6.0742348079999999
8.2439999999999998 	6.0802562499999997
8.2497000000000007 	6.0862796469999996
8.2553999999999998 	6.0923049950000001
8.2611000000000008 	6.0983322920000003
8.2667999999999999 	6.1043615339999997
8.2725000000000009 	6.110392719
8.2782 	6.1164258440000001
8.2838999999999992 	6.1224609049999996
8.2896000000000001 	6.1284979000000002
8.2952999999999992 	6.1345368249999996
8.3010000000000002 	6.1405776779999997
8.3066999999999993 	6.146620456
8.3124000000000002 	6.1526651560000003
8.3180999999999994 	6.1587117740000004
8.3238000000000003 	6.164760308
8.3294999999999995 	6.1708107539999997
8.3352000000000004 	6.1768631100000002
8.3408999999999995 	6.1829173730000004
8.3466000000000005 	6.1889735400000001
8.3522999999999996 	6.1950316069999998
8.3580000000000005 	6.2010915730000002
8.3636999999999997 	6.2071534330000002
8.3694000000000006 	6.2132171850000004
8.3750999999999998 	6.2192828259999997
8.3808000000000007 	6.2253503520000004
8.3864999999999998 	6.2314197619999998
8.3922000000000008 	6.2374910510000001
8.3978999999999999 	6.2435642170000003
8.4036000000000008 	6.2496392580000002
8.4093 	6.2557161690000003
8.4149999999999991 	6.2617949480000004
8.4207000000000001 	6.2678755930000003
8.4263999999999992 	6.2739580989999997
8.4321000000000002 	6.2800424640000001
8.4377999999999993 	6.2861286859999996
8.4435000000000002 	6.2922167599999996
8.4491999999999994 	6.298306685
8.4549000000000003 	6.3043984569999996
8.4605999999999995 	6.3104920729999998
8.4663000000000004 	6.3165875299999996
8.4719999999999995 	6.3226848259999997
8.4777000000000005 	6.3287839569999997
8.4833999999999996 	6.3348849200000004
8.4891000000000005 	6.3409877120000004
8.4947999999999997 	6.3470923309999998
8.5005000000000006 	6.3531987729999999
8.5061999999999998 	6.3593070359999997
8.5119000000000007 	6.3654171159999997
8.5175999999999998 	6.3715290109999998
8.5233000000000008 	6.3776427169999996
8.5289999999999999 	6.3837582319999999
8.5347000000000008 	6.3898755520000003
8.5404 	6.3959946749999999
8.5460999999999991 	6.4021155969999999
8.5518000000000001 	6.4082383170000004
8.5574999999999992 	6.41436283
8.5632000000000001 	6.4204891330000002
8.5688999999999993 	6.4266172250000002
8.5746000000000002 	6.4327471020000004
8.5802999999999994 	6.4388787599999997
8.5860000000000003 	6.4450121969999996
8.5916999999999994 	6.451147411
8.5974000000000004 	6.4572843969999996
8.6030999999999995 	6.4634231529999999
8.6088000000000005 	6.469563677
8.6144999999999996 	6.4757059640000003
8.6202000000000005 	6.4818500129999999
8.6258999999999997 	6.4879958200000001
8.6316000000000006 	6.4941433819999999
8.6372999999999998 	6.5002926969999999
8.6430000000000007 	6.5064437609999999
8.6486999999999998 	6.5125965709999996
8.6544000000000008 	6.5187511249999996
8.6600999999999999 	6.5249074199999999
8.6658000000000008 	6.531065452
8.6715 	6.5372252179999997
8.6771999999999991 	6.5433867159999997
8.6829000000000001 	6.5495499429999997
8.6885999999999992 	6.5557148959999996
8.6943000000000001 	6.5618815719999999
8.6999999999999993 	6.5680499670000003
8.7057000000000002 	6.5742200789999998
8.7113999999999994 	6.580391906
8.7171000000000003 	6.5865654429999996
8.7227999999999994 	6.5927406890000002
8.7285000000000004 	6.5989176389999997
8.7341999999999995 	6.6050962919999998
8.7399000000000004 	6.6112766440000001
8.7455999999999996 	6.6174586929999997
8.7513000000000005 	6.6236424349999998
8.7569999999999997 	6.6298278670000004
8.7627000000000006 	6.6360149870000003
8.7683999999999997 	6.642203791
8.7741000000000007 	6.6483942770000004
8.7797999999999998 	6.6545864420000003
8.7855000000000008 	6.6607802820000002
8.7911999999999999 	6.666975796
8.7969000000000008 	6.6731729790000003
8.8026 	6.6793718289999999
8.8082999999999991 	6.6855723439999997
8.8140000000000001 	6.691774519
8.8196999999999992 	6.6979783519999998
8.8254000000000001 	6.7041838409999999
8.8310999999999993 	6.7103909819999998
8.8368000000000002 	6.7165997730000004
8.8424999999999994 	6.7228102099999996
8.8482000000000003 	6.7290222899999996
8.8538999999999994 	6.7352360109999996
8.8596000000000004 	6.7414513700000001
8.8652999999999995 	6.7476683639999999
8.8710000000000004 	6.7538869889999997
8.8766999999999996 	6.7601072430000002
8.8824000000000005 	6.7663291230000002
8.8880999999999997 	6.7725526269999996
8.8938000000000006 	6.7787777499999997
8.8994999999999997 	6.7850044909999996
8.9052000000000007 	6.7912328459999998
8.9108999999999998 	6.797462812
8.9166000000000007 	6.8036943870000002
8.9222999999999999 	6.8099275669999999
8.9280000000000008 	6.8161623499999999
8.9337 	6.822398733
8.9393999999999991 	6.8286367129999999
8.9451000000000001 	6.8348762860000001
8.9507999999999992 	6.8411174499999996
8.9565000000000001 	6.847360203
8.9621999999999993 	6.8536045410000002
8.9679000000000002 	6.8598504609999997
8.9735999999999994 	6.8660979600000003
8.9793000000000003 	6.8723470359999999
8.9849999999999994 	6.8785976849999999
8.9907000000000004 	6.8848499050000003
8.9963999999999995 	6.8911036919999997
9.0021000000000004 	6.897359045
9.0077999999999996 	6.9036159589999997
9.0135000000000005 	6.9098744319999996
9.0191999999999997 	6.9161344619999996
9.0249000000000006 	6.9223960440000001
9.0305999999999997 	6.9286591770000001
9.0363000000000007 	6.9349238580000003
9.0419999999999998 	6.9411900820000003
9.0477000000000007 	6.9474578490000001
9.0533999999999999 	6.9537271540000001
9.0591000000000008 	6.9599979950000002
9.0648 	6.9662703690000001
9.0704999999999991 	6.9725442729999996
9.0762 	6.9788197040000002
9.0818999999999992 	6.9850966589999999
9.0876000000000001 	6.9913751360000003
9.0932999999999993 	6.9976551310000001
9.0990000000000002 	7.0039366420000002
9.1046999999999993 	7.0102196650000002
9.1104000000000003 	7.0165041979999998
9.1160999999999994 	7.0227902379999998
9.1218000000000004 	7.029077783
9.1274999999999995 	7.0353668279999999
9.1332000000000004 	7.0416573710000003
9.1388999999999996 	7.0479494100000002
9.1446000000000005 	7.0542429420000001
9.1502999999999997 	7.0605379629999998
9.1560000000000006 	7.0668344699999999
9.1616999999999997 	7.0731324620000002
9.1674000000000007 	7.0794319339999996
9.1730999999999998 	7.0857328849999996
9.1788000000000007 	7.0920353110000001
9.1844999999999999 	7.0983392089999997
9.1902000000000008 	7.1046445770000002
9.1959 	7.1109514110000003
9.2015999999999991 	7.1172597089999998
9.2073 	7.1235694680000003
9.2129999999999992 	7.1298806849999998
9.2187000000000001 	7.1361933569999998
9.2243999999999993 	7.142507481
9.2301000000000002 	7.1488230550000003
9.2357999999999993 	7.1551400750000003
9.2415000000000003 	7.1614585389999998
9.2471999999999994 	7.1677784430000004
9.2529000000000003 	7.1740997860000002
9.2585999999999995 	7.1804225629999996
9.2643000000000004 	7.1867467730000003
9.2699999999999996 	7.1930724120000002
9.2757000000000005 	7.1993994780000001
9.2813999999999997 	7.2057279669999996
9.2871000000000006 	7.2120578770000003
9.2927999999999997 	7.2183892040000002
9.2985000000000007 	7.2247219469999999
9.3041999999999998 	7.2310561020000002
9.3099000000000007 	7.2373916669999998
9.3155999999999999 	7.2437286380000003
9.3213000000000008 	7.2500670119999997
9.327 	7.2564067870000004
9.3327000000000009 	7.2627479609999996
9.3384 	7.2690905289999996
9.3440999999999992 	7.2754344900000003
9.3498000000000001 	7.2817798399999996
9.3554999999999993 	7.2881265759999998
9.3612000000000002 	7.294474696
9.3668999999999993 	7.3008241969999998
9.3726000000000003 	7.3071750770000001
9.3782999999999994 	7.3135273310000004
9.3840000000000003 	7.3198809569999996
9.3896999999999995 	7.3262359540000004
9.3954000000000004 	7.3325923160000004
9.4010999999999996 	7.3389500429999996
9.4068000000000005 	7.3453091309999996
9.4124999999999996 	7.3516695759999999
9.4182000000000006 	7.3580313769999997
9.4238999999999997 	7.3643945310000003
9.4296000000000006 	7.3707590339999998
9.4352999999999998 	7.3771248839999997
9.4410000000000007 	7.3834920779999997
9.4466999999999999 	7.3898606139999998
9.4524000000000008 	7.3962304870000004
9.4581 	7.4026016959999996
9.4638000000000009 	7.4089742379999999
9.4695 	7.41534811
9.4751999999999992 	7.4217233079999998
9.4809000000000001 	7.4280998309999999
9.4865999999999993 	7.4344776760000002
9.4923000000000002 	7.4408568390000003
9.4979999999999993 	7.4472373169999999
9.5037000000000003 	7.4536191089999999
9.5093999999999994 	7.4600022109999999
9.5151000000000003 	7.4663866199999998
9.5207999999999995 	7.472772333
9.5265000000000004 	7.4791593489999997
9.5321999999999996 	7.4855476630000002
9.5379000000000005 	7.4919372729999996
9.5435999999999996 	7.4983281760000002
9.5493000000000006 	7.5047203700000003
9.5549999999999997 	7.5111138520000003
9.5607000000000006 	7.5175086179999999
9.5663999999999998 	7.523904667
9.5721000000000007 	7.5303019940000002
9.5777999999999999 	7.5367005980000004
9.5835000000000008 	7.5431004760000002
9.5891999999999999 	7.5495016250000004
9.5949000000000009 	7.5559040409999998
9.6006 	7.562307723
9.6062999999999992 	7.5687126669999998
9.6120000000000001 	7.5751188709999999
9.6176999999999992 	7.5815263320000001
9.6234000000000002 	7.5879350470000002
9.6290999999999993 	7.5943450119999998
9.6348000000000003 	7.6007562269999998
9.6404999999999994 	7.6071686869999997
9.6462000000000003 	7.6135823900000004
9.6518999999999995 	7.6199973329999997
9.6576000000000004 	7.6264135130000001
9.6632999999999996 	7.6328309279999997
9.6690000000000005 	7.639249575
9.6746999999999996 	7.6456694509999998
9.6804000000000006 	7.6520905519999998
9.6860999999999997 	7.6585128779999998
9.6918000000000006 	7.6649364230000003
9.6974999999999998 	7.6713611869999996
9.7032000000000007 	7.6777871659999999
9.7088999999999999 	7.6842143570000001
9.7146000000000008 	7.690642757
9.7202999999999999 	7.6970723640000003
9.7260000000000009 	7.7035031749999998
9.7317 	7.7099351880000002
9.7373999999999992 	7.7163683980000002
9.7431000000000001 	7.7228028049999997
9.7487999999999992 	7.7292384040000002
9.7545000000000002 	7.7356751939999997
9.7601999999999993 	7.7421131699999997
9.7659000000000002 	7.748552332
9.7715999999999994 	7.7549926749999996
9.7773000000000003 	7.7614341969999998
9.7829999999999995 	7.7678768959999998
9.7887000000000004 	7.7743207679999999
9.7943999999999996 	7.7807658100000001
9.8001000000000005 	7.7872120210000002
9.8057999999999996 	7.7936593969999999
9.8115000000000006 	7.8001079359999999
9.8171999999999997 	7.8065576349999999
9.8229000000000006 	7.8130084899999996
9.8285999999999998 	7.8194604999999999
9.8343000000000007 	7.8259136610000004
9.8399999999999999 	7.832367971
9.8457000000000008 	7.8388234270000003
9.8513999999999999 	7.8452800260000002
9.8571000000000009 	7.8517377660000003
9.8628 	7.8581966440000004
9.8684999999999992 	7.8646566560000002
9.8742000000000001 	7.8711178009999996
9.8798999999999992 	7.8775800760000001
9.8856000000000002 	7.8840434769999996
9.8912999999999993 	7.8905080019999998
9.8970000000000002 	7.8969736490000004
9.9026999999999994 	7.9034404150000004
9.9084000000000003 	7.9099082960000002
9.9140999999999995 	7.9163772899999998
9.9198000000000004 	7.9228473949999998
9.9254999999999995 	7.929318608
9.9312000000000005 	7.9357909250000001
9.9368999999999996 	7.9422643449999999
9.9426000000000005 	7.9487388640000001
9.9482999999999997 	7.9552144800000004
9.9540000000000006 	7.9616911899999998
9.9596999999999998 	7.9681689919999998
9.9654000000000007 	7.9746478820000002
9.9710999999999999 	7.9811278579999998
9.9768000000000008 	7.9876089170000002
9.9824999999999999 	7.9940910570000003
9.9882000000000009 	8.0005742739999999
9.9939 	8.0070585669999996
9.9995999999999992 	8.0135439309999992
10.0053 	8.0200303660000003
10.010999999999999 	8.0265178670000008
10.0167 	8.0330064320000005
10.022399999999999 	8.0394960589999993
10.0281 	8.0459867450000004
10.033799999999999 	8.0524784870000001
10.0395 	8.0589712819999999
10.045199999999999 	8.0654651279999996
10.0509 	8.0719600220000007
10.0566 	8.0784559609999995
10.0623 	8.0849529429999993
10.068 	8.0914509649999999
10.073700000000001 	8.0979500229999992
10.0794 	8.1044501170000007
10.085100000000001 	8.1109512420000005
10.0908 	8.1174533960000002
10.096500000000001 	8.1239565769999995
10.1022 	8.130460781
10.107900000000001 	8.1369660059999998
10.1136 	8.1434722500000003
10.119300000000001 	8.1499795089999996
10.125 	8.1564877819999992
10.130699999999999 	8.1629970650000008
10.1364 	8.1695073550000004
10.142099999999999 	8.1760186499999996
10.1478 	8.1825309480000001
10.153499999999999 	8.1890442449999998
10.1592 	8.1955585390000003
10.164899999999999 	8.2020738269999995
10.1706 	8.2085901069999991
10.176299999999999 	8.2151073750000005
10.182 	8.2216256300000001
10.1877 	8.2281448689999994
10.1934 	8.2346650879999999
10.1991 	8.2411862859999996
10.204800000000001 	8.247708459
10.2105 	8.2542316049999993
10.216200000000001 	8.2607557210000007
10.2219 	8.2672808050000004
10.227600000000001 	8.273806854
10.2333 	8.2803338649999993
10.239000000000001 	8.2868618349999998
10.2447 	8.2933907629999997
10.250400000000001 	8.2999206440000002
10.2561 	8.3064514779999996
10.261799999999999 	8.3129832599999993
10.2675 	8.3195159889999992
10.273199999999999 	8.3260496610000008
10.2789 	8.3325842750000003
10.284599999999999 	8.3391198269999993
10.2903 	8.3456563139999993
10.295999999999999 	8.3521937350000002
10.3017 	8.3587320859999998
10.307399999999999 	8.3652713649999999
10.3131 	8.3718115690000001
10.3188 	8.3783526960000003
10.3245 	8.3848947430000003
10.3302 	8.3914377059999996
10.335900000000001 	8.3979815850000001
10.3416 	8.4045263759999997
10.347300000000001 	8.411072076
10.353 	8.4176186820000005
10.358700000000001 	8.4241661929999996
10.3644 	8.4307146050000004
10.370100000000001 	8.4372639169999992
10.3758 	8.4438141239999993
10.381500000000001 	8.4503652250000005
10.3872 	8.4569172170000009
10.392899999999999 	8.4634700980000002
10.3986 	8.4700238639999998
10.404299999999999 	8.4765785139999998
10.41 	8.4831340429999997
10.415699999999999 	8.4896904509999995
10.4214 	8.4962477350000007
10.427099999999999 	8.5028058909999995
10.4328 	8.5093649169999992
10.438499999999999 	8.5159248099999996
10.4442 	8.5224855690000005
10.4499 	8.5290471889999999
10.4556 	8.5356096699999995
10.4613 	8.5421730070000006
10.467000000000001 	8.5487371989999996
10.4727 	8.5553022429999999
10.478400000000001 	8.5618681359999993
10.4841 	8.5684348759999995
10.489800000000001 	8.5750024600000003
10.4955 	8.5815708849999996
10.501200000000001 	8.5881401499999992
10.5069 	8.5947102500000003
10.512600000000001 	8.6012811849999995
10.5183 	8.6078529499999998
10.523999999999999 	8.6144255439999995
10.5297 	8.620998964
10.535399999999999 	8.6275732079999994
10.5411 	8.6341482719999991
10.546799999999999 	8.6407241540000008
10.5525 	8.6473008520000008
10.558199999999999 	8.6538783630000005
10.5639 	8.6604566849999998
10.569599999999999 	8.6670358150000002
10.5753 	8.6736157499999997
10.581 	8.6801964869999999
10.5867 	8.6867780250000006
10.5924 	8.6933603609999999
10.598100000000001 	8.6999434919999992
10.6038 	8.706527415
10.609500000000001 	8.7131121280000006
10.6152 	8.7196976280000005
10.620900000000001 	8.7262839139999997
10.6266 	8.7328709809999996
10.632300000000001 	8.7394588280000001
10.638 	8.7460474529999992
10.643700000000001 	8.7526368520000002
10.6494 	8.7592270229999993
10.655099999999999 	8.765817964
10.6608 	8.7724096710000001
10.666499999999999 	8.7790021429999996
10.6722 	8.7855953769999999
10.677899999999999 	8.7921893699999991
10.6836 	8.7987841190000005
10.689299999999999 	8.8053796230000003
10.695 	8.8119758790000002
10.700699999999999 	8.8185728839999999
10.7064 	8.8251706349999992
10.7121 	8.8317691309999997
10.7178 	8.8383683679999994
10.7235 	8.8449683439999998
10.729200000000001 	8.8515690560000007
10.7349 	8.8581705020000001
10.740600000000001 	8.8647726799999997
10.7463 	8.8713755869999993
10.752000000000001 	8.8779792190000002
10.7577 	8.8845835760000007
10.763400000000001 	8.8911886540000005
10.7691 	8.8977944509999993
10.774800000000001 	8.9044009640000006
10.7805 	8.9110081910000005
10.786199999999999 	8.9176161290000007
10.7919 	8.9242247750000008
10.797599999999999 	8.9308341280000008
10.8033 	8.9374441850000004
10.808999999999999 	8.9440549419999993
10.8147 	8.9506663989999993
10.820399999999999 	8.9572785509999999
10.8261 	8.9638913969999994
10.831799999999999 	8.9705049339999992
10.8375 	8.9771191600000009
10.8432 	8.9837340720000007
10.8489 	8.9903496680000003
10.8546 	8.9969659449999995
10.860300000000001 	9.0035828999999996
10.866 	9.0102005310000006
10.871700000000001 	9.0168188360000006
10.8774 	9.0234378129999993
10.883100000000001 	9.0300574579999999
10.8888 	9.0366777690000006
10.894500000000001 	9.0432987429999994
10.9002 	9.0499203789999996
10.905900000000001 	9.0565426739999992
10.9116 	9.0631656249999999
10.917299999999999 	9.0697892289999995
10.923 	9.0764134849999998
10.928699999999999 	9.0830383900000005
10.9344 	9.0896639409999995
10.940099999999999 	9.0962901360000004
10.9458 	9.1029169719999992
10.951499999999999 	9.1095444469999993
10.9572 	9.1161725580000006
10.962899999999999 	9.1228013029999993
10.9686 	9.1294306800000005
10.974299999999999 	9.1360606860000004
10.98 	9.1426913180000007
10.9857 	9.1493225749999993
10.991400000000001 	9.1559544529999997
10.9971 	9.1625869499999997
11.002800000000001 	9.1692200639999992
11.0085 	9.1758537919999998
11.014200000000001 	9.1824881319999996
11.0199 	9.189123081
11.025600000000001 	9.1957586370000008
11.0313 	9.2023947980000003
11.037000000000001 	9.2090315599999997
11.0427 	9.2156689220000008
11.048400000000001 	9.2223068819999998
11.0541 	9.228945435
11.059799999999999 	9.2355845809999995
11.0655 	9.2422243169999998
11.071199999999999 	9.2488646400000007
11.0769 	9.2555055480000004
11.082599999999999 	9.2621470390000002
11.0883 	9.2687891090000001
11.093999999999999 	9.2754317569999998
11.0997 	9.2820749800000009
11.105399999999999 	9.2887187759999996
11.1111 	9.2953631419999994
11.1168 	9.3020080759999999
11.1225 	9.3086535749999992
11.1282 	9.3152996380000008
11.133900000000001 	9.3219462610000008
11.1396 	9.3285934420000007
11.145300000000001 	9.3352411790000005
11.151 	9.3418894689999998
11.156700000000001 	9.3485383100000004
11.1624 	9.3551877000000001
11.168100000000001 	9.3618376360000006
11.1738 	9.3684881149999999
11.179500000000001 	9.3751391359999996
11.1852 	9.3817906949999994
11.190899999999999 	9.3884427909999992
11.1966 	9.3950954210000006
11.202299999999999 	9.4017485829999998
11.208 	9.4084022740000002
11.213699999999999 	9.4150564919999997
11.2194 	9.421711234
11.225099999999999 	9.4283664980000008
11.2308 	9.4350222820000003
11.236499999999999 	9.4416785829999998
11.2422 	9.4483353989999994
11.2479 	9.4549927280000006
11.2536 	9.4616505669999995
11.2593 	9.4683089129999995
11.265000000000001 	9.4749677640000005
11.2707 	9.4816271190000005
11.276400000000001 	9.4882869739999993
11.2821 	9.4949473280000003
11.287800000000001 	9.5016081769999996
11.2935 	9.5082695190000006
11.299200000000001 	9.5149313529999997
11.3049 	9.5215936750000001
11.310600000000001 	9.5282564839999999
11.3163 	9.5349197760000006
11.321999999999999 	9.5415835500000004
11.3277 	9.5482478030000006
11.333399999999999 	9.5549125329999995
11.3391 	9.5615777380000004
11.344799999999999 	9.5682434139999994
11.3505 	9.5749095610000001
11.356199999999999 	9.5815761740000003
11.3619 	9.5882432529999999
11.367599999999999 	9.5949107940000005
11.3733 	9.6015787960000001
11.379 	9.6082472560000003
11.3847 	9.6149161710000008
11.3904 	9.6215855389999998
11.396100000000001 	9.6282553590000006
11.4018 	9.6349256269999994
11.407500000000001 	9.6415963409999996
11.4132 	9.6482674989999992
11.418900000000001 	9.6549390989999999
11.4246 	9.6616111369999995
11.430300000000001 	9.6682836129999998
11.436 	9.6749565230000005
11.441700000000001 	9.6816298649999997
11.4474 	9.6883036380000007
11.453099999999999 	9.6949778369999997
11.4588 	9.7016524620000002
11.464499999999999 	9.7083275100000002
11.4702 	9.7150029779999993
11.475899999999999 	9.7216788649999994
11.4816 	9.7283551670000001
11.487299999999999 	9.7350318829999996
11.493 	9.7417090099999992
11.498699999999999 	9.7483865460000008
11.5044 	9.7550644890000004
11.5101 	9.7617428359999998
11.5158 	9.7684215850000005
11.5215 	9.7751007340000005
11.527200000000001 	9.7817802799999996
11.5329 	9.7884602209999994
11.538600000000001 	9.7951405549999997
11.5443 	9.8018212790000003
11.550000000000001 	9.8085023919999994
11.5557 	9.8151838900000001
11.561400000000001 	9.8218657720000007
11.5671 	9.8285480350000007
11.572800000000001 	9.8352306770000002
11.5785 	9.8419136950000006
11.584199999999999 	9.848597088
11.5899 	9.855280853
11.595599999999999 	9.8619649880000004
11.6013 	9.8686494909999993
11.606999999999999 	9.8753343579999999
11.6127 	9.8820195890000004
11.618399999999999 	9.8887051800000005
11.6241 	9.8953911290000001
11.629799999999999 	9.9020774340000006
11.6355 	9.9087640940000004
11.6412 	9.9154511040000006
11.6469 	9.9221384639999997
11.6526 	9.9288261710000008
11.658300000000001 	9.9355142230000002
11.664 	9.9422026169999995
11.669700000000001 	9.9488913510000003
11.6754 	9.9555804230000007
11.681100000000001 	9.9622698310000004
11.6868 	9.9689595719999993
11.692500000000001 	9.9756496440000006
11.6982 	9.9823400450000008
11.703900000000001 	9.9890307729999996
11.7096 	9.9957218250000004
11.715299999999999 	10.002413199999999
11.721 	10.00910489
11.726699999999999 	10.0157969
11.7324 	10.02248923
11.738099999999999 	10.02918187
11.7438 	10.03587482
11.749499999999999 	10.042568080000001
11.7552 	10.04926165
11.760899999999999 	10.055955519999999
11.7666 	10.062649690000001
11.7723 	10.06934416
11.778 	10.076038929999999
11.7837 	10.082733989999999
11.789400000000001 	10.08942935
11.7951 	10.09612499
11.800800000000001 	10.10282093
11.8065 	10.10951715
11.812200000000001 	10.11621366
11.8179 	10.12291044
11.823600000000001 	10.12960751
11.8293 	10.136304859999999
11.835000000000001 	10.14300248
11.8407 	10.14970037
11.846399999999999 	10.156398530000001
11.8521 	10.163096960000001
11.857799999999999 	10.16979566
11.8635 	10.17649462
11.869199999999999 	10.18319385
11.8749 	10.18989333
11.880599999999999 	10.19659307
11.8863 	10.203293070000001
11.891999999999999 	10.20999331
11.8977 	10.216693810000001
11.9034 	10.223394559999999
11.9091 	10.230095560000001
11.9148 	10.2367968
11.920500000000001 	10.243498280000001
11.9262 	10.2502
11.931900000000001 	10.25690196
11.9376 	10.263604150000001
11.943300000000001 	10.27030658
11.949 	10.277009230000001
11.954700000000001 	10.283712120000001
11.9604 	10.29041524
11.966100000000001 	10.29711857
11.9718 	10.30382213
11.977499999999999 	10.31052592
11.9832 	10.31722991
11.988899999999999 	10.32393413
11.9946 	10.330638560000001
12.000299999999999 	10.337343199999999
12.006 	10.34404805
12.011699999999999 	10.3507531
12.0174 	10.357458360000001
12.023099999999999 	10.364163830000001
12.0288 	10.37086949
12.0345 	10.377575350000001
12.0402 	10.38428141
12.0459 	10.390987669999999
12.051600000000001 	10.39769411
12.0573 	10.404400750000001
12.063000000000001 	10.41110757
12.0687 	10.41781458
12.074400000000001 	10.42452177
12.0801 	10.43122915
12.085800000000001 	10.4379367
12.0915 	10.44464443
12.097200000000001 	10.451352330000001
12.1029 	10.45806041
12.108599999999999 	10.464768660000001
12.1143 	10.471477070000001
12.119999999999999 	10.478185659999999
12.1257 	10.4848944
12.131399999999999 	10.49160331
12.1371 	10.49831238
12.142799999999999 	10.50502161
12.1485 	10.51173099
12.154199999999999 	10.518440529999999
12.1599 	10.52515021
12.1656 	10.531860050000001
12.1713 	10.538570030000001
12.177 	10.545280160000001
12.182700000000001 	10.55199043
12.1884 	10.55870084
12.194100000000001 	10.5654114
12.1998 	10.57212208
12.205500000000001 	10.5788329
12.2112 	10.58554386
12.216900000000001 	10.59225494
12.2226 	10.59896616
12.228300000000001 	10.605677500000001
12.234 	10.612388960000001
12.239699999999999 	10.61910054
12.2454 	10.625812249999999
12.251099999999999 	10.632524070000001
12.2568 	10.639236009999999
12.262499999999999 	10.64594806
12.2682 	10.65266022
12.273899999999999 	10.6593725
12.2796 	10.666084870000001
12.285299999999999 	10.672797360000001
12.291 	10.67950995
12.2967 	10.68622264
12.3024 	10.69293542
12.3081 	10.699648310000001
12.313800000000001 	10.70636129
12.3195 	10.71307436
12.325200000000001 	10.719787520000001
12.3309 	10.726500769999999
12.336600000000001 	10.73321411
12.3423 	10.739927529999999
12.348000000000001 	10.74664104
12.3537 	10.75335462
12.359400000000001 	10.76006828
12.3651 	10.766782020000001
12.370799999999999 	10.773495840000001
12.3765 	10.78020972
12.382199999999999 	10.786923679999999
12.3879 	10.7936377
12.393599999999999 	10.800351790000001
12.3993 	10.807065939999999
12.404999999999999 	10.813780149999999
12.4107 	10.82049443
12.416399999999999 	10.82720876
12.4221 	10.83392315
12.4278 	10.84063759
12.4335 	10.84735208
12.4392 	10.854066619999999
12.444900000000001 	10.860781210000001
12.4506 	10.867495849999999
12.456300000000001 	10.874210529999999
12.462 	10.880925250000001
12.467700000000001 	10.88764001
12.4734 	10.894354809999999
12.479100000000001 	10.901069639999999
12.4848 	10.9077845
12.490500000000001 	10.9144994
12.4962 	10.92121433
12.501899999999999 	10.927929280000001
12.5076 	10.934644260000001
12.513299999999999 	10.94135926
12.519 	10.94807428
12.524699999999999 	10.95478932
12.5304 	10.961504379999999
12.536099999999999 	10.96821946
12.5418 	10.97493455
12.547499999999999 	10.981649640000001
12.5532 	10.988364750000001
12.5589 	10.99507987
12.5646 	11.00179499
12.5703 	11.00851011
12.576000000000001 	11.015225239999999
12.5817 	11.02194036
12.587400000000001 	11.028655479999999
12.5931 	11.0353706
12.598800000000001 	11.04208571
12.6045 	11.048800809999999
12.610200000000001 	11.0555159
12.6159 	11.06223097
12.621600000000001 	11.068946029999999
12.6273 	11.07566108
12.632999999999999 	11.08237611
12.6387 	11.08909111
12.644399999999999 	11.095806100000001
12.6501 	11.10252105
12.655799999999999 	11.10923599
12.6615 	11.115950890000001
12.667199999999999 	11.12266576
12.6729 	11.129380599999999
12.678599999999999 	11.136095409999999
12.6843 	11.14281018
12.69 	11.14952491
12.6957 	11.156239599999999
12.7014 	11.16295425
12.707100000000001 	11.169668850000001
12.7128 	11.17638341
12.718500000000001 	11.18309792
12.7242 	11.189812379999999
12.729900000000001 	11.19652679
12.7356 	11.203241139999999
12.741300000000001 	11.20995544
12.747 	11.216669680000001
12.752700000000001 	11.22338386
12.7584 	11.23009798
12.764099999999999 	11.236812029999999
12.7698 	11.243526019999999
12.775499999999999 	11.25023994
12.7812 	11.2569538
12.786899999999999 	11.26366758
12.7926 	11.270381280000001
12.798299999999999 	11.277094910000001
12.804 	11.28380847
12.809699999999999 	11.29052194
12.8154 	11.29723534
12.821099999999999 	11.303948650000001
12.8268 	11.310661870000001
12.8325 	11.317375009999999
12.838200000000001 	11.324088059999999
12.8439 	11.330801019999999
12.849600000000001 	11.33751389
12.8553 	11.34422666
12.861000000000001 	11.35093934
12.8667 	11.35765192
12.872400000000001 	11.36436439
12.8781 	11.37107677
12.883800000000001 	11.37778904
12.8895 	11.38450121
12.895200000000001 	11.391213260000001
12.9009 	11.39792521
12.906599999999999 	11.40463705
12.9123 	11.41134877
12.917999999999999 	11.41806038
12.9237 	11.424771870000001
12.929399999999999 	11.43148324
12.9351 	11.438194490000001
12.940799999999999 	11.44490562
12.9465 	11.451616619999999
12.952199999999999 	11.45832749
12.9579 	11.46503824
12.9636 	11.47174886
12.9693 	11.478459340000001
12.975 	11.485169689999999
12.980700000000001 	11.491879900000001
12.9864 	11.49858998
12.992100000000001 	11.505299920000001
12.9978 	11.512009709999999
13.003500000000001 	11.51871936
13.0092 	11.525428870000001
13.014900000000001 	11.53213822
13.0206 	11.538847430000001
13.026300000000001 	11.545556489999999
13.032 	11.552265390000001
13.037699999999999 	11.55897414
13.0434 	11.56568274
13.049099999999999 	11.57239117
13.0548 	11.579099449999999
13.060499999999999 	11.585807559999999
13.0662 	11.59251551
13.071899999999999 	11.599223289999999
13.0776 	11.60593091
13.083299999999999 	11.612638349999999
13.089 	11.61934563
13.0947 	11.62605273
13.1004 	11.632759650000001
13.1061 	11.6394664
13.111800000000001 	11.64617297
13.1175 	11.652879370000001
13.123200000000001 	11.659585570000001
13.1289 	11.666291599999999
13.134600000000001 	11.672997430000001
13.1403 	11.679703079999999
13.146000000000001 	11.68640854
13.1517 	11.69311381
13.157400000000001 	11.69981889
13.1631 	11.70652377
13.168799999999999 	11.713228450000001
13.1745 	11.71993294
13.180199999999999 	11.726637220000001
13.1859 	11.733341299999999
13.191599999999999 	11.740045179999999
13.1973 	11.746748849999999
13.202999999999999 	11.753452319999999
13.2087 	11.76015557
13.214399999999999 	11.76685861
13.2201 	11.77356144
13.2258 	11.78026406
13.2315 	11.78696646
13.2372 	11.79366864
13.242900000000001 	11.800370600000001
13.2486 	11.80707233
13.254300000000001 	11.81377385
13.26 	11.820475139999999
13.265700000000001 	11.8271762
13.2714 	11.83387703
13.277100000000001 	11.84057763
13.2828 	11.84727799
13.288500000000001 	11.85397813
13.2942 	11.86067802
13.299899999999999 	11.867377680000001
13.3056 	11.874077099999999
13.311299999999999 	11.88077627
13.317 	11.88747521
13.322699999999999 	11.894173889999999
13.3284 	11.900872339999999
13.334099999999999 	11.907570529999999
13.3398 	11.91426847
13.345499999999999 	11.920966160000001
13.3512 	11.92766359
13.3569 	11.93436077
13.3626 	11.941057689999999
13.3683 	11.94775435
13.374000000000001 	11.95445076
13.3797 	11.96114689
13.385400000000001 	11.967842770000001
13.3911 	11.974538369999999
13.396800000000001 	11.98123371
13.4025 	11.987928780000001
13.408200000000001 	11.994623580000001
13.4139 	12.00131811
13.419600000000001 	12.00801236
13.4253 	12.014706329999999
13.430999999999999 	12.02140002
13.4367 	12.028093439999999
13.442399999999999 	12.03478657
13.4481 	12.04147942
13.453799999999999 	12.048171979999999
13.4595 	12.05486426
13.465199999999999 	12.06155624
13.4709 	12.068247939999999
13.476599999999999 	12.07493934
13.4823 	12.08163045
13.488 	12.08832127
13.4937 	12.09501178
13.4994 	12.101702
13.505100000000001 	12.108391920000001
13.5108 	12.115081529999999
13.516500000000001 	12.12177084
13.5222 	12.12845984
13.527900000000001 	12.135148539999999
13.5336 	12.14183693
13.539300000000001 	12.148524999999999
13.545 	12.15521276
13.550700000000001 	12.161900210000001
13.5564 	12.16858734
13.562099999999999 	12.175274160000001
13.5678 	12.181960650000001
13.573499999999999 	12.18864683
13.5792 	12.195332670000001
13.584899999999999 	12.202018199999999
13.5906 	12.208703399999999
13.596299999999999 	12.21538827
13.602 	12.22207281
13.607699999999999 	12.22875702
13.6134 	12.2354409
13.6191 	12.24212444
13.6248 	12.248807640000001
13.6305 	12.25549051
13.636200000000001 	12.26217304
13.6419 	12.268855220000001
13.647600000000001 	12.27553706
13.6533 	12.28221856
13.659000000000001 	12.288899710000001
13.6647 	12.29558052
13.670400000000001 	12.302260970000001
13.6761 	12.308941069999999
13.681800000000001 	12.315620819999999
13.6875 	12.32230021
13.693199999999999 	12.32897925
13.6989 	12.33565793
13.704599999999999 	12.342336250000001
13.7103 	12.34901421
13.715999999999999 	12.355691800000001
13.7217 	12.36236903
13.727399999999999 	12.3690459
13.7331 	12.37572239
13.738799999999999 	12.382398520000001
13.7445 	12.389074280000001
13.7502 	12.39574966
13.7559 	12.40242467
13.7616 	12.409099299999999
13.767300000000001 	12.415773550000001
13.773 	12.422447419999999
13.778700000000001 	12.429120920000001
13.7844 	12.43579403
13.790100000000001 	12.442466749999999
13.7958 	12.449139089999999
13.801500000000001 	12.455811049999999
13.8072 	12.46248261
13.812900000000001 	12.469153779999999
13.8186 	12.47582456
13.824299999999999 	12.48249495
13.83 	12.48916494
13.835699999999999 	12.49583453
13.8414 	12.502503730000001
13.847099999999999 	12.50917252
13.8528 	12.51584091
13.858499999999999 	12.5225089
13.8642 	12.52917648
13.869899999999999 	12.535843659999999
13.8756 	12.542510419999999
13.8813 	12.54917678
13.887 	12.55584273
13.8927 	12.56250826
13.898400000000001 	12.56917337
13.9041 	12.57583808
13.909800000000001 	12.582502359999999
13.9155 	12.589166219999999
13.921200000000001 	12.59582966
13.9269 	12.602492679999999
13.932600000000001 	12.60915527
13.9383 	12.615817440000001
13.944000000000001 	12.622479179999999
13.9497 	12.629140489999999
13.955399999999999 	12.635801369999999
13.9611 	12.642461819999999
13.966799999999999 	12.649121839999999
13.9725 	12.65578142
13.978199999999999 	12.66244056
13.9839 	12.669099259999999
13.989599999999999 	12.675757519999999
13.9953 	12.68241534
14.000999999999999 	12.68907272
14.0067 	12.69572966
14.0124 	12.70238614
14.0181 	12.709042180000001
14.0238 	12.71569777
14.029500000000001 	12.72235291
14.0352 	12.72900759
14.040900000000001 	12.735661820000001
14.0466 	12.7423156
14.052300000000001 	12.748968919999999
14.058 	12.755621769999999
14.063700000000001 	12.76227417
14.0694 	12.768926110000001
14.075100000000001 	12.77557758
14.0808 	12.782228590000001
14.086499999999999 	12.78887913
14.0922 	12.79552921
14.097899999999999 	12.802178809999999
14.1036 	12.80882794
14.109299999999999 	12.8154766
14.115 	12.82212479
14.120699999999999 	12.828772499999999
14.1264 	12.83541973
14.132099999999999 	12.84206648
14.1378 	12.84871276
14.1435 	12.85535855
14.1492 	12.86200386
14.1549 	12.86864868
14.160600000000001 	12.875293020000001
14.1663 	12.881936870000001
14.172000000000001 	12.888580230000001
14.1777 	12.895223100000001
14.183400000000001 	12.901865470000001
14.1891 	12.908507350000001
14.194800000000001 	12.915148739999999
14.2005 	12.921789629999999
14.206200000000001 	12.92843002
14.2119 	12.935069909999999
14.217599999999999 	12.941709299999999
14.2233 	12.948348190000001
14.228999999999999 	12.954986570000001
14.2347 	12.96162445
14.240399999999999 	12.96826182
14.2461 	12.974898680000001
14.251799999999999 	12.98153503
14.2575 	12.98817086
14.263199999999999 	12.99480619
14.2689 	13.001441
14.2746 	13.008075290000001
14.2803 	13.014709059999999
14.286 	13.02134232
14.291700000000001 	13.02797505
14.2974 	13.03460727
14.303100000000001 	13.04123895
14.3088 	13.047870120000001
14.314500000000001 	13.054500750000001
14.3202 	13.06113086
14.325900000000001 	13.067760440000001
14.3316 	13.07438949
14.337300000000001 	13.081018
14.343 	13.08764599
14.348699999999999 	13.094273429999999
14.3544 	13.100900340000001
14.360099999999999 	13.10752671
14.3658 	13.114152539999999
14.371499999999999 	13.12077783
14.3772 	13.12740258
14.382899999999999 	13.134026779999999
14.3886 	13.140650430000001
14.394299999999999 	13.14727354
14.4 	13.153896100000001
14.4057 	13.16051811
14.4114 	13.16713957
14.4171 	13.17376048
14.422800000000001 	13.180380830000001
14.4285 	13.18700063
14.434200000000001 	13.19361986
14.4399 	13.200238540000001
14.445600000000001 	13.20685666
14.4513 	13.21347422
14.457000000000001 	13.22009122
14.4627 	13.22670765
14.468400000000001 	13.23332351
14.4741 	13.23993881
14.479799999999999 	13.246553540000001
14.4855 	13.253167700000001
14.491199999999999 	13.259781289999999
14.4969 	13.2663943
14.502599999999999 	13.27300674
14.5083 	13.27961861
14.513999999999999 	13.28622989
14.5197 	13.2928406
14.525399999999999 	13.29945073
14.5311 	13.306060280000001
14.536799999999999 	13.31266924
14.5425 	13.319277619999999
14.5482 	13.325885420000001
14.553900000000001 	13.332492630000001
14.5596 	13.33909925
14.565300000000001 	13.345705280000001
14.571 	13.352310709999999
14.576700000000001 	13.35891556
14.5824 	13.36551981
14.588100000000001 	13.37212347
14.5938 	13.37872653
14.599500000000001 	13.38532899
14.6052 	13.39193085
14.610900000000001 	13.39853211
14.6166 	13.40513277
14.622299999999999 	13.41173283
14.628 	13.41833228
14.633699999999999 	13.42493112
14.6394 	13.431529360000001
14.645099999999999 	13.43812698
14.6508 	13.444724000000001
14.656499999999999 	13.4513204
14.6622 	13.457916190000001
14.667899999999999 	13.46451137
14.6736 	13.47110593
14.6793 	13.47769987
14.685 	13.484293190000001
14.6907 	13.4908859
14.696400000000001 	13.497477979999999
14.7021 	13.50406944
14.707800000000001 	13.510660270000001
14.7135 	13.51725048
14.719200000000001 	13.523840059999999
14.7249 	13.53042902
14.730600000000001 	13.53701734
14.7363 	13.54360503
14.742000000000001 	13.550192089999999
14.7477 	13.55677852
14.753399999999999 	13.563364310000001
14.7591 	13.569949469999999
14.764799999999999 	13.57653399
14.7705 	13.58311786
14.776199999999999 	13.589701099999999
14.7819 	13.596283700000001
14.787599999999999 	13.60286565
14.7933 	13.60944696
14.798999999999999 	13.61602763
14.8047 	13.62260764
14.8104 	13.629187010000001
14.8161 	13.635765729999999
14.8218 	13.642343800000001
14.827500000000001 	13.648921209999999
14.8332 	13.655497970000001
14.838900000000001 	13.66207408
14.8446 	13.66864953
14.850300000000001 	13.67522432
14.856 	13.68179845
14.861700000000001 	13.688371930000001
14.8674 	13.69494474
14.873100000000001 	13.701516890000001
14.8788 	13.70808837
14.884499999999999 	13.714659190000001
14.8902 	13.721229340000001
14.895899999999999 	13.72779882
14.9016 	13.73436764
14.907299999999999 	13.740935779999999
14.913 	13.747503249999999
14.918699999999999 	13.754070049999999
14.9244 	13.76063617
14.930099999999999 	13.76720162
14.9358 	13.77376639
14.9415 	13.78033048
14.9472 	13.786893900000001
14.9529 	13.79345663
14.958600000000001 	13.800018680000001
14.9643 	13.80658004
14.970000000000001 	13.81314072
14.9757 	13.819700709999999
14.981400000000001 	13.826260019999999
14.9871 	13.832818639999999
14.992800000000001 	13.839376570000001
14.9985 	13.845933799999999
15.004200000000001 	13.85249035
15.0099 	13.859046190000001
15.015599999999999 	13.86560135
15.0213 	13.872155810000001
15.026999999999999 	13.87870957
15.0327 	13.88526263
15.038399999999999 	13.89181499
15.0441 	13.89836665
15.049799999999999 	13.90491761
15.0555 	13.91146786
15.061199999999999 	13.918017409999999
15.0669 	13.92456625
15.0726 	13.93111438
15.0783 	13.93766181
15.084 	13.94420852
15.089700000000001 	13.95075452
15.0954 	13.95729981
15.101100000000001 	13.96384439
15.1068 	13.970388249999999
15.112500000000001 	13.976931390000001
15.1182 	13.98347382
15.123900000000001 	13.99001552
15.1296 	13.99655651
15.135300000000001 	14.00309678
15.141 	14.00963632
15.146699999999999 	14.01617514
15.1524 	14.022713230000001
15.158099999999999 	14.029250599999999
15.1638 	14.035787239999999
15.169499999999999 	14.04232315
15.1752 	14.04885833
15.180899999999999 	14.05539278
15.1866 	14.0619265
15.192299999999999 	14.06845948
15.198 	14.074991730000001
15.2037 	14.081523239999999
15.2094 	14.08805401
15.2151 	14.09458405
15.220800000000001 	14.101113339999999
15.2265 	14.107641900000001
15.232200000000001 	14.114169710000001
15.2379 	14.120696779999999
15.243600000000001 	14.1272231
15.2493 	14.13374868
15.255000000000001 	14.14027351
15.2607 	14.146797599999999
15.266400000000001 	14.15332093
15.2721 	14.15984351
15.277799999999999 	14.16636534
15.2835 	14.172886419999999
15.289199999999999 	14.179406739999999
15.2949 	14.185926309999999
15.300599999999999 	14.19244512
15.3063 	14.19896318
15.311999999999999 	14.205480469999999
15.3177 	14.211997009999999
15.323399999999999 	14.218512779999999
15.3291 	14.22502779
15.3348 	14.23154203
15.3405 	14.23805552
15.3462 	14.24456823
15.351900000000001 	14.251080180000001
15.3576 	14.257591359999999
15.363300000000001 	14.26410177
15.369 	14.2706114
15.374700000000001 	14.277120269999999
15.3804 	14.28362836
15.386100000000001 	14.290135680000001
15.3918 	14.29664223
15.397500000000001 	14.303147989999999
15.4032 	14.309652979999999
15.408899999999999 	14.31615719
15.4146 	14.322660620000001
15.420299999999999 	14.32916327
15.426 	14.335665130000001
15.431699999999999 	14.342166219999999
15.4374 	14.348666509999999
15.443099999999999 	14.35516602
15.4488 	14.361664749999999
15.454499999999999 	14.368162679999999
15.4602 	14.374659830000001
15.4659 	14.38115619
15.4716 	14.38765175
15.4773 	14.39414652
15.483000000000001 	14.4006405
15.4887 	14.407133679999999
15.494400000000001 	14.41362606
15.5001 	14.42011765
15.505800000000001 	14.426608440000001
15.5115 	14.433098429999999
15.517200000000001 	14.439587619999999
15.5229 	14.446076010000001
15.528600000000001 	14.45256359
15.5343 	14.45905037
15.539999999999999 	14.46553634
15.5457 	14.472021509999999
15.551399999999999 	14.478505869999999
15.5571 	14.48498942
15.562799999999999 	14.491472160000001
15.5685 	14.49795409
15.574199999999999 	14.50443521
15.5799 	14.510915519999999
15.585599999999999 	14.51739501
15.5913 	14.523873679999999
15.597 	14.53035154
15.6027 	14.53682858
15.6084 	14.5433048
15.614100000000001 	14.54978021
15.6198 	14.556254790000001
15.625500000000001 	14.562728549999999
15.6312 	14.56920148
15.636900000000001 	14.575673589999999
15.6426 	14.58214488
15.648300000000001 	14.58861534
15.654 	14.59508497
15.659700000000001 	14.601553770000001
15.6654 	14.608021750000001
15.671099999999999 	14.614488890000001
15.6768 	14.620955199999999
15.682499999999999 	14.62742068
15.6882 	14.633885319999999
15.693899999999999 	14.640349130000001
15.6996 	14.6468121
15.705299999999999 	14.653274229999999
15.711 	14.659735530000001
15.716699999999999 	14.66619599
15.7224 	14.672655600000001
15.7281 	14.679114370000001
15.7338 	14.68557231
15.7395 	14.69202939
15.745200000000001 	14.69848563
15.7509 	14.704941030000001
15.756600000000001 	14.71139558
15.7623 	14.717849279999999
15.768000000000001 	14.72430213
15.7737 	14.730754129999999
15.779400000000001 	14.73720528
15.7851 	14.74365558
15.790800000000001 	14.750105019999999
15.7965 	14.756553609999999
15.802199999999999 	14.763001340000001
15.8079 	14.769448219999999
15.813599999999999 	14.77589424
15.8193 	14.7823394
15.824999999999999 	14.7887837
15.8307 	14.79522714
15.836399999999999 	14.80166972
15.8421 	14.80811143
15.847799999999999 	14.814552279999999
15.8535 	14.82099227
15.8592 	14.82743138
15.8649 	14.83386964
15.8706 	14.840307019999999
15.876300000000001 	14.846743529999999
15.882 	14.85317918
15.887700000000001 	14.85961395
15.8934 	14.866047849999999
15.899100000000001 	14.872480879999999
15.9048 	14.87891303
15.910500000000001 	14.885344310000001
15.9162 	14.89177471
15.921900000000001 	14.898204229999999
15.9276 	14.90463287
15.933299999999999 	14.911060640000001
15.939 	14.91748752
15.944699999999999 	14.923913519999999
15.9504 	14.93033864
15.956099999999999 	14.93676288
15.9618 	14.94318623
15.967499999999999 	14.949608700000001
15.9732 	14.95603028
15.978899999999999 	14.962450970000001
15.9846 	14.968870770000001
15.9903 	14.975289679999999
15.996 	14.981707699999999
16.0017 	14.98812483
16.007400000000001 	14.99454107
16.013100000000001 	15.00095642
16.018799999999999 	15.00737086
16.0245 	15.01378442
16.030200000000001 	15.02019707
16.035900000000002 	15.026608830000001
16.041599999999999 	15.03301969
16.0473 	15.039429650000001
16.053000000000001 	15.04583871
16.058700000000002 	15.052246869999999
16.064399999999999 	15.05865412
16.0701 	15.065060470000001
16.075800000000001 	15.07146592
16.081499999999998 	15.07787046
16.087199999999999 	15.084274089999999
16.0929 	15.090676820000001
16.098600000000001 	15.09707863
16.104299999999999 	15.10347954
16.109999999999999 	15.10987954
16.1157 	15.116278619999999
16.121400000000001 	15.12267679
16.127099999999999 	15.12907405
16.1328 	15.135470400000001
16.138500000000001 	15.14186583
16.144200000000001 	15.14826034
16.149899999999999 	15.15465393
16.1556 	15.16104661
16.161300000000001 	15.167438369999999
16.167000000000002 	15.1738292
16.172699999999999 	15.18021912
16.1784 	15.18660811
16.184100000000001 	15.19299618
16.189800000000002 	15.199383320000001
16.195499999999999 	15.20576954
16.2012 	15.21215484
16.206900000000001 	15.2185392
16.212599999999998 	15.224922640000001
16.218299999999999 	15.231305150000001
16.224 	15.23768673
16.229700000000001 	15.244067380000001
16.235399999999998 	15.250447100000001
16.241099999999999 	15.256825879999999
16.2468 	15.263203730000001
16.252500000000001 	15.26958065
16.258199999999999 	15.27595663
16.2639 	15.28233167
16.269600000000001 	15.288705780000001
16.275300000000001 	15.29507894
16.280999999999999 	15.30145117
16.2867 	15.307822460000001
16.292400000000001 	15.31419281
16.298100000000002 	15.32056221
16.303799999999999 	15.326930669999999
16.3095 	15.333298190000001
16.315200000000001 	15.33966476
16.320900000000002 	15.34603038
16.326599999999999 	15.352395059999999
16.3323 	15.35875879
16.338000000000001 	15.36512158
16.343699999999998 	15.37148341
16.349399999999999 	15.377844290000001
16.3551 	15.384204220000001
16.360800000000001 	15.390563200000001
16.366499999999998 	15.39692123
16.372199999999999 	15.4032783
16.3779 	15.409634410000001
16.383600000000001 	15.415989570000001
16.389299999999999 	15.422343769999999
16.395 	15.42869702
16.400700000000001 	15.435049299999999
16.406400000000001 	15.44140063
16.412099999999999 	15.447751
16.4178 	15.4541004
16.423500000000001 	15.46044884
16.429200000000002 	15.46679632
16.434899999999999 	15.47314283
16.4406 	15.479488379999999
16.446300000000001 	15.485832970000001
16.452000000000002 	15.492176580000001
16.457699999999999 	15.498519229999999
16.4634 	15.50486091
16.469100000000001 	15.51120162
16.474799999999998 	15.517541359999999
16.480499999999999 	15.52388013
16.4862 	15.53021792
16.491900000000001 	15.536554750000001
16.497599999999998 	15.5428906
16.503299999999999 	15.54922547
16.509 	15.555559369999999
16.514700000000001 	15.561892289999999
16.520399999999999 	15.56822423
16.5261 	15.574555200000001
16.5318 	15.580885179999999
16.537500000000001 	15.587214189999999
16.543199999999999 	15.593542210000001
16.5489 	15.59986926
16.554600000000001 	15.606195319999999
16.560300000000002 	15.61252039
16.565999999999999 	15.61884448
16.5717 	15.62516759
16.577400000000001 	15.63148971
16.583100000000002 	15.63781084
16.588799999999999 	15.644130990000001
16.5945 	15.65045014
16.600200000000001 	15.65676831
16.605899999999998 	15.66308549
16.611599999999999 	15.669401669999999
16.6173 	15.67571686
16.623000000000001 	15.68203106
16.628699999999998 	15.68834427
16.634399999999999 	15.694656480000001
16.6401 	15.700967690000001
16.645800000000001 	15.70727791
16.651499999999999 	15.713587130000001
16.6572 	15.71989535
16.6629 	15.72620257
16.668600000000001 	15.7325088
16.674299999999999 	15.73881402
16.68 	15.74511824
16.685700000000001 	15.75142146
16.691400000000002 	15.757723670000001
16.697099999999999 	15.764024879999999
16.7028 	15.77032509
16.708500000000001 	15.776624290000001
16.714200000000002 	15.78292248
16.719899999999999 	15.789219660000001
16.7256 	15.79551584
16.731300000000001 	15.80181101
16.736999999999998 	15.808105169999999
16.742699999999999 	15.81439831
16.7484 	15.820690450000001
16.754100000000001 	15.826981569999999
16.759799999999998 	15.833271679999999
16.765499999999999 	15.839560779999999
16.7712 	15.84584886
16.776900000000001 	15.85213592
16.782599999999999 	15.85842197
16.7883 	15.864706999999999
16.794 	15.870991009999999
16.799700000000001 	15.877274010000001
16.805399999999999 	15.883555980000001
16.8111 	15.88983693
16.816800000000001 	15.89611687
16.822500000000002 	15.902395780000001
16.828199999999999 	15.90867366
16.8339 	15.91495052
16.839600000000001 	15.92122636
16.845300000000002 	15.927501169999999
16.850999999999999 	15.933774959999999
16.8567 	15.940047720000001
16.862400000000001 	15.946319450000001
16.868099999999998 	15.952590150000001
16.873799999999999 	15.95885983
16.8795 	15.96512847
16.885200000000001 	15.97139608
16.890899999999998 	15.97766266
16.896599999999999 	15.98392821
16.9023 	15.99019272
16.908000000000001 	15.996456200000001
16.913699999999999 	16.002718640000001
16.9194 	16.008980050000002
16.9251 	16.015240420000001
16.930800000000001 	16.021499760000001
16.936499999999999 	16.027758049999999
16.9422 	16.034015310000001
16.947900000000001 	16.040271529999998
16.953600000000002 	16.046526709999998
16.959299999999999 	16.05278084
16.965 	16.059033939999999
16.970700000000001 	16.06528599
16.976400000000002 	16.071536989999998
16.982099999999999 	16.077786960000001
16.9878 	16.084035879999998
16.993500000000001 	16.090283750000001
16.999199999999998 	16.096530569999999
17.004899999999999 	16.102776349999999
17.0106 	16.109021080000002
17.016300000000001 	16.115264759999999
17.021999999999998 	16.121507390000001
17.027699999999999 	16.127748969999999
17.0334 	16.133989499999998
17.039100000000001 	16.14022898
17.044799999999999 	16.146467399999999
17.0505 	16.15270477
17.0562 	16.158941089999999
17.061900000000001 	16.165176349999999
17.067599999999999 	16.171410550000001
17.0733 	16.177643700000001
17.079000000000001 	16.183875789999998
17.084700000000002 	16.190106830000001
17.090399999999999 	16.196336800000001
17.0961 	16.202565719999999
17.101800000000001 	16.208793570000001
17.107500000000002 	16.215020370000001
17.113199999999999 	16.221246099999998
17.1189 	16.22747077
17.124600000000001 	16.233694369999998
17.130299999999998 	16.239916919999999
17.135999999999999 	16.246138389999999
17.1417 	16.2523588
17.147400000000001 	16.258578150000002
17.153099999999998 	16.264796430000001
17.158799999999999 	16.27101364
17.1645 	16.277229779999999
17.170200000000001 	16.283444859999999
17.175899999999999 	16.289658859999999
17.1816 	16.29587179
17.1873 	16.30208365
17.193000000000001 	16.308294440000001
17.198699999999999 	16.314504159999998
17.2044 	16.320712799999999
17.210100000000001 	16.32692037
17.215800000000002 	16.333126870000001
17.221499999999999 	16.339332280000001
17.2272 	16.345536630000002
17.232900000000001 	16.351739890000001
17.238600000000002 	16.357942080000001
17.244299999999999 	16.36414319
17.25 	16.370343219999999
17.255700000000001 	16.37654217
17.261399999999998 	16.382740030000001
17.267099999999999 	16.388936820000001
17.2728 	16.395132530000001
17.278500000000001 	16.40132715
17.284199999999998 	16.407520689999998
17.289899999999999 	16.413713139999999
17.2956 	16.419904509999999
17.301300000000001 	16.426094800000001
17.306999999999999 	16.432283989999998
17.3127 	16.438472109999999
17.3184 	16.444659130000002
17.324100000000001 	16.450845059999999
17.329799999999999 	16.457029909999999
17.3355 	16.463213660000001
17.341200000000001 	16.469396329999999
17.346900000000002 	16.475577900000001
17.352599999999999 	16.48175839
17.3583 	16.487937779999999
17.364000000000001 	16.49411607
17.369700000000002 	16.500293280000001
17.375399999999999 	16.506469379999999
17.3811 	16.512644399999999
17.386800000000001 	16.51881831
17.392499999999998 	16.52499113
17.398199999999999 	16.531162859999998
17.4039 	16.537333480000001
17.409600000000001 	16.543503009999998
17.415299999999998 	16.54967143
17.420999999999999 	16.55583876
17.4267 	16.562004980000001
17.432400000000001 	16.568170110000001
17.438099999999999 	16.57433413
17.4438 	16.580497050000002
17.4495 	16.586658870000001
17.455200000000001 	16.59281958
17.460899999999999 	16.598979190000001
17.4666 	16.605137689999999
17.472300000000001 	16.611295080000001
17.478000000000002 	16.617451370000001
17.483699999999999 	16.623606550000002
17.4894 	16.62976063
17.495100000000001 	16.635913590000001
17.500800000000002 	16.64206545
17.506499999999999 	16.648216189999999
17.5122 	16.65436583
17.517900000000001 	16.66051435
17.523599999999998 	16.66666176
17.529299999999999 	16.672808060000001
17.535 	16.678953249999999
17.540700000000001 	16.685097320000001
17.546399999999998 	16.691240270000002
17.552099999999999 	16.697382109999999
17.5578 	16.703522840000002
17.563500000000001 	16.70966245
17.569199999999999 	16.715800940000001
17.5749 	16.721938309999999
17.5806 	16.72807457
17.586300000000001 	16.734209709999998
17.591999999999999 	16.740343719999998
17.5977 	16.746476619999999
17.603400000000001 	16.752608389999999
17.609100000000002 	16.758739049999999
17.614799999999999 	16.764868580000002
17.6205 	16.77099698
17.626200000000001 	16.777124270000002
17.631900000000002 	16.783250429999999
17.637599999999999 	16.789375459999999
17.6433 	16.795499370000002
17.649000000000001 	16.801622160000001
17.654699999999998 	16.807743810000002
17.660399999999999 	16.813864339999999
17.6661 	16.819983749999999
17.671800000000001 	16.82610202
17.677499999999998 	16.832219160000001
17.683199999999999 	16.838335180000001
17.6889 	16.84445006
17.694600000000001 	16.850563810000001
17.700299999999999 	16.85667643
17.706 	16.862787919999999
17.7117 	16.86889828
17.717400000000001 	16.875007499999999
17.723099999999999 	16.881115579999999
17.7288 	16.88722254
17.734500000000001 	16.893328350000001
17.740200000000002 	16.899433040000002
17.745899999999999 	16.90553658
17.7516 	16.91163899
17.757300000000001 	16.917740259999999
17.763000000000002 	16.923840389999999
17.768699999999999 	16.92993938
17.7744 	16.93603723
17.780100000000001 	16.942133949999999
17.785799999999998 	16.948229520000002
17.791499999999999 	16.954323949999999
17.7972 	16.960417240000002
17.802900000000001 	16.966509380000002
17.808599999999998 	16.972600379999999
17.814299999999999 	16.978690239999999
17.82 	16.98477896
17.825700000000001 	16.990866530000002
17.831399999999999 	16.996952950000001
17.8371 	17.003038230000001
17.8428 	17.009122359999999
17.848500000000001 	17.015205340000001
17.854199999999999 	17.021287170000001
17.8599 	17.027367859999998
17.865600000000001 	17.0334474
17.871300000000002 	17.039525789999999
17.876999999999999 	17.045603020000001
17.8827 	17.051679109999998
17.888400000000001 	17.057754039999999
17.894100000000002 	17.063827830000001
17.899799999999999 	17.069900459999999
17.9055 	17.075971939999999
17.911200000000001 	17.082042260000001
17.916899999999998 	17.088111430000001
17.922599999999999 	17.094179440000001
17.9283 	17.100246299999998
17.934000000000001 	17.106311999999999
17.939699999999998 	17.11237655
17.945399999999999 	17.118439939999998
17.9511 	17.12450217
17.956800000000001 	17.130563240000001
17.962499999999999 	17.136623159999999
17.9682 	17.14268191
17.9739 	17.148739509999999
17.979600000000001 	17.15479594
17.985299999999999 	17.160851210000001
17.991 	17.166905329999999
17.996700000000001 	17.17295828
18.002400000000002 	17.17901006
18.008099999999999 	17.185060679999999
18.0138 	17.191110139999999
18.019500000000001 	17.197158439999999
18.025200000000002 	17.203205570000002
18.030899999999999 	17.20925153
18.0366 	17.215296330000001
18.042300000000001 	17.221339960000002
18.047999999999998 	17.227382420000001
18.053699999999999 	17.233423720000001
18.0594 	17.23946385
18.065100000000001 	17.245502810000001
18.070799999999998 	17.251540599999998
18.076499999999999 	17.257577220000002
18.0822 	17.263612670000001
18.087900000000001 	17.269646940000001
18.093599999999999 	17.275680049999998
18.099299999999999 	17.281711990000002
18.105 	17.28774275
18.110700000000001 	17.29377234
18.116399999999999 	17.299800749999999
18.1221 	17.305827990000001
18.127800000000001 	17.311854060000002
18.133500000000002 	17.317878950000001
18.139199999999999 	17.323902660000002
18.1449 	17.329925200000002
18.150600000000001 	17.33594656
18.156300000000002 	17.341966750000001
18.161999999999999 	17.347985749999999
18.1677 	17.354003580000001
18.173400000000001 	17.36002023
18.179099999999998 	17.366035700000001
18.184799999999999 	17.372049990000001
18.1905 	17.378063099999999
18.196200000000001 	17.384075030000002
18.201899999999998 	17.390085769999999
18.207599999999999 	17.396095339999999
18.2133 	17.402103719999999
18.219000000000001 	17.408110919999999
18.224699999999999 	17.414116929999999
18.230399999999999 	17.420121760000001
18.2361 	17.426125410000001
18.241800000000001 	17.432127869999999
18.247499999999999 	17.438129140000001
18.2532 	17.444129230000001
18.258900000000001 	17.45012813
18.264600000000002 	17.456125849999999
18.270299999999999 	17.462122369999999
18.276 	17.468117710000001
18.281700000000001 	17.474111860000001
18.287400000000002 	17.480104820000001
18.293099999999999 	17.486096589999999
18.2988 	17.492087170000001
18.304500000000001 	17.498076560000001
18.310199999999998 	17.504064759999999
18.315899999999999 	17.51005177
18.3216 	17.516037579999999
18.327300000000001 	17.522022199999999
18.332999999999998 	17.528005629999999
18.338699999999999 	17.533987870000001
18.3444 	17.539968909999999
18.350100000000001 	17.545948760000002
18.355799999999999 	17.551927410000001
18.361499999999999 	17.557904860000001
18.3672 	17.563881120000001
18.372900000000001 	17.569856179999999
18.378599999999999 	17.57583005
18.3843 	17.581802719999999
18.390000000000001 	17.58777418
18.395700000000001 	17.59374446
18.401399999999999 	17.599713529999999
18.4071 	17.605681400000002
18.412800000000001 	17.611648070000001
18.418500000000002 	17.617613540000001
18.424199999999999 	17.62357781
18.4299 	17.62954088
18.435600000000001 	17.635502750000001
18.441299999999998 	17.641463420000001
18.446999999999999 	17.647422880000001
18.4527 	17.65338114
18.458400000000001 	17.65933819
18.464099999999998 	17.665294039999999
18.469799999999999 	17.671248689999999
18.4755 	17.677202130000001
18.481200000000001 	17.68315436
18.486899999999999 	17.689105390000002
18.492599999999999 	17.69505521
18.4983 	17.701003830000001
18.504000000000001 	17.706951239999999
18.509699999999999 	17.712897439999999
18.5154 	17.718842429999999
18.521100000000001 	17.724786210000001
18.526800000000001 	17.73072878
18.532499999999999 	17.736670140000001
18.5382 	17.742610299999999
18.543900000000001 	17.748549239999999
18.549600000000002 	17.754486969999999
18.555299999999999 	17.760423490000001
18.561 	17.766358790000002
18.566700000000001 	17.772292889999999
18.572399999999998 	17.778225769999999
18.578099999999999 	17.784157440000001
18.5838 	17.790087889999999
18.589500000000001 	17.796017129999999
18.595199999999998 	17.801945159999999
18.600899999999999 	17.80787196
18.6066 	17.813797560000001
18.612300000000001 	17.819721940000001
18.617999999999999 	17.825645099999999
18.623699999999999 	17.831567039999999
18.6294 	17.837487769999999
18.635100000000001 	17.843407280000001
18.640799999999999 	17.849325570000001
18.6465 	17.85524264
18.652200000000001 	17.861158490000001
18.657900000000001 	17.867073120000001
18.663599999999999 	17.872986529999999
18.6693 	17.87889873
18.675000000000001 	17.884809700000002
18.680700000000002 	17.890719449999999
18.686399999999999 	17.896627970000001
18.6921 	17.902535279999999
18.697800000000001 	17.908441360000001
18.703499999999998 	17.914346219999999
18.709199999999999 	17.920249859999998
18.7149 	17.926152269999999
18.720600000000001 	17.932053459999999
18.726299999999998 	17.937953419999999
18.731999999999999 	17.943852159999999
18.7377 	17.949749669999999
18.743400000000001 	17.955645959999998
18.749099999999999 	17.961541019999999
18.754799999999999 	17.96743485
18.7605 	17.97332746
18.766200000000001 	17.979218830000001
18.771899999999999 	17.98510898
18.7776 	17.990997910000001
18.783300000000001 	17.996885599999999
18.789000000000001 	18.002772060000002
18.794699999999999 	18.008657289999999
18.8004 	18.014541300000001
18.806100000000001 	18.020424070000001
18.811800000000002 	18.026305610000001
18.817499999999999 	18.03218592
18.8232 	18.038065
18.828900000000001 	18.04394284
18.834599999999998 	18.049819459999998
18.840299999999999 	18.055694840000001
18.846 	18.061568980000001
18.851700000000001 	18.067441899999999
18.857399999999998 	18.07331357
18.863099999999999 	18.07918402
18.8688 	18.08505323
18.874500000000001 	18.0909212
18.880199999999999 	18.096787939999999
18.885899999999999 	18.102653440000001
18.8916 	18.1085177
18.897300000000001 	18.114380730000001
18.902999999999999 	18.120242520000001
18.9087 	18.126103069999999
18.914400000000001 	18.131962390000002
18.920100000000001 	18.13782046
18.925799999999999 	18.1436773
18.9315 	18.149532900000001
18.937200000000001 	18.155387260000001
18.942900000000002 	18.161240370000002
18.948599999999999 	18.16709225
18.9543 	18.172942890000002
18.960000000000001 	18.17879228
18.965699999999998 	18.184640430000002
18.971399999999999 	18.190487350000001
18.9771 	18.19633301
18.982800000000001 	18.20217744
18.988499999999998 	18.208020619999999
18.994199999999999 	18.213862559999999
18.9999 	18.219703259999999
19.005600000000001 	18.225542709999999
19.011299999999999 	18.231380909999999
19.016999999999999 	18.237217879999999
19.0227 	18.243053589999999
19.028400000000001 	18.248888059999999
19.034099999999999 	18.254721289999999
19.0398 	18.260553259999998
19.045500000000001 	18.266383990000001
19.051200000000001 	18.272213480000001
19.056899999999999 	18.27804171
19.0626 	18.283868699999999
19.068300000000001 	18.289694440000002
19.074000000000002 	18.29551893
19.079699999999999 	18.301342170000002
19.0854 	18.307164159999999
19.091100000000001 	18.3129849
19.096800000000002 	18.31880439
19.102499999999999 	18.324622640000001
19.1082 	18.330439630000001
19.113900000000001 	18.33625537
19.119599999999998 	18.342069850000001
19.125299999999999 	18.34788309
19.131 	18.353695070000001
19.136700000000001 	18.359505800000001
19.142399999999999 	18.365315280000001
19.148099999999999 	18.371123499999999
19.1538 	18.376930470000001
19.159500000000001 	18.382736189999999
19.165199999999999 	18.388540649999999
19.1709 	18.394343859999999
19.176600000000001 	18.400145810000001
19.182300000000001 	18.40594651
19.187999999999999 	18.41174595
19.1937 	18.41754413
19.199400000000001 	18.423341059999998
19.205100000000002 	18.42913673
19.210799999999999 	18.434931150000001
19.2165 	18.440724299999999
19.222200000000001 	18.446516200000001
19.227900000000002 	18.452306839999999
19.233599999999999 	18.458096220000002
19.2393 	18.46388434
19.245000000000001 	18.469671210000001
19.250699999999998 	18.475456810000001
19.256399999999999 	18.48124116
19.2621 	18.48702424
19.267800000000001 	18.492806059999999
19.273499999999999 	18.498586629999998
19.279199999999999 	18.504365929999999
19.2849 	18.510143970000001
19.290600000000001 	18.515920749999999
19.296299999999999 	18.521696259999999
19.302 	18.527470520000001
19.307700000000001 	18.533243509999998
19.313400000000001 	18.53901523
19.319099999999999 	18.544785699999998
19.3248 	18.550554900000002
19.330500000000001 	18.556322829999999
19.336200000000002 	18.562089499999999
19.341899999999999 	18.567854910000001
19.3476 	18.573619050000001
19.353300000000001 	18.57938193
19.359000000000002 	18.585143540000001
19.364699999999999 	18.590903879999999
19.3704 	18.59666296
19.376100000000001 	18.602420769999998
19.381799999999998 	18.608177309999999
19.387499999999999 	18.613932590000001
19.3932 	18.619686600000001
19.398900000000001 	18.62543934
19.404599999999999 	18.63119081
19.410299999999999 	18.636941019999998
19.416 	18.642689950000001
19.421700000000001 	18.648437619999999
19.427399999999999 	18.654184019999999
19.4331 	18.659929139999999
19.438800000000001 	18.665673000000002
19.444500000000001 	18.671415589999999
19.450199999999999 	18.6771569
19.4559 	18.68289695
19.461600000000001 	18.688635720000001
19.467300000000002 	18.694373219999999
19.472999999999999 	18.700109449999999
19.4787 	18.705844410000001
19.484400000000001 	18.71157809
19.490100000000002 	18.717310510000001
19.495799999999999 	18.723041649999999
19.5015 	18.728771510000001
19.507200000000001 	18.734500100000002
19.512899999999998 	18.74022742
19.518599999999999 	18.745953459999999
19.5243 	18.75167823
19.530000000000001 	18.757401730000002
19.535699999999999 	18.763123950000001
19.541399999999999 	18.76884489
19.5471 	18.774564560000002
19.552800000000001 	18.78028295
19.558499999999999 	18.78600007
19.5642 	18.791715910000001
19.569900000000001 	18.797430469999998
19.575600000000001 	18.80314375
19.581299999999999 	18.80885576
19.587 	18.814566490000001
19.592700000000001 	18.820275939999998
19.598400000000002 	18.82598411
19.604099999999999 	18.83169101
19.6098 	18.837396630000001
19.615500000000001 	18.843100960000001
19.621200000000002 	18.848804019999999
19.626899999999999 	18.854505799999998
19.6326 	18.860206300000002
19.638300000000001 	18.865905510000001
19.643999999999998 	18.871603449999999
19.649699999999999 	18.87730011
19.6554 	18.882995480000002
19.661100000000001 	18.88868957
19.666799999999999 	18.894382390000001
19.672499999999999 	18.900073920000001
19.6782 	18.90576416
19.683900000000001 	18.911453130000002
19.689599999999999 	18.917140809999999
19.6953 	18.922827210000001
19.701000000000001 	18.92851233
19.706700000000001 	18.934196159999999
19.712399999999999 	18.939878709999999
19.7181 	18.945559979999999
19.723800000000001 	18.951239959999999
19.729500000000002 	18.956918659999999
19.735199999999999 	18.96259607
19.7409 	18.968272200000001
19.746600000000001 	18.973947039999999
19.752300000000002 	18.97962059
19.757999999999999 	18.985292860000001
19.7637 	18.99096385
19.769400000000001 	18.996633540000001
19.775099999999998 	19.00230196
19.780799999999999 	19.007969079999999
19.7865 	19.013634920000001
19.792200000000001 	19.01929947
19.797899999999998 	19.024962729999999
19.803599999999999 	19.030624700000001
19.8093 	19.03628539
19.815000000000001 	19.041944789999999
19.820699999999999 	19.047602900000001
19.8264 	19.05325972
19.832100000000001 	19.058915249999998
19.837800000000001 	19.06456949
19.843499999999999 	19.070222439999998
19.8492 	19.0758741
19.854900000000001 	19.081524479999999
19.860600000000002 	19.08717356
19.866299999999999 	19.092821350000001
19.872 	19.098467849999999
19.877700000000001 	19.10411306
19.883400000000002 	19.10975698
19.889099999999999 	19.115399610000001
19.8948 	19.12104094
19.900500000000001 	19.12668098
19.906199999999998 	19.132319729999999
19.911899999999999 	19.137957190000002
19.9176 	19.143593360000001
19.923300000000001 	19.149228229999999
19.928999999999998 	19.15486181
19.934699999999999 	19.160494100000001
19.9404 	19.166125090000001
19.946100000000001 	19.171754790000001
19.951799999999999 	19.17738319
19.9575 	19.183010299999999
19.963200000000001 	19.188636120000002
19.968900000000001 	19.19426064
19.974599999999999 	19.19988386
19.9803 	19.205505800000001
19.986000000000001 	19.21112643
19.991700000000002 	19.216745769999999
19.997399999999999 	19.222363810000001
20.0031 	19.227980559999999
20.008800000000001 	19.233596009999999
20.014500000000002 	19.23921017
20.020199999999999 	19.244823019999998
20.0259 	19.25043458
20.031600000000001 	19.256044849999999
20.037299999999998 	19.261653809999999
20.042999999999999 	19.267261479999998
20.0487 	19.272867850000001
20.054400000000001 	19.278472919999999
20.060099999999998 	19.2840767
20.065799999999999 	19.289679169999999
20.0715 	19.295280349999999
20.077200000000001 	19.300880230000001
20.082899999999999 	19.306478810000002
20.0886 	19.312076090000001
20.0943 	19.31767207
20.100000000000001 	19.323266749999998
20.105699999999999 	19.328860129999999
20.1114 	19.334452200000001
20.117100000000001 	19.34004298
20.122800000000002 	19.345632460000001
20.128499999999999 	19.351220640000001
20.1342 	19.35680752
20.139900000000001 	19.362393090000001
20.145600000000002 	19.367977369999998
20.151299999999999 	19.373560340000001
20.157 	19.379142009999999
20.162700000000001 	19.384722379999999
20.168399999999998 	19.390301440000002
20.174099999999999 	19.39587921
20.1798 	19.401455670000001
20.185500000000001 	19.40703083
20.191199999999998 	19.412604680000001
20.196899999999999 	19.418177239999999
20.2026 	19.42374848
20.208300000000001 	19.429318429999999
20.213999999999999 	19.434887069999998
20.2197 	19.440454410000001
20.2254 	19.446020440000002
20.231100000000001 	19.451585170000001
20.236799999999999 	19.457148589999999
20.2425 	19.46271071
20.248200000000001 	19.468271529999999
20.253900000000002 	19.47383104
20.259599999999999 	19.47938924
20.2653 	19.484946140000002
20.271000000000001 	19.490501729999998
20.276700000000002 	19.496056020000001
20.282399999999999 	19.501608999999998
20.2881 	19.507160670000001
20.293800000000001 	19.512711039999999
20.299499999999998 	19.518260099999999
20.305199999999999 	19.523807860000002
20.3109 	19.529354300000001
20.316600000000001 	19.53489944
20.322299999999998 	19.540443280000002
20.327999999999999 	19.5459858
20.3337 	19.551527020000002
20.339400000000001 	19.557066930000001
20.345099999999999 	19.562605529999999
20.3508 	19.568142819999998
20.3565 	19.573678810000001
20.362200000000001 	19.579213490000001
20.367899999999999 	19.584746849999998
20.3736 	19.590278909999999
20.379300000000001 	19.59580966
20.385000000000002 	19.601339100000001
20.390699999999999 	19.606867229999999
20.3964 	19.612394049999999
20.402100000000001 	19.617919570000002
20.407800000000002 	19.623443770000002
20.413499999999999 	19.62896666
20.4192 	19.63448824
20.424900000000001 	19.640008510000001
20.430599999999998 	19.645527470000001
20.436299999999999 	19.651045119999999
20.442 	19.656561459999999
20.447700000000001 	19.66207649
20.453399999999998 	19.667590199999999
20.459099999999999 	19.673102610000001
20.4648 	19.6786137
20.470500000000001 	19.68412348
20.476199999999999 	19.689631949999999
20.4819 	19.69513911
20.4876 	19.700644950000001
20.493300000000001 	19.706149490000001
20.498999999999999 	19.711652709999999
20.5047 	19.717154610000001
20.510400000000001 	19.722655209999999
20.516100000000002 	19.728154490000001
20.521799999999999 	19.733652459999998
20.5275 	19.73914911
20.533200000000001 	19.74464446
20.538900000000002 	19.75013848
20.544599999999999 	19.7556312
20.5503 	19.7611226
20.556000000000001 	19.766612680000001
20.561699999999998 	19.772101459999998
20.567399999999999 	19.777588909999999
20.5731 	19.783075060000002
20.578800000000001 	19.788559889999998
20.584499999999998 	19.7940434
20.590199999999999 	19.799525599999999
20.5959 	19.805006479999999
20.601600000000001 	19.810486050000002
20.607299999999999 	19.815964300000001
20.613 	19.821441239999999
20.6187 	19.826916860000001
20.624400000000001 	19.832391170000001
20.630099999999999 	19.837864159999999
20.6358 	19.843335830000001
20.641500000000001 	19.848806190000001
20.647200000000002 	19.854275229999999
20.652899999999999 	19.859742959999998
20.6586 	19.865209360000001
20.664300000000001 	19.87067446
20.670000000000002 	19.876138229999999
20.675699999999999 	19.881600689999999
20.6814 	19.88706183
20.687100000000001 	19.892521649999999
20.692799999999998 	19.897980159999999
20.698499999999999 	19.90343734
20.7042 	19.908893209999999
20.709900000000001 	19.914347769999999
20.715599999999998 	19.919801
20.721299999999999 	19.925252919999998
20.727 	19.930703520000002
20.732700000000001 	19.936152799999999
20.738399999999999 	19.94160076
20.7441 	19.947047399999999
20.7498 	19.952492719999999
20.755500000000001 	19.95793673
20.761199999999999 	19.963379410000002
20.7669 	19.968820780000001
20.772600000000001 	19.974260829999999
20.778300000000002 	19.97969956
20.783999999999999 	19.985136969999999
20.7897 	19.990573059999999
20.795400000000001 	19.99600783
20.801100000000002 	20.001441280000002
20.806799999999999 	20.006873410000001
20.8125 	20.012304220000001
20.818200000000001 	20.017733700000001
20.823899999999998 	20.023161869999999
20.829599999999999 	20.028588719999998
20.8353 	20.034014249999998
20.841000000000001 	20.03943846
20.846699999999998 	20.044861350000001
20.852399999999999 	20.05028291
20.8581 	20.05570316
20.863800000000001 	20.061122080000001
20.869499999999999 	20.066539680000002
20.8752 	20.071955970000001
20.8809 	20.077370930000001
20.886600000000001 	20.08278456
20.892299999999999 	20.088196880000002
20.898 	20.09360788
20.903700000000001 	20.099017549999999
20.909400000000002 	20.104425899999999
20.915099999999999 	20.10983293
20.9208 	20.115238640000001
20.926500000000001 	20.120643019999999
20.932200000000002 	20.126046079999998
20.937899999999999 	20.131447820000002
20.9436 	20.136848239999999
20.949300000000001 	20.142247340000001
20.954999999999998 	20.147645109999999
20.960699999999999 	20.153041559999998
20.9664 	20.158436680000001
20.972100000000001 	20.163830480000001
20.977799999999998 	20.169222959999999
20.983499999999999 	20.174614120000001
20.9892 	20.18000395
20.994900000000001 	20.185392459999999
21.000599999999999 	20.19077965
21.0063 	20.19616551
21.012 	20.201550050000002
21.017700000000001 	20.20693326
21.023399999999999 	20.212315149999998
21.0291 	20.217695719999998
21.034800000000001 	20.223074960000002
21.040500000000002 	20.228452879999999
21.046199999999999 	20.23382947
21.0519 	20.239204740000002
21.057600000000001 	20.244578690000001
21.063300000000002 	20.24995131
21.068999999999999 	20.2553226
21.0747 	20.26069257
21.080400000000001 	20.266061220000001
21.086099999999998 	20.271428539999999
21.091799999999999 	20.276794540000001
21.0975 	20.28215921
21.103200000000001 	20.287522549999998
21.108899999999998 	20.292884569999998
21.114599999999999 	20.298245269999999
21.1203 	20.30360464
21.126000000000001 	20.30896268
21.131699999999999 	20.314319399999999
21.1374 	20.319674790000001
21.1431 	20.32502886
21.148800000000001 	20.330381599999999
21.154499999999999 	20.335733009999998
21.1602 	20.341083099999999
21.165900000000001 	20.34643187
21.171600000000002 	20.3517793
21.177299999999999 	20.357125409999998
21.183 	20.362470200000001
21.188700000000001 	20.367813649999999
21.194400000000002 	20.373155789999998
21.200099999999999 	20.378496590000001
21.2058 	20.383836070000001
21.211500000000001 	20.389174220000001
21.217199999999998 	20.394511040000001
21.222899999999999 	20.399846539999999
21.2286 	20.40518071
21.234300000000001 	20.410513559999998
21.239999999999998 	20.41584507
21.245699999999999 	20.421175259999998
21.2514 	20.426504130000001
21.257100000000001 	20.43183166
21.262799999999999 	20.43715787
21.2685 	20.44248275
21.2742 	20.4478063
21.279900000000001 	20.453128530000001
21.285599999999999 	20.458449430000002
21.2913 	20.463768999999999
21.297000000000001 	20.46908724
21.302700000000002 	20.474404150000002
21.308399999999999 	20.47971974
21.3141 	20.485033999999999
21.319800000000001 	20.490346930000001
21.325500000000002 	20.49565853
21.331199999999999 	20.50096881
21.3369 	20.50627776
21.342600000000001 	20.51158538
21.348299999999998 	20.51689167
21.353999999999999 	20.52219663
21.3597 	20.52750026
21.365400000000001 	20.532802570000001
21.371099999999998 	20.538103540000002
21.376799999999999 	20.543403189999999
21.3825 	20.548701510000001
21.388200000000001 	20.553998499999999
21.393899999999999 	20.559294170000001
21.3996 	20.564588499999999
21.4053 	20.569881509999998
21.411000000000001 	20.57517318
21.416699999999999 	20.580463529999999
21.4224 	20.585752549999999
21.428100000000001 	20.591040240000002
21.433800000000002 	20.596326600000001
21.439499999999999 	20.601611630000001
21.4452 	20.60689533
21.450900000000001 	20.6121777
21.456600000000002 	20.617458750000001
21.462299999999999 	20.622738460000001
21.468 	20.628016850000002
21.473700000000001 	20.633293900000002
21.479399999999998 	20.638569629999999
21.485099999999999 	20.64384402
21.4908 	20.649117090000001
21.496500000000001 	20.654388829999998
21.502199999999998 	20.65965924
21.507899999999999 	20.664928320000001
21.5136 	20.670196069999999
21.519300000000001 	20.675462490000001
21.524999999999999 	20.680727569999998
21.5307 	20.68599133
21.5364 	20.691253759999999
21.542100000000001 	20.696514860000001
21.547799999999999 	20.701774629999999
21.5535 	20.707033070000001
21.559200000000001 	20.71229018
21.564900000000002 	20.71754597
21.570599999999999 	20.722800419999999
21.5763 	20.728053540000001
21.582000000000001 	20.73330533
21.587700000000002 	20.738555789999999
21.593399999999999 	20.743804919999999
21.5991 	20.749052710000001
21.604800000000001 	20.75429918
21.610499999999998 	20.75954432
21.616199999999999 	20.764788129999999
21.6219 	20.770030609999999
21.627600000000001 	20.775271759999999
21.633299999999998 	20.780511579999999
21.638999999999999 	20.785750060000002
21.6447 	20.790987220000002
21.650400000000001 	20.796223049999998
21.656099999999999 	20.801457540000001
21.661799999999999 	20.806690710000002
21.6675 	20.811922540000001
21.673200000000001 	20.817153050000002
21.678899999999999 	20.822382220000001
21.6846 	20.827610060000001
21.690300000000001 	20.832836579999999
21.696000000000002 	20.838061759999999
21.701699999999999 	20.843285609999999
21.7074 	20.848508129999999
21.713100000000001 	20.853729319999999
21.718800000000002 	20.85894918
21.724499999999999 	20.86416771
21.7302 	20.869384910000001
21.735900000000001 	20.874600770000001
21.741599999999998 	20.879815310000001
21.747299999999999 	20.885028510000001
21.753 	20.890240389999999
21.758700000000001 	20.895450929999999
21.764399999999998 	20.900660139999999
21.770099999999999 	20.90586802
21.7758 	20.911074580000001
21.781500000000001 	20.916279800000002
21.787199999999999 	20.921483680000001
21.792899999999999 	20.926686239999999
21.7986 	20.931887469999999
21.804300000000001 	20.93708736
21.809999999999999 	20.942285930000001
21.8157 	20.947483160000001
21.821400000000001 	20.952679069999999
21.827100000000002 	20.957873639999999
21.832799999999999 	20.96306688
21.8385 	20.96825879
21.844200000000001 	20.973449370000001
21.849900000000002 	20.978638620000002
21.855599999999999 	20.983826530000002
21.8613 	20.989013119999999
21.867000000000001 	20.994198369999999
21.872699999999998 	20.999382300000001
21.878399999999999 	21.004564890000001
21.8841 	21.009746150000002
21.889800000000001 	21.014926079999999
21.895499999999998 	21.020104679999999
21.901199999999999 	21.02528195
21.9069 	21.030457890000001
21.912600000000001 	21.035632490000001
21.918299999999999 	21.040805769999999
21.923999999999999 	21.045977709999999
21.9297 	21.05114833
21.935400000000001 	21.056317610000001
21.941099999999999 	21.061485560000001
21.9468 	21.066652179999998
21.952500000000001 	21.071817469999999
21.958200000000001 	21.076981419999999
21.963899999999999 	21.08214405
21.9696 	21.087305350000001
21.975300000000001 	21.092465310000001
21.981000000000002 	21.097623939999998
21.986699999999999 	21.10278125
21.9924 	21.10793722
21.998100000000001 	21.113091860000001
22.003799999999998 	21.118245170000002
22.009499999999999 	21.123397140000002
22.0152 	21.128547789999999
22.020900000000001 	21.13369711
22.026599999999998 	21.13884509
22.032299999999999 	21.143991750000001
22.038 	21.149137069999998
22.043700000000001 	21.154281059999999
22.049399999999999 	21.159423719999999
22.055099999999999 	21.16456505
22.0608 	21.169705050000001
22.066500000000001 	21.174843719999998
22.072199999999999 	21.179981059999999
22.0779 	21.18511706
22.083600000000001 	21.190251740000001
22.089300000000001 	21.195385089999998
22.094999999999999 	21.200517099999999
22.1007 	21.20564778
22.106400000000001 	21.210777140000001
22.112100000000002 	21.215905159999998
22.117799999999999 	21.221031849999999
22.1235 	21.22615721
22.129200000000001 	21.231281240000001
22.134899999999998 	21.236403939999999
22.140599999999999 	21.241525299999999
22.1463 	21.246645340000001
22.152000000000001 	21.251764049999998
22.157699999999998 	21.256881419999999
22.163399999999999 	21.261997470000001
22.1691 	21.267112180000002
22.174800000000001 	21.27222557
22.180499999999999 	21.277337620000001
22.186199999999999 	21.282448339999998
22.1919 	21.28755774
22.197600000000001 	21.292665800000002
22.203299999999999 	21.29777253
22.209 	21.302877930000001
22.214700000000001 	21.307981999999999
22.220400000000001 	21.313084740000001
22.226099999999999 	21.318186149999999
22.2318 	21.323286230000001
22.237500000000001 	21.328384979999999
22.243200000000002 	21.333482400000001
22.248899999999999 	21.33857849
22.2546 	21.343673249999998
22.260300000000001 	21.348766680000001
22.265999999999998 	21.353858769999999
22.271699999999999 	21.358949540000001
22.2774 	21.36403898
22.283100000000001 	21.369127089999999
22.288799999999998 	21.374213869999998
22.294499999999999 	21.37929931
22.3002 	21.38438343
22.305900000000001 	21.389466219999999
22.311599999999999 	21.394547679999999
22.317299999999999 	21.399627809999998
22.323 	21.404706610000002
22.328700000000001 	21.409784080000001
22.334399999999999 	21.414860220000001
22.3401 	21.41993502
22.345800000000001 	21.425008500000001
22.351500000000001 	21.430080650000001
22.357199999999999 	21.435151479999998
22.3629 	21.440220969999999
22.368600000000001 	21.445289129999999
22.374300000000002 	21.45035596
22.379999999999999 	21.45542146
22.3857 	21.460485640000002
22.391400000000001 	21.465548479999999
22.397099999999998 	21.47060999
22.402799999999999 	21.475670180000002
22.4085 	21.48072904
22.414200000000001 	21.485786560000001
22.419899999999998 	21.49084276
22.425599999999999 	21.495897630000002
22.4313 	21.50095117
22.437000000000001 	21.506003379999999
22.442699999999999 	21.511054260000002
22.448399999999999 	21.516103810000001
22.4541 	21.52115204
22.459800000000001 	21.52619893
22.465499999999999 	21.5312445
22.4712 	21.53628874
22.476900000000001 	21.54133165
22.482600000000001 	21.54637323
22.488299999999999 	21.551413480000001
22.494 	21.556452400000001
22.499700000000001 	21.561489999999999
22.505400000000002 	21.56652626
22.511099999999999 	21.571561200000001
22.5168 	21.57659481
22.522500000000001 	21.581627090000001
22.528199999999998 	21.58665805
22.533899999999999 	21.591687669999999
22.5396 	21.596715970000002
22.545300000000001 	21.601742940000001
22.550999999999998 	21.606768580000001
22.556699999999999 	21.61179289
22.5624 	21.616815880000001
22.568100000000001 	21.621837530000001
22.573799999999999 	21.626857860000001
22.579499999999999 	21.631876859999998
22.5852 	21.63689454
22.590900000000001 	21.641910889999998
22.596599999999999 	21.646925899999999
22.6023 	21.651939599999999
22.608000000000001 	21.656951960000001
22.613700000000001 	21.661963
22.619399999999999 	21.66697271
22.6251 	21.671981089999999
22.630800000000001 	21.676988139999999
22.636500000000002 	21.681993869999999
22.642199999999999 	21.68699827
22.6479 	21.692001340000001
22.653600000000001 	21.697003089999999
22.659300000000002 	21.702003510000001
22.664999999999999 	21.707002599999999
22.6707 	21.712000369999998
22.676400000000001 	21.716996810000001
22.682099999999998 	21.721991920000001
22.687799999999999 	21.726985710000001
22.6935 	21.731978170000001
22.699200000000001 	21.736969299999998
22.704899999999999 	21.74195911
22.710599999999999 	21.746947590000001
22.7163 	21.75193475
22.722000000000001 	21.756920579999999
22.727699999999999 	21.761905079999998
22.7334 	21.766888250000001
22.739100000000001 	21.771870100000001
22.744800000000001 	21.776850629999998
22.750499999999999 	21.78182983
22.7562 	21.786807700000001
22.761900000000001 	21.791784249999999
22.767600000000002 	21.796759470000001
22.773299999999999 	21.801733370000001
22.779 	21.806705940000001
22.784700000000001 	21.81167718
22.790400000000002 	21.816647100000001
22.796099999999999 	21.821615699999999
22.8018 	21.82658297
22.807500000000001 	21.831548909999999
22.813199999999998 	21.836513530000001
22.818899999999999 	21.841476830000001
22.8246 	21.846438800000001
22.830300000000001 	21.851399440000002
22.835999999999999 	21.856358759999999
22.841699999999999 	21.861316760000001
22.8474 	21.86627343
22.853100000000001 	21.871228779999999
22.858799999999999 	21.876182799999999
22.8645 	21.881135499999999
22.870200000000001 	21.88608687
22.875900000000001 	21.891036920000001
22.881599999999999 	21.89598565
22.8873 	21.900933049999999
22.893000000000001 	21.905879129999999
22.898700000000002 	21.910823879999999
22.904399999999999 	21.91576731
22.9101 	21.920709420000001
22.915800000000001 	21.9256502
22.921500000000002 	21.930589659999999
22.927199999999999 	21.935527799999999
22.9329 	21.940464609999999
22.938600000000001 	21.945400100000001
22.944299999999998 	21.950334269999999
22.949999999999999 	21.955267110000001
22.9557 	21.960198630000001
22.961400000000001 	21.965128830000001
22.967099999999999 	21.970057700000002
22.972799999999999 	21.97498525
22.9785 	21.979911479999998
22.984200000000001 	21.984836390000002
22.989899999999999 	21.989759970000001
22.9956 	21.994682239999999
23.001300000000001 	21.999603180000001
23.007000000000001 	22.004522789999999
23.012699999999999 	22.009441089999999
23.0184 	22.014358059999999
23.024100000000001 	22.01927371
23.029800000000002 	22.024188039999999
23.035499999999999 	22.029101050000001
23.0412 	22.034012740000001
23.046900000000001 	22.038923100000002
23.052600000000002 	22.043832139999999
23.058299999999999 	22.048739869999999
23.064 	22.053646270000002
23.069700000000001 	22.058551340000001
23.075399999999998 	22.063455099999999
23.081099999999999 	22.068357540000001
23.0868 	22.07325866
23.092500000000001 	22.07815845
23.098199999999999 	22.083056930000001
23.103899999999999 	22.087954079999999
23.1096 	22.092849910000002
23.115300000000001 	22.097744429999999
23.120999999999999 	22.102637619999999
23.1267 	22.107529490000001
23.132400000000001 	22.112420050000001
23.138100000000001 	22.117309280000001
23.143799999999999 	22.122197190000001
23.1495 	22.12708378
23.155200000000001 	22.131969059999999
23.160900000000002 	22.136853009999999
23.166599999999999 	22.14173564
23.1723 	22.146616959999999
23.178000000000001 	22.151496949999999
23.183700000000002 	22.156375629999999
23.189399999999999 	22.161252990000001
23.1951 	22.16612902
23.200800000000001 	22.17100374
23.206499999999998 	22.175877140000001
23.212199999999999 	22.180749219999999
23.2179 	22.185619989999999
23.223600000000001 	22.19048943
23.229299999999999 	22.195357560000001
23.234999999999999 	22.20022436
23.2407 	22.20508985
23.246400000000001 	22.209954020000001
23.252099999999999 	22.214816880000001
23.2578 	22.21967841
23.263500000000001 	22.224538630000001
23.269200000000001 	22.22939753
23.274899999999999 	22.234255109999999
23.2806 	22.239111380000001
23.286300000000001 	22.243966319999998
23.292000000000002 	22.248819959999999
23.297699999999999 	22.253672269999999
23.3034 	22.258523270000001
23.309100000000001 	22.26337294
23.314800000000002 	22.268221310000001
23.320499999999999 	22.273068349999999
23.3262 	22.277914079999999
23.331900000000001 	22.2827585
23.337599999999998 	22.287601590000001
23.343299999999999 	22.292443370000001
23.349 	22.297283839999999
23.354700000000001 	22.302122990000001
23.360399999999998 	22.30696082
23.366099999999999 	22.311797339999998
23.3718 	22.316632540000001
23.377500000000001 	22.32146642
23.383199999999999 	22.326298990000002
23.3889 	22.331130250000001
23.394600000000001 	22.335960190000002
23.400300000000001 	22.340788809999999
23.405999999999999 	22.345616119999999
23.4117 	22.35044212
23.417400000000001 	22.355266799999999
23.423100000000002 	22.360090159999999
23.428799999999999 	22.36491221
23.4345 	22.36973295
23.440200000000001 	22.37455237
23.445900000000002 	22.379370479999999
23.451599999999999 	22.384187279999999
23.4573 	22.38900276
23.463000000000001 	22.393816919999999
23.468699999999998 	22.39862978
23.474399999999999 	22.403441319999999
23.4801 	22.408251539999998
23.485800000000001 	22.413060460000001
23.491499999999998 	22.41786806
23.497199999999999 	22.42267434
23.5029 	22.42747932
23.508600000000001 	22.43228298
23.514299999999999 	22.437085329999999
23.52 	22.441886360000002
23.525700000000001 	22.44668609
23.531400000000001 	22.451484499999999
23.537099999999999 	22.456281600000001
23.5428 	22.46107739
23.548500000000001 	22.46587186
23.554200000000002 	22.470665019999998
23.559899999999999 	22.475456879999999
23.5656 	22.480247420000001
23.571300000000001 	22.485036650000001
23.577000000000002 	22.489824559999999
23.582699999999999 	22.494611169999999
23.5884 	22.49939646
23.594100000000001 	22.50418045
23.599799999999998 	22.508963120000001
23.605499999999999 	22.513744490000001
23.6112 	22.518524540000001
23.616900000000001 	22.52330328
23.622599999999998 	22.528080710000001
23.628299999999999 	22.532856840000001
23.634 	22.537631650000002
23.639700000000001 	22.54240515
23.645399999999999 	22.547177340000001
23.6511 	22.551948230000001
23.6568 	22.556717800000001
23.662500000000001 	22.56148606
23.668199999999999 	22.566253020000001
23.6739 	22.571018670000001
23.679600000000001 	22.575783000000001
23.685300000000002 	22.580546030000001
23.690999999999999 	22.585307749999998
23.6967 	22.590068160000001
23.702400000000001 	22.594827259999999
23.708100000000002 	22.599585059999999
23.713799999999999 	22.604341550000001
23.7195 	22.60909672
23.725200000000001 	22.613850599999999
23.730899999999998 	22.618603159999999
23.736599999999999 	22.623354410000001
23.7423 	22.628104359999998
23.748000000000001 	22.632853000000001
23.753699999999998 	22.637600339999999
23.759399999999999 	22.642346360000001
23.7651 	22.647091079999999
23.770800000000001 	22.6518345
23.776499999999999 	22.656576600000001
23.7822 	22.661317400000001
23.7879 	22.666056900000001
23.793600000000001 	22.670795080000001
23.799299999999999 	22.675531970000002
23.805 	22.680267539999999
23.810700000000001 	22.685001809999999
23.816400000000002 	22.689734779999998
23.822099999999999 	22.694466439999999
23.8278 	22.699196789999998
23.833500000000001 	22.70392584
23.839200000000002 	22.70865358
23.844899999999999 	22.713380019999999
23.8506 	22.71810516
23.856300000000001 	22.72282899
23.861999999999998 	22.727551510000001
23.867699999999999 	22.732272729999998
23.8734 	22.736992650000001
23.879100000000001 	22.741711259999999
23.884799999999998 	22.746428569999999
23.890499999999999 	22.751144570000001
23.8962 	22.755859279999999
23.901900000000001 	22.760572669999998
23.907599999999999 	22.765284770000001
23.9133 	22.769995560000002
23.919 	22.774705050000001
23.924700000000001 	22.77941324
23.930399999999999 	22.784120120000001
23.9361 	22.7888257
23.941800000000001 	22.793529979999999
23.947500000000002 	22.798232949999999
23.953199999999999 	22.802934629999999
23.9589 	22.807635000000001
23.964600000000001 	22.812334069999999
23.970300000000002 	22.817031839999999
23.975999999999999 	22.821728310000001
23.9817 	22.826423470000002
23.987400000000001 	22.831117339999999
23.993099999999998 	22.835809900000001
23.998799999999999 	22.84050117
24.0045 	22.84519113
24.010200000000001 	22.849879789999999
24.015899999999998 	22.854567150000001
24.021599999999999 	22.859253209999999
24.0273 	22.863937969999999
24.033000000000001 	22.868621439999998
24.038699999999999 	22.8733036
24.0444 	22.87798446
24.0501 	22.88266402
24.055800000000001 	22.887342279999999
24.061499999999999 	22.892019250000001
24.0672 	22.896694910000001
24.072900000000001 	22.901369280000001
24.078600000000002 	22.90604235
24.084299999999999 	22.910714120000002
24.09 	22.915384589999999
24.095700000000001 	22.920053759999998
24.101400000000002 	22.924721630000001
24.107099999999999 	22.929388209999999
24.1128 	22.93405349
24.118500000000001 	22.93871747
24.124199999999998 	22.943380149999999
24.129899999999999 	22.948041539999998
24.1356 	22.95270163
24.141300000000001 	22.957360420000001
24.146999999999998 	22.962017920000001
24.152699999999999 	22.96667411
24.1584 	22.971329019999999
24.164100000000001 	22.97598262
24.169799999999999 	22.980634930000001
24.1755 	22.985285950000002
24.1812 	22.989935670000001
24.186900000000001 	22.99458409
24.192599999999999 	22.999231219999999
24.1983 	23.00387705
24.204000000000001 	23.008521590000001
24.209700000000002 	23.013164830000001
24.215399999999999 	23.01780677
24.2211 	23.02244743
24.226800000000001 	23.027086780000001
24.232500000000002 	23.03172485
24.238199999999999 	23.036361620000001
24.2439 	23.040997090000001
24.249600000000001 	23.045631270000001
24.255299999999998 	23.050264160000001
24.260999999999999 	23.054895760000001
24.2667 	23.05952606
24.272400000000001 	23.064155070000002
24.278099999999998 	23.068782779999999
24.283799999999999 	23.0734092
24.2895 	23.078034330000001
24.295200000000001 	23.082658169999998
24.300899999999999 	23.087280710000002
24.3066 	23.091901969999999
24.3123 	23.096521930000002
24.318000000000001 	23.101140600000001
24.323699999999999 	23.105757969999999
24.3294 	23.110374060000002
24.335100000000001 	23.11498885
24.340800000000002 	23.119602359999998
24.346499999999999 	23.124214569999999
24.3522 	23.128825490000001
24.357900000000001 	23.133435120000001
24.363600000000002 	23.138043459999999
24.369299999999999 	23.142650509999999
24.375 	23.14725627
24.380700000000001 	23.15186074
24.386399999999998 	23.15646392
24.392099999999999 	23.161065820000001
24.3978 	23.165666420000001
24.403500000000001 	23.170265730000001
24.409199999999998 	23.17486375
24.414899999999999 	23.17946049
24.4206 	23.18405593
24.426300000000001 	23.188650089999999
24.431999999999999 	23.193242959999999
24.4377 	23.197834539999999
24.4434 	23.202424829999998
24.449100000000001 	23.207013839999998
24.454799999999999 	23.211601550000001
24.4605 	23.216187980000001
24.466200000000001 	23.220773130000001
24.471900000000002 	23.225356980000001
24.477599999999999 	23.229939550000001
24.4833 	23.234520830000001
24.489000000000001 	23.239100830000002
24.494700000000002 	23.243679539999999
24.500399999999999 	23.248256959999999
24.5061 	23.252833089999999
24.511800000000001 	23.257407950000001
24.517499999999998 	23.261981509999998
24.523199999999999 	23.26655379
24.5289 	23.271124780000001
24.534600000000001 	23.275694489999999
24.540299999999998 	23.280262919999998
24.545999999999999 	23.284830060000001
24.5517 	23.28939591
24.557400000000001 	23.293960479999999
24.563099999999999 	23.298523769999999
24.5688 	23.303085769999999
24.5745 	23.30764649
24.580200000000001 	23.31220592
24.585899999999999 	23.316764070000001
24.5916 	23.32132094
24.597300000000001 	23.325876520000001
24.603000000000002 	23.330430830000001
24.608699999999999 	23.33498384
24.6144 	23.33953558
24.620100000000001 	23.34408603
24.625800000000002 	23.348635210000001
24.631499999999999 	23.353183099999999
24.6372 	23.3577297
24.642900000000001 	23.362275029999999
24.648599999999998 	23.366819069999998
24.654299999999999 	23.371361839999999
24.66 	23.375903319999999
24.665700000000001 	23.38044352
24.671399999999998 	23.384982440000002
24.677099999999999 	23.38952008
24.6828 	23.39405644
24.688500000000001 	23.39859152
24.694199999999999 	23.403125320000001
24.6999 	23.407657839999999
24.7056 	23.412189080000001
24.711300000000001 	23.41671904
24.716999999999999 	23.42124772
24.7227 	23.425775120000001
24.728400000000001 	23.430301249999999
24.734100000000002 	23.434826090000001
24.739799999999999 	23.439349660000001
24.7455 	23.443871949999998
24.751200000000001 	23.44839296
24.756900000000002 	23.452912690000002
24.762599999999999 	23.457431140000001
24.7683 	23.461948320000001
24.774000000000001 	23.466464219999999
24.779699999999998 	23.470978840000001
24.785399999999999 	23.475492190000001
24.7911 	23.480004260000001
24.796800000000001 	23.484515049999999
24.802499999999998 	23.489024560000001
24.808199999999999 	23.493532800000001
24.8139 	23.498039769999998
24.819600000000001 	23.50254546
24.825299999999999 	23.507049869999999
24.831 	23.51155301
24.8367 	23.516054870000001
24.842400000000001 	23.520555460000001
24.848099999999999 	23.525054770000001
24.8538 	23.529552800000001
24.859500000000001 	23.534049570000001
24.865200000000002 	23.538545060000001
24.870899999999999 	23.543039270000001
24.8766 	23.54753221
24.882300000000001 	23.55202388
24.888000000000002 	23.556514270000001
24.893699999999999 	23.56100339
24.8994 	23.56549124
24.905100000000001 	23.569977819999998
24.910799999999998 	23.574463120000001
24.916499999999999 	23.578947150000001
24.9222 	23.58342991
24.927900000000001 	23.587911389999999
24.933599999999998 	23.59239161
24.939299999999999 	23.596870549999998
24.945 	23.601348219999998
24.950700000000001 	23.60582462
24.956399999999999 	23.610299749999999
24.9621 	23.614773599999999
24.9678 	23.619246189999998
24.973500000000001 	23.623717509999999
24.979199999999999 	23.62818755
24.9849 	23.63265633
24.990600000000001 	23.63712383
24.996300000000002 	23.641590069999999
25.001999999999999 	23.64605504
25.0077 	23.650518739999999
25.013400000000001 	23.654981159999998
25.019100000000002 	23.65944232
25.024799999999999 	23.663902220000001
25.0305 	23.668360839999998
25.036200000000001 	23.672818190000001
25.041899999999998 	23.677274279999999
25.047599999999999 	23.681729099999998
25.0533 	23.686182649999999
25.059000000000001 	23.690634930000002
25.064699999999998 	23.695085949999999
25.070399999999999 	23.699535699999998
25.0761 	23.703984179999999
25.081800000000001 	23.708431399999998
25.087499999999999 	23.712877349999999
25.0932 	23.717322029999998
25.0989 	23.721765449999999
25.104600000000001 	23.726207599999999
25.110299999999999 	23.73064849
25.116 	23.73508811
25.121700000000001 	23.73952646
25.127400000000002 	23.74396355
25.133099999999999 	23.748399379999999
25.1388 	23.752833939999999
25.144500000000001 	23.757267240000001
25.150200000000002 	23.761699270000001
25.155899999999999 	23.76613004
25.1616 	23.770559540000001
25.167300000000001 	23.77498778
25.172999999999998 	23.779414760000002
25.178699999999999 	23.783840479999999
25.1844 	23.78826493
25.190100000000001 	23.792688120000001
25.195799999999998 	23.797110050000001
25.201499999999999 	23.801530710000002
25.2072 	23.805950110000001
25.212900000000001 	23.810368260000001
25.218599999999999 	23.814785140000001
25.224299999999999 	23.81920075
25.23 	23.823615109999999
25.235700000000001 	23.828028209999999
25.241399999999999 	23.832440040000002
25.2471 	23.83685062
25.252800000000001 	23.84125993
25.258500000000002 	23.845667980000002
25.264199999999999 	23.85007478
25.2699 	23.85448031
25.275600000000001 	23.858884589999999
25.281300000000002 	23.8632876
25.286999999999999 	23.86768936
25.2927 	23.872089859999999
25.298400000000001 	23.876489100000001
25.304099999999998 	23.880887080000001
25.309799999999999 	23.8852838
25.3155 	23.889679260000001
25.321200000000001 	23.894073469999999
25.326899999999998 	23.898466419999998
25.332599999999999 	23.90285811
25.3383 	23.907248540000001
25.344000000000001 	23.911637720000002
25.349699999999999 	23.916025640000001
25.355399999999999 	23.92041231
25.3611 	23.92479771
25.366800000000001 	23.929181870000001
25.372499999999999 	23.933564759999999
25.3782 	23.937946400000001
25.383900000000001 	23.942326789999999
25.389600000000002 	23.946705919999999
25.395299999999999 	23.951083789999998
25.401 	23.955460410000001
25.406700000000001 	23.959835770000002
25.412400000000002 	23.964209889999999
25.418099999999999 	23.968582739999999
25.4238 	23.972954349999998
25.429500000000001 	23.97732469
25.435199999999998 	23.981693790000001
25.440899999999999 	23.986061629999998
25.4466 	23.990428219999998
25.452300000000001 	23.994793560000002
25.457999999999998 	23.99915764
25.463699999999999 	24.003520470000002
25.4694 	24.007882049999999
25.475100000000001 	24.01224238
25.480799999999999 	24.01660146
25.486499999999999 	24.02095928
25.4922 	24.025315849999998
25.497900000000001 	24.02967117
25.503599999999999 	24.034025249999999
25.5093 	24.03837807
25.515000000000001 	24.042729640000001
25.520700000000001 	24.047079960000001
25.526399999999999 	24.05142902
25.5321 	24.05577684
25.537800000000001 	24.06012342
25.543500000000002 	24.064468739999999
25.549199999999999 	24.068812810000001
25.5549 	24.073155629999999
25.560600000000001 	24.077497210000001
25.566299999999998 	24.081837530000001
25.571999999999999 	24.086176609999999
25.5777 	24.09051444
25.583400000000001 	24.09485102
25.589099999999998 	24.099186360000001
25.594799999999999 	24.103520450000001
25.6005 	24.107853290000001
25.606200000000001 	24.112184880000001
25.611899999999999 	24.116515230000001
25.617599999999999 	24.120844330000001
25.6233 	24.12517218
25.629000000000001 	24.12949879
25.634699999999999 	24.133824149999999
25.6404 	24.138148269999999
25.646100000000001 	24.142471140000001
25.651800000000001 	24.146792770000001
25.657499999999999 	24.15111315
25.6632 	24.15543229
25.668900000000001 	24.15975018
25.674600000000002 	24.164066829999999
25.680299999999999 	24.16838224
25.686 	24.1726964
25.691700000000001 	24.17700932
25.697399999999998 	24.18132099
25.703099999999999 	24.18563142
25.7088 	24.189940610000001
25.714500000000001 	24.194248559999998
25.720199999999998 	24.198555259999999
25.725899999999999 	24.202860730000001
25.7316 	24.207164949999999
25.737300000000001 	24.211467930000001
25.742999999999999 	24.215769659999999
25.748699999999999 	24.220070159999999
25.7544 	24.224369410000001
25.760100000000001 	24.228667430000002
25.765799999999999 	24.232964200000001
25.7715 	24.237259739999999
25.777200000000001 	24.24155403
25.782900000000001 	24.245847080000001
25.788599999999999 	24.2501389
25.7943 	24.254429470000002
25.800000000000001 	24.258718810000001
25.805700000000002 	24.263006910000001
25.811399999999999 	24.267293769999998
25.8171 	24.271579389999999
25.822800000000001 	24.275863770000001
25.828499999999998 	24.280146909999999
25.834199999999999 	24.284428819999999
25.8399 	24.288709489999999
25.845600000000001 	24.292988919999999
25.851299999999998 	24.29726711
25.856999999999999 	24.301544069999998
25.8627 	24.305819790000001
25.868400000000001 	24.310094280000001
25.874099999999999 	24.314367520000001
25.879799999999999 	24.318639539999999
25.8855 	24.322910310000001
25.891200000000001 	24.327179860000001
25.896899999999999 	24.331448160000001
25.9026 	24.335715230000002
25.908300000000001 	24.33998107
25.914000000000001 	24.344245669999999
25.919699999999999 	24.34850904
25.9254 	24.352771180000001
25.931100000000001 	24.35703208
25.936800000000002 	24.361291739999999
25.942499999999999 	24.36555018
25.9482 	24.369807380000001
25.953900000000001 	24.37406335
25.959599999999998 	24.37831808
25.965299999999999 	24.382571590000001
25.971 	24.38682386
25.976700000000001 	24.3910749
25.982399999999998 	24.3953247
25.988099999999999 	24.399573279999998
25.9938 	24.403820620000001
25.999500000000001 	24.408066739999999
26.005199999999999 	24.412311620000001
26.010899999999999 	24.416555280000001
26.0166 	24.420797700000001
26.022300000000001 	24.42503889
26.027999999999999 	24.429278849999999
26.0337 	24.433517590000001
26.039400000000001 	24.43775509
26.045100000000001 	24.44199137
26.050799999999999 	24.446226410000001
26.0565 	24.450460230000001
26.062200000000001 	24.454692820000002
26.067900000000002 	24.45892418
26.073599999999999 	24.463154320000001
26.0793 	24.467383219999999
26.085000000000001 	24.471610900000002
26.090699999999998 	24.475837349999999
26.096399999999999 	24.480062579999998
26.1021 	24.484286579999999
26.107800000000001 	24.488509350000001
26.113499999999998 	24.492730890000001
26.119199999999999 	24.496951209999999
26.1249 	24.501170309999999
26.130600000000001 	24.505388180000001
26.136299999999999 	24.50960482
26.141999999999999 	24.513820240000001
26.1477 	24.51803443
26.153400000000001 	24.522247400000001
26.159099999999999 	24.526459150000001
26.1648 	24.530669670000002
26.170500000000001 	24.534878970000001
26.176200000000001 	24.539087039999998
26.181899999999999 	24.543293890000001
26.1876 	24.547499519999999
26.193300000000001 	24.551703920000001
26.199000000000002 	24.55590711
26.204699999999999 	24.560109069999999
26.2104 	24.5643098
26.216100000000001 	24.56850932
26.221800000000002 	24.572707619999999
26.227499999999999 	24.576904689999999
26.2332 	24.581100540000001
26.238900000000001 	24.585295169999998
26.244599999999998 	24.589488580000001
26.250299999999999 	24.593680769999999
26.256 	24.597871749999999
26.261700000000001 	24.602061500000001
26.267399999999999 	24.606250030000002
26.273099999999999 	24.610437340000001
26.2788 	24.614623430000002
26.284500000000001 	24.618808309999999
26.290199999999999 	24.62299196
26.2959 	24.627174400000001
26.301600000000001 	24.631355620000001
26.307300000000001 	24.635535619999999
26.312999999999999 	24.639714399999999
26.3187 	24.643891969999999
26.324400000000001 	24.648068309999999
26.330100000000002 	24.65224345
26.335799999999999 	24.656417359999999
26.3415 	24.660590060000001
26.347200000000001 	24.664761540000001
26.352900000000002 	24.66893181
26.358599999999999 	24.673100860000002
26.3643 	24.677268699999999
26.370000000000001 	24.681435319999999
26.375699999999998 	24.68560072
26.381399999999999 	24.689764910000001
26.3871 	24.693927890000001
26.392800000000001 	24.69808965
26.398499999999999 	24.702250200000002
26.404199999999999 	24.706409529999998
26.4099 	24.710567650000002
26.415600000000001 	24.714724560000001
26.421299999999999 	24.718880259999999
26.427 	24.723034739999999
26.432700000000001 	24.727188009999999
26.438400000000001 	24.731340070000002
26.444099999999999 	24.735490909999999
26.4498 	24.73964054
26.455500000000001 	24.743788970000001
26.461200000000002 	24.74793618
26.466899999999999 	24.752082179999999
26.4726 	24.75622697
26.478300000000001 	24.760370550000001
26.484000000000002 	24.764512920000001
26.489699999999999 	24.76865407
26.4954 	24.772794019999999
26.501100000000001 	24.776932760000001
26.506799999999998 	24.781070289999999
26.512499999999999 	24.78520662
26.5182 	24.78934173
26.523900000000001 	24.79347563
26.529599999999999 	24.797608329999999
26.535299999999999 	24.801739820000002
26.541 	24.8058701
26.546700000000001 	24.809999170000001
26.552399999999999 	24.814127039999999
26.5581 	24.8182537
26.563800000000001 	24.82237915
26.569500000000001 	24.826503389999999
26.575199999999999 	24.830626429999999
26.5809 	24.834748269999999
26.586600000000001 	24.838868900000001
26.592300000000002 	24.84298832
26.597999999999999 	24.847106539999999
26.6037 	24.85122355
26.609400000000001 	24.855339359999999
26.615100000000002 	24.85945396
26.620799999999999 	24.863567360000001
26.6265 	24.867679549999998
26.632200000000001 	24.87179055
26.637899999999998 	24.875900340000001
26.643599999999999 	24.880008920000002
26.6493 	24.884116299999999
26.655000000000001 	24.88822248
26.660699999999999 	24.892327460000001
26.666399999999999 	24.896431230000001
26.6721 	24.900533809999999
26.677800000000001 	24.90463518
26.683499999999999 	24.908735350000001
26.6892 	24.912834320000002
26.694900000000001 	24.91693209
26.700600000000001 	24.921028660000001
26.706299999999999 	24.925124019999998
26.712 	24.92921819
26.717700000000001 	24.933311159999999
26.723400000000002 	24.937402930000001
26.729099999999999 	24.941493489999999
26.7348 	24.945582859999998
26.740500000000001 	24.949671030000001
26.746200000000002 	24.953758010000001
26.751899999999999 	24.957843780000001
26.7576 	24.961928360000002
26.763300000000001 	24.966011730000002
26.768999999999998 	24.970093909999999
26.774699999999999 	24.974174900000001
26.7804 	24.978254679999999
26.786100000000001 	24.982333270000002
26.791799999999999 	24.986410670000001
26.797499999999999 	24.990486860000001
26.8032 	24.994561860000001
26.808900000000001 	24.998635669999999
26.814599999999999 	25.00270828
26.8203 	25.006779689999998
26.826000000000001 	25.010849910000001
26.831700000000001 	25.014918940000001
26.837399999999999 	25.018986770000001
26.8431 	25.023053399999998
26.848800000000001 	25.02711884
26.854500000000002 	25.031183089999999
26.860199999999999 	25.035246149999999
26.8659 	25.039308009999999
26.871600000000001 	25.04336868
26.877300000000002 	25.047428149999998
26.882999999999999 	25.051486440000001
26.8887 	25.055543530000001
26.894400000000001 	25.059599429999999
26.900099999999998 	25.063654140000001
26.905799999999999 	25.06770766
26.9115 	25.07175998
26.917200000000001 	25.075811120000001
26.922899999999998 	25.079861059999999
26.928599999999999 	25.083909819999999
26.9343 	25.087957379999999
26.940000000000001 	25.09200375
26.945699999999999 	25.096048939999999
26.9514 	25.10009294
26.957100000000001 	25.10413574
26.962800000000001 	25.108177359999999
26.968499999999999 	25.112217789999999
26.9742 	25.11625703
26.979900000000001 	25.120295080000002
26.985600000000002 	25.124331949999998
26.991299999999999 	25.12836763
26.997 	25.132402119999998
27.002700000000001 	25.136435420000002
27.008400000000002 	25.14046754
27.014099999999999 	25.144498469999998
27.0198 	25.148528219999999
27.025500000000001 	25.152556780000001
27.031199999999998 	25.15658415
27.036899999999999 	25.160610340000002
27.0426 	25.16463534
27.048300000000001 	25.168659160000001
27.053999999999998 	25.172681799999999
27.059699999999999 	25.176703249999999
27.0654 	25.18072351
27.071100000000001 	25.184742589999999
27.076799999999999 	25.18876049
27.0825 	25.192777209999999
27.088200000000001 	25.196792739999999
27.093900000000001 	25.200807090000001
27.099599999999999 	25.204820260000002
27.1053 	25.20883224
27.111000000000001 	25.212843039999999
27.116700000000002 	25.216852660000001
27.122399999999999 	25.2208611
27.1281 	25.224868359999999
27.133800000000001 	25.228874439999998
27.139500000000002 	25.23287934
27.145199999999999 	25.23688306
27.1509 	25.240885590000001
27.156600000000001 	25.244886950000001
27.162299999999998 	25.24888713
27.167999999999999 	25.25288613
27.1737 	25.256883949999999
27.179400000000001 	25.260880589999999
27.185099999999998 	25.264876050000002
27.190799999999999 	25.268870329999999
27.1965 	25.272863439999998
27.202200000000001 	25.27685537
27.207899999999999 	25.28084612
27.2136 	25.284835690000001
27.2193 	25.288824089999999
27.225000000000001 	25.292811310000001
27.230699999999999 	25.296797349999999
27.2364 	25.300782219999999
27.242100000000001 	25.304765920000001
27.247800000000002 	25.308748430000001
27.253499999999999 	25.312729770000001
27.2592 	25.316709939999999
27.264900000000001 	25.320688929999999
27.270600000000002 	25.324666749999999
27.276299999999999 	25.32864339
27.282 	25.33261886
27.287700000000001 	25.33659316
27.293399999999998 	25.340566280000001
27.299099999999999 	25.344538230000001
27.3048 	25.348509
27.310500000000001 	25.352478609999999
27.316199999999998 	25.356447039999999
27.321899999999999 	25.360414290000001
27.3276 	25.36438038
27.333300000000001 	25.368345300000001
27.338999999999999 	25.372309040000001
27.3447 	25.37627161
27.3504 	25.380233019999999
27.356100000000001 	25.384193249999999
27.361799999999999 	25.388152309999999
27.3675 	25.392110200000001
27.373200000000001 	25.39606693
27.378900000000002 	25.400022480000001
27.384599999999999 	25.40397686
27.3903 	25.40793008
27.396000000000001 	25.411882120000001
27.401700000000002 	25.415832999999999
27.407399999999999 	25.41978271
27.4131 	25.423731249999999
27.418800000000001 	25.427678629999999
27.424499999999998 	25.431624830000001
27.430199999999999 	25.435569869999998
27.4359 	25.43951375
27.441600000000001 	25.44345646
27.447299999999998 	25.447398
27.452999999999999 	25.451338369999998
27.4587 	25.455277580000001
27.464400000000001 	25.459215629999999
27.470099999999999 	25.4631525
27.4758 	25.467088220000001
27.4815 	25.471022770000001
27.487200000000001 	25.474956150000001
27.492899999999999 	25.478888380000001
27.4986 	25.482819429999999
27.504300000000001 	25.486749329999999
27.510000000000002 	25.49067806
27.515699999999999 	25.494605629999999
27.5214 	25.49853203
27.527100000000001 	25.502457280000002
27.532800000000002 	25.506381359999999
27.538499999999999 	25.51030428
27.5442 	25.51422603
27.549900000000001 	25.51814663
27.555599999999998 	25.522066070000001
27.561299999999999 	25.525984340000001
27.567 	25.529901450000001
27.572700000000001 	25.533817410000001
27.578399999999998 	25.537732200000001
27.584099999999999 	25.541645840000001
27.5898 	25.545558310000001
27.595500000000001 	25.549469630000001
27.601199999999999 	25.55337978
27.6069 	25.55728878
27.6126 	25.56119662
27.618300000000001 	25.565103300000001
27.623999999999999 	25.569008830000001
27.6297 	25.572913199999999
27.635400000000001 	25.576816399999998
27.641100000000002 	25.58071846
27.646799999999999 	25.584619350000001
27.6525 	25.588519089999998
27.658200000000001 	25.592417680000001
27.663900000000002 	25.596315100000002
27.669599999999999 	25.600211380000001
27.6753 	25.604106489999999
27.681000000000001 	25.608000449999999
27.686699999999998 	25.611893259999999
27.692399999999999 	25.615784909999999
27.6981 	25.619675409999999
27.703800000000001 	25.623564760000001
27.709499999999998 	25.627452949999999
27.715199999999999 	25.63133998
27.7209 	25.635225869999999
27.726600000000001 	25.639110599999999
27.732299999999999 	25.642994179999999
27.738 	25.646876599999999
27.7437 	25.65075788
27.749400000000001 	25.654637999999998
27.755099999999999 	25.658516970000001
27.7608 	25.66239479
27.766500000000001 	25.666271460000001
27.772200000000002 	25.670146979999998
27.777899999999999 	25.67402135
27.7836 	25.677894569999999
27.789300000000001 	25.681766639999999
27.795000000000002 	25.685637549999999
27.800699999999999 	25.689507320000001
27.8064 	25.693375939999999
27.812100000000001 	25.69724342
27.817799999999998 	25.70110974
27.823499999999999 	25.704974910000001
27.8292 	25.70883894
27.834900000000001 	25.712701819999999
27.840599999999998 	25.71656355
27.846299999999999 	25.720424139999999
27.852 	25.724283580000002
27.857700000000001 	25.728141870000002
27.863399999999999 	25.731999009999999
27.8691 	25.735855010000002
27.8748 	25.739709869999999
27.880500000000001 	25.743563569999999
27.886199999999999 	25.747416139999999
27.8919 	25.751267559999999
27.897600000000001 	25.75511783
27.903300000000002 	25.758966959999999
27.908999999999999 	25.762814949999999
27.9147 	25.766661790000001
27.920400000000001 	25.77050749
27.926100000000002 	25.77435204
27.931799999999999 	25.778195449999998
27.9375 	25.782037720000002
27.943200000000001 	25.78587885
27.948899999999998 	25.789718830000002
27.954599999999999 	25.793557679999999
27.9603 	25.797395380000001
27.966000000000001 	25.801231940000001
27.971699999999998 	25.805067359999999
27.977399999999999 	25.808901639999998
27.9831 	25.81273478
27.988800000000001 	25.816566770000001
27.994499999999999 	25.820397629999999
28.0002 	25.824227350000001
28.0059 	25.828055930000001
28.011600000000001 	25.83188337
28.017299999999999 	25.83570967
28.023 	25.839534839999999
28.028700000000001 	25.843358859999999
28.034400000000002 	25.847181750000001
28.040099999999999 	25.851003500000001
28.0458 	25.854824109999999
28.051500000000001 	25.858643579999999
28.057200000000002 	25.862461920000001
28.062899999999999 	25.866279120000002
28.0686 	25.870095190000001
28.074300000000001 	25.873910120000001
28.079999999999998 	25.87772391
28.085699999999999 	25.881536570000002
28.0914 	25.885348090000001
28.097100000000001 	25.889158479999999
28.102799999999998 	25.892967729999999
28.108499999999999 	25.896775850000001
28.1142 	25.900582839999998
28.119900000000001 	25.904388690000001
28.125599999999999 	25.908193409999999
28.1313 	25.911996989999999
28.137 	25.915799440000001
28.142700000000001 	25.919600760000002
28.148399999999999 	25.923400950000001
28.1541 	25.927199999999999
28.159800000000001 	25.93099793
28.165500000000002 	25.934794719999999
28.171199999999999 	25.938590380000001
28.1769 	25.942384910000001
28.182600000000001 	25.946178310000001
28.188300000000002 	25.949970570000001
28.193999999999999 	25.953761709999998
28.1997 	25.957551720000001
28.205400000000001 	25.9613406
28.211099999999998 	25.965128350000001
28.216799999999999 	25.96891497
28.2225 	25.972700459999999
28.228200000000001 	25.97648482
28.233899999999998 	25.98026806
28.239599999999999 	25.984050159999999
28.2453 	25.987831140000001
28.251000000000001 	25.991610999999999
28.256699999999999 	25.995389719999999
28.2624 	25.999167320000002
28.2681 	26.00294379
28.273800000000001 	26.006719140000001
28.279499999999999 	26.010493360000002
28.2852 	26.014266450000001
28.290900000000001 	26.01803842
28.296600000000002 	26.021809260000001
28.302299999999999 	26.025578979999999
28.308 	26.02934758
28.313700000000001 	26.033115049999999
28.319400000000002 	26.036881390000001
28.325099999999999 	26.04064661
28.3308 	26.044410710000001
28.336500000000001 	26.048173689999999
28.342199999999998 	26.051935539999999
28.347899999999999 	26.055696269999999
28.3536 	26.059455880000002
28.359300000000001 	26.063214370000001
28.364999999999998 	26.066971729999999
28.370699999999999 	26.070727980000001
28.3764 	26.074483099999998
28.382100000000001 	26.078237099999999
28.387799999999999 	26.081989979999999
28.3935 	26.08574174
28.3992 	26.089492379999999
28.404900000000001 	26.093241899999999
28.410599999999999 	26.096990300000002
28.4163 	26.100737580000001
28.422000000000001 	26.10448375
28.427700000000002 	26.108228789999998
28.433399999999999 	26.111972720000001
28.4391 	26.115715529999999
28.444800000000001 	26.119457220000001
28.450500000000002 	26.123197789999999
28.456199999999999 	26.126937250000001
28.4619 	26.130675589999999
28.467600000000001 	26.134412810000001
28.473299999999998 	26.138148910000002
28.478999999999999 	26.1418839
28.4847 	26.145617779999998
28.490400000000001 	26.14935054
28.496099999999998 	26.153082179999998
28.501799999999999 	26.156812710000001
28.5075 	26.160542119999999
28.513200000000001 	26.164270420000001
28.518899999999999 	26.16799761
28.5246 	26.171723679999999
28.5303 	26.175448639999999
28.536000000000001 	26.179172479999998
28.541699999999999 	26.182895210000002
28.5474 	26.186616829999998
28.553100000000001 	26.190337339999999
28.558800000000002 	26.19405673
28.564499999999999 	26.197775020000002
28.5702 	26.20149219
28.575900000000001 	26.205208249999998
28.581600000000002 	26.208923200000001
28.587299999999999 	26.212637040000001
28.593 	26.21634976
28.598700000000001 	26.220061380000001
28.604399999999998 	26.223771889999998
28.610099999999999 	26.22748129
28.6158 	26.231189579999999
28.621500000000001 	26.234896760000002
28.627199999999998 	26.238602830000001
28.632899999999999 	26.242307790000002
28.6386 	26.24601165
28.644300000000001 	26.249714390000001
28.649999999999999 	26.25341603
28.6557 	26.257116570000001
28.6614 	26.260815990000001
28.667100000000001 	26.264514309999999
28.672799999999999 	26.268211520000001
28.6785 	26.271907630000001
28.684200000000001 	26.275602630000002
28.689900000000002 	26.27929653
28.695599999999999 	26.282989310000001
28.7013 	26.286681000000002
28.707000000000001 	26.290371579999999
28.712700000000002 	26.29406105
28.718399999999999 	26.29774943
28.7241 	26.301436689999999
28.729800000000001 	26.305122860000001
28.735499999999998 	26.30880792
28.741199999999999 	26.312491869999999
28.7469 	26.31617473
28.752600000000001 	26.319856479999999
28.758299999999998 	26.323537129999998
28.763999999999999 	26.327216679999999
28.7697 	26.330895129999998
28.775400000000001 	26.334572470000001
28.781099999999999 	26.338248719999999
28.786799999999999 	26.341923860000001
28.7925 	26.345597900000001
28.798200000000001 	26.34927085
28.803899999999999 	26.352942689999999
28.8096 	26.356613429999999
28.815300000000001 	26.360283079999999
28.821000000000002 	26.363951620000002
28.826699999999999 	26.36761907
28.8324 	26.37128542
28.838100000000001 	26.37495067
28.843800000000002 	26.378614819999999
28.849499999999999 	26.382277869999999
28.8552 	26.385939830000002
28.860900000000001 	26.389600690000002
28.866599999999998 	26.39326046
28.872299999999999 	26.39691912
28.878 	26.400576690000001
28.883700000000001 	26.404233170000001
28.889399999999998 	26.407888549999999
28.895099999999999 	26.411542829999998
28.9008 	26.41519602
28.906500000000001 	26.41884812
28.912199999999999 	26.422499120000001
28.917899999999999 	26.42614902
28.9236 	26.429797829999998
28.929300000000001 	26.433445549999998
28.934999999999999 	26.43709218
28.9407 	26.440737710000001
28.946400000000001 	26.444382149999999
28.952100000000002 	26.448025489999999
28.957799999999999 	26.451667749999999
28.9635 	26.455308909999999
28.969200000000001 	26.458948979999999
28.974900000000002 	26.46258796
28.980599999999999 	26.466225850000001
28.9863 	26.46986265
28.992000000000001 	26.473498360000001
28.997699999999998 	26.47713298
29.003399999999999 	26.480766500000001
29.0091 	26.484398939999998
29.014800000000001 	26.488030290000001
29.020499999999998 	26.491660549999999
29.026199999999999 	26.495289719999999
29.0319 	26.498917800000001
29.037600000000001 	26.502544799999999
29.043299999999999 	26.506170699999998
29.048999999999999 	26.509795520000001
29.0547 	26.513419259999999
29.060400000000001 	26.517041899999999
29.066099999999999 	26.520663460000002
29.0718 	26.524283929999999
29.077500000000001 	26.52790332
29.083200000000001 	26.531521619999999
29.088899999999999 	26.535138830000001
29.0946 	26.538754959999999
29.100300000000001 	26.542369999999998
29.106000000000002 	26.545983960000001
29.111699999999999 	26.54959684
29.1174 	26.55320863
29.123100000000001 	26.55681933
29.128799999999998 	26.560428959999999
29.134499999999999 	26.564037500000001
29.1402 	26.567644949999998
29.145900000000001 	26.571251329999999
29.151599999999998 	26.574856619999998
29.157299999999999 	26.578460830000001
29.163 	26.582063959999999
29.168700000000001 	26.585666
29.174399999999999 	26.589266970000001
29.180099999999999 	26.59286685
29.1858 	26.59646566
29.191500000000001 	26.600063380000002
29.197199999999999 	26.60366002
29.2029 	26.607255590000001
29.208600000000001 	26.610850070000001
29.214300000000001 	26.614443470000001
29.219999999999999 	26.618035800000001
29.2257 	26.621627050000001
29.231400000000001 	26.625217209999999
29.237100000000002 	26.628806300000001
29.242799999999999 	26.63239432
29.2485 	26.63598125
29.254200000000001 	26.639567110000002
29.259899999999998 	26.643151889999999
29.265599999999999 	26.646735589999999
29.2713 	26.650318219999999
29.277000000000001 	26.653899769999999
29.282699999999998 	26.657480249999999
29.288399999999999 	26.661059649999999
29.2941 	26.664637979999998
29.299800000000001 	26.668215230000001
29.305499999999999 	26.6717914
29.311199999999999 	26.675366499999999
29.3169 	26.678940529999998
29.322600000000001 	26.682513480000001
29.328299999999999 	26.68608536
29.334 	26.689656169999999
29.339700000000001 	26.693225900000002
29.345400000000001 	26.696794570000002
29.351099999999999 	26.70036215
29.3568 	26.70392867
29.362500000000001 	26.70749412
29.368200000000002 	26.711058489999999
29.373899999999999 	26.714621789999999
29.3796 	26.718184019999999
29.385300000000001 	26.72174519
29.390999999999998 	26.725305280000001
29.396699999999999 	26.728864300000001
29.4024 	26.732422249999999
29.408100000000001 	26.73597913
29.413799999999998 	26.739534939999999
29.419499999999999 	26.743089680000001
29.4252 	26.74664336
29.430900000000001 	26.75019597
29.436599999999999 	26.753747499999999
29.442299999999999 	26.757297980000001
29.448 	26.760847380000001
29.453700000000001 	26.764395709999999
29.459399999999999 	26.767942980000001
29.4651 	26.77148919
29.470800000000001 	26.77503432
29.476500000000001 	26.77857839
29.482199999999999 	26.782121400000001
29.4879 	26.785663339999999
29.493600000000001 	26.789204210000001
29.499300000000002 	26.792744020000001
29.504999999999999 	26.796282770000001
29.5107 	26.799820449999999
29.516400000000001 	26.80335706
29.522099999999998 	26.806892619999999
29.527799999999999 	26.810427109999999
29.5335 	26.813960529999999
29.539200000000001 	26.817492900000001
29.544899999999998 	26.8210242
29.550599999999999 	26.82455444
29.5563 	26.828083620000001
29.562000000000001 	26.831611729999999
29.567699999999999 	26.835138780000001
29.573399999999999 	26.838664779999998
29.5791 	26.84218971
29.584800000000001 	26.845713580000002
29.590499999999999 	26.849236390000002
29.5962 	26.852758139999999
29.601900000000001 	26.856278840000002
29.607600000000001 	26.859798470000001
29.613299999999999 	26.863317039999998
29.619 	26.866834560000001
29.624700000000001 	26.87035101
29.630400000000002 	26.873866410000002
29.636099999999999 	26.87738075
29.6418 	26.88089403
29.647500000000001 	26.884406259999999
29.653199999999998 	26.887917430000002
29.658899999999999 	26.891427539999999
29.6646 	26.894936600000001
29.670300000000001 	26.89844459
29.675999999999998 	26.901951539999999
29.681699999999999 	26.905457420000001
29.6874 	26.908962259999999
29.693100000000001 	26.912466030000001
29.698799999999999 	26.915968759999998
29.704499999999999 	26.91947042
29.7102 	26.92297104
29.715900000000001 	26.926470599999998
29.721599999999999 	26.929969100000001
29.7273 	26.933466559999999
29.733000000000001 	26.936962959999999
29.738700000000001 	26.94045831
29.744399999999999 	26.943952599999999
29.7501 	26.94744584
29.755800000000001 	26.95093804
29.761500000000002 	26.954429170000001
29.767199999999999 	26.957919260000001
29.7729 	26.961408299999999
29.778600000000001 	26.964896289999999
29.784300000000002 	26.96838322
29.789999999999999 	26.97186911
29.7957 	26.975353949999999
29.801400000000001 	26.978837729999999
29.807099999999998 	26.982320470000001
29.812799999999999 	26.985802159999999
29.8185 	26.989282800000002
29.824200000000001 	26.992762389999999
29.829899999999999 	26.99624094
29.835599999999999 	26.999718430000001
29.8413 	27.003194879999999
29.847000000000001 	27.006670280000002
29.852699999999999 	27.01014464
29.8584 	27.01361795
29.864100000000001 	27.017090209999999
29.869800000000001 	27.02056142
29.875499999999999 	27.02403159
29.8812 	27.027500719999999
29.886900000000001 	27.0309688
29.892600000000002 	27.03443583
29.898299999999999 	27.037901819999998
29.904 	27.04136677
29.909700000000001 	27.04483067
29.915400000000002 	27.048293529999999
29.921099999999999 	27.05175534
29.9268 	27.05521611
29.932500000000001 	27.058675839999999
29.938199999999998 	27.062134530000002
29.943899999999999 	27.065592169999999
29.9496 	27.069048769999998
29.955300000000001 	27.072504330000001
29.960999999999999 	27.075958849999999
29.966699999999999 	27.07941233
29.9724 	27.08286476
29.978100000000001 	27.086316159999999
29.983799999999999 	27.089766520000001
29.9895 	27.093215829999998
29.995200000000001 	27.096664109999999
30.000900000000001 	27.100111340000002
30.006599999999999 	27.103557540000001
30.0123 	27.107002699999999
30.018000000000001 	27.11044682
30.023700000000002 	27.1138899
30.029399999999999 	27.117331950000001
30.0351 	27.12077296
30.040800000000001 	27.124212920000002
30.046500000000002 	27.12765186
30.052199999999999 	27.131089750000001
30.0579 	27.134526610000002
30.063600000000001 	27.137962430000002
30.069299999999998 	27.141397220000002
30.074999999999999 	27.144830970000001
30.0807 	27.14826369
30.086400000000001 	27.151695369999999
30.092099999999999 	27.155126020000001
30.097799999999999 	27.158555629999999
30.1035 	27.16198421
30.109200000000001 	27.165411750000001
30.114899999999999 	27.168838260000001
30.1206 	27.172263740000002
30.126300000000001 	27.175688180000002
30.132000000000001 	27.179111590000002
30.137699999999999 	27.182533970000001
30.1434 	27.185955320000001
30.149100000000001 	27.189375630000001
30.154800000000002 	27.192794920000001
30.160499999999999 	27.19621317
30.1662 	27.199630389999999
30.171900000000001 	27.203046579999999
30.177600000000002 	27.206461740000002
30.183299999999999 	27.209875870000001
30.189 	27.213288970000001
30.194700000000001 	27.21670104
30.200399999999998 	27.220112090000001
30.206099999999999 	27.2235221
30.2118 	27.22693108
30.217500000000001 	27.23033904
30.223199999999999 	27.233745970000001
30.228899999999999 	27.237151870000002
30.2346 	27.240556739999999
30.240300000000001 	27.24396058
30.245999999999999 	27.247363400000001
30.2517 	27.250765189999999
30.257400000000001 	27.254165960000002
30.263100000000001 	27.257565700000001
30.268799999999999 	27.26096441
30.2745 	27.2643621
30.280200000000001 	27.26775876
30.285900000000002 	27.2711544
30.291599999999999 	27.274549010000001
30.2973 	27.277942599999999
30.303000000000001 	27.281335169999998
30.308700000000002 	27.284726710000001
30.314399999999999 	27.288117230000001
30.3201 	27.291506720000001
30.325800000000001 	27.294895199999999
30.331499999999998 	27.298282650000001
30.337199999999999 	27.301669069999999
30.3429 	27.305054479999999
30.348600000000001 	27.308438859999999
30.354299999999999 	27.31182222
30.359999999999999 	27.315204569999999
30.3657 	27.318585890000001
30.371400000000001 	27.321966190000001
30.377099999999999 	27.325345460000001
30.3828 	27.328723719999999
30.388500000000001 	27.332100959999998
30.394200000000001 	27.335477180000002
30.399899999999999 	27.33885239
30.4056 	27.342226570000001
30.411300000000001 	27.34559973
30.417000000000002 	27.348971880000001
30.422699999999999 	27.352343009999998
30.4284 	27.355713120000001
30.434100000000001 	27.35908221
30.439800000000002 	27.362450290000002
30.445499999999999 	27.36581735
30.4512 	27.36918339
30.456900000000001 	27.372548420000001
30.462599999999998 	27.37591243
30.468299999999999 	27.379275419999999
30.474 	27.3826374
30.479700000000001 	27.385998369999999
30.485399999999998 	27.389358319999999
30.491099999999999 	27.39271725
30.4968 	27.39607517
30.502500000000001 	27.39943208
30.508199999999999 	27.402787979999999
30.5139 	27.406142859999999
30.519600000000001 	27.409496730000001
30.525300000000001 	27.41284958
30.530999999999999 	27.41620142
30.5367 	27.419552249999999
30.542400000000001 	27.422902069999999
30.548100000000002 	27.426250880000001
30.553799999999999 	27.429598680000002
30.5595 	27.432945459999999
30.565200000000001 	27.436291239999999
30.570900000000002 	27.439636
30.576599999999999 	27.442979749999999
30.5823 	27.446322500000001
30.588000000000001 	27.44966423
30.593699999999998 	27.453004960000001
30.599399999999999 	27.45634467
30.6051 	27.459683380000001
30.610800000000001 	27.463021080000001
30.616499999999998 	27.466357769999998
30.622199999999999 	27.469693459999998
30.6279 	27.473028129999999
30.633600000000001 	27.476361799999999
30.639299999999999 	27.479694460000001
30.645 	27.483026120000002
30.650700000000001 	27.48635677
30.656400000000001 	27.489686410000001
30.662099999999999 	27.49301505
30.6678 	27.496342680000001
30.673500000000001 	27.499669310000002
30.679200000000002 	27.50299493
30.684899999999999 	27.50631954
30.6906 	27.50964316
30.696300000000001 	27.512965770000001
30.702000000000002 	27.516287370000001
30.707699999999999 	27.519607969999999
30.7134 	27.52292757
30.719100000000001 	27.52624617
30.724799999999998 	27.529563759999998
30.730499999999999 	27.532880349999999
30.7362 	27.536195939999999
30.741900000000001 	27.539510530000001
30.747599999999998 	27.542824110000002
30.753299999999999 	27.546136700000002
30.759 	27.54944828
30.764700000000001 	27.552758860000001
30.770399999999999 	27.556068450000001
30.7761 	27.55937703
30.7818 	27.562684610000002
30.787500000000001 	27.565991199999999
30.793199999999999 	27.569296779999998
30.7989 	27.572601370000001
30.804600000000001 	27.575904950000002
30.810300000000002 	27.579207539999999
30.815999999999999 	27.582509139999999
30.8217 	27.585809730000001
30.827400000000001 	27.589109329999999
30.833100000000002 	27.592407919999999
30.838799999999999 	27.59570553
30.8445 	27.599002129999999
30.850200000000001 	27.602297740000001
30.855899999999998 	27.605592359999999
30.861599999999999 	27.608885969999999
30.8673 	27.6121786
30.873000000000001 	27.61547023
30.878699999999998 	27.618760859999998
30.884399999999999 	27.6220505
30.8901 	27.625339140000001
30.895800000000001 	27.628626789999998
30.901499999999999 	27.631913449999999
30.9072 	27.635199109999999
30.9129 	27.638483780000001
30.918600000000001 	27.641767460000001
30.924299999999999 	27.645050149999999
30.93 	27.648331840000001
30.935700000000001 	27.651612539999999
30.941400000000002 	27.65489225
30.947099999999999 	27.65817097
30.9528 	27.661448700000001
30.958500000000001 	27.664725430000001
30.964200000000002 	27.668001180000001
30.969899999999999 	27.671275940000001
30.9756 	27.6745497
30.981300000000001 	27.67782248
30.986999999999998 	27.681094269999999
30.992699999999999 	27.684365069999998
30.9984 	27.687634880000001
31.004100000000001 	27.6909037
31.009799999999998 	27.694171529999998
31.015499999999999 	27.697438380000001
31.0212 	27.700704229999999
31.026900000000001 	27.703969109999999
31.032599999999999 	27.707232990000001
31.0383 	27.710495890000001
31.044 	27.7137578
31.049700000000001 	27.717018719999999
31.055399999999999 	27.720278660000002
31.0611 	27.723537610000001
31.066800000000001 	27.726795580000001
31.072500000000002 	27.730052570000002
31.078199999999999 	27.733308560000001
31.0839 	27.736563579999999
31.089600000000001 	27.739817609999999
31.095300000000002 	27.74307065
31.100999999999999 	27.746322719999998
31.1067 	27.7495738
31.112400000000001 	27.752823889999998
31.118099999999998 	27.756073010000001
31.123799999999999 	27.759321140000001
31.1295 	27.762568290000001
31.135200000000001 	27.765814460000001
31.140899999999998 	27.769059639999998
31.146599999999999 	27.77230385
31.1523 	27.775547069999998
31.158000000000001 	27.778789320000001
31.163699999999999 	27.782030580000001
31.1694 	27.785270860000001
31.1751 	27.788510169999999
31.180800000000001 	27.79174849
31.186499999999999 	27.794985839999999
31.1922 	27.798222200000001
31.197900000000001 	27.801457589999998
31.203600000000002 	27.804691999999999
31.209299999999999 	27.807925430000001
31.215 	27.81115788
31.220700000000001 	27.81438936
31.226400000000002 	27.817619860000001
31.232099999999999 	27.820849379999999
31.2378 	27.824077920000001
31.243500000000001 	27.827305490000001
31.249199999999998 	27.830532089999998
31.254899999999999 	27.8337577
31.2606 	27.83698235
31.266300000000001 	27.840206009999999
31.271999999999998 	27.8434287
31.277699999999999 	27.84665042
31.2834 	27.84987117
31.289100000000001 	27.85309093
31.294799999999999 	27.85630973
31.3005 	27.859527549999999
31.3062 	27.8627444
31.311900000000001 	27.865960279999999
31.317599999999999 	27.869175179999999
31.3233 	27.87238911
31.329000000000001 	27.875602069999999
31.334700000000002 	27.87881406
31.340399999999999 	27.882025070000001
31.3461 	27.885235120000001
31.351800000000001 	27.888444190000001
31.357500000000002 	27.891652300000001
31.363199999999999 	27.89485943
31.3689 	27.898065590000002
31.374600000000001 	27.901270790000002
31.380299999999998 	27.904475009999999
31.385999999999999 	27.907678270000002
31.3917 	27.910880550000002
31.397400000000001 	27.91408187
31.403099999999998 	27.917282220000001
31.408799999999999 	27.920481599999999
31.4145 	27.923680019999999
31.420200000000001 	27.92687746
31.425899999999999 	27.93007394
31.4316 	27.933269450000001
31.4373 	27.936464000000001
31.443000000000001 	27.939657579999999
31.448699999999999 	27.942850190000001
31.4544 	27.946041839999999
31.460100000000001 	27.94923253
31.465800000000002 	27.952422240000001
31.471499999999999 	27.955611000000001
31.4772 	27.958798779999999
31.482900000000001 	27.961985609999999
31.488600000000002 	27.965171470000001
31.494299999999999 	27.968356369999999
31.5 	27.971540300000001
31.505700000000001 	27.974723269999998
31.511399999999998 	27.977905280000002
31.517099999999999 	27.981086319999999
31.5228 	27.98426641
31.528500000000001 	27.987445529999999
31.534199999999998 	27.99062369
31.539899999999999 	27.993800879999998
31.5456 	27.99697712
31.551300000000001 	28.000152400000001
31.556999999999999 	28.00332671
31.5627 	28.006500070000001
31.5684 	28.009672460000001
31.574100000000001 	28.0128439
31.579799999999999 	28.016014370000001
31.5855 	28.019183890000001
31.591200000000001 	28.02235245
31.596900000000002 	28.025520050000001
31.602599999999999 	28.028686690000001
31.6083 	28.03185238
31.614000000000001 	28.035017100000001
31.619700000000002 	28.038180870000001
31.625399999999999 	28.041343680000001
31.6311 	28.044505539999999
31.636800000000001 	28.04766644
31.642499999999998 	28.05082638
31.648199999999999 	28.053985369999999
31.6539 	28.057143400000001
31.659600000000001 	28.060300470000001
31.665299999999998 	28.063456590000001
31.670999999999999 	28.066611760000001
31.6767 	28.069765969999999
31.682400000000001 	28.07291923
31.688099999999999 	28.07607153
31.6938 	28.07922288
31.6995 	28.082373279999999
31.705200000000001 	28.08552272
31.710899999999999 	28.088671210000001
31.7166 	28.091818750000002
31.722300000000001 	28.094965330000001
31.728000000000002 	28.09811097
31.733699999999999 	28.101255649999999
31.7394 	28.10439938
31.745100000000001 	28.107542160000001
31.750800000000002 	28.110683989999998
31.756499999999999 	28.113824869999998
31.7622 	28.116964800000002
31.767900000000001 	28.120103780000001
31.773599999999998 	28.123241799999999
31.779299999999999 	28.126378880000001
31.785 	28.129515009999999
31.790700000000001 	28.1326502
31.796399999999998 	28.135784430000001
31.802099999999999 	28.138917710000001
31.8078 	28.142050050000002
31.813500000000001 	28.145181440000002
31.819199999999999 	28.148311880000001
31.8249 	28.151441380000001
31.8306 	28.154569930000001
31.836300000000001 	28.15769753
31.841999999999999 	28.160824179999999
31.8477 	28.163949890000001
31.853400000000001 	28.167074660000001
31.859100000000002 	28.17019848
31.864799999999999 	28.173321349999998
31.8705 	28.176443280000001
31.876200000000001 	28.179564259999999
31.881900000000002 	28.182684299999998
31.887599999999999 	28.185803400000001
31.8933 	28.18892155
31.899000000000001 	28.192038759999999
31.904699999999998 	28.195155029999999
31.910399999999999 	28.198270350000001
31.9161 	28.201384730000001
31.921800000000001 	28.204498170000001
31.927499999999998 	28.207610670000001
31.933199999999999 	28.210722220000001
31.9389 	28.213832839999998
31.944600000000001 	28.216942509999999
31.950299999999999 	28.22005124
31.956 	28.223159030000001
31.9617 	28.22626588
31.967400000000001 	28.229371799999999
31.973099999999999 	28.232476770000002
31.9788 	28.235580800000001
31.984500000000001 	28.238683890000001
31.990200000000002 	28.241786050000002
31.995899999999999 	28.244887259999999
32.001600000000003 	28.24798754
32.007300000000001 	28.251086879999999
32.012999999999998 	28.254185280000002
32.018700000000003 	28.257282750000002
32.0244 	28.260379270000001
32.030099999999997 	28.263474859999999
32.035800000000002 	28.266569520000001
32.041499999999999 	28.26966324
32.047199999999997 	28.272756019999999
32.052900000000001 	28.275847859999999
32.058599999999998 	28.278938780000001
32.064300000000003 	28.282028749999998
32.07 	28.285117790000001
32.075699999999998 	28.288205900000001
32.081400000000002 	28.291293069999998
32.0871 	28.29437931
32.092799999999997 	28.297464609999999
32.098500000000001 	28.300548989999999
32.104199999999999 	28.30363242
32.109900000000003 	28.306714929999998
32.115600000000001 	28.309796500000001
32.121299999999998 	28.312877140000001
32.127000000000002 	28.315956849999999
32.1327 	28.319035629999998
32.138399999999997 	28.322113470000001
32.144100000000002 	28.325190389999999
32.149799999999999 	28.328266370000001
32.155500000000004 	28.331341420000001
32.161200000000001 	28.334415539999998
32.166899999999998 	28.337488740000001
32.172600000000003 	28.340561000000001
32.1783 	28.343632329999998
32.183999999999997 	28.346702740000001
32.189700000000002 	28.349772210000001
32.195399999999999 	28.352840759999999
32.201099999999997 	28.355908379999999
32.206800000000001 	28.35897507
32.212499999999999 	28.362040830000002
32.218200000000003 	28.365105669999998
32.2239 	28.368169569999999
32.229599999999998 	28.371232549999998
32.235300000000002 	28.37429461
32.241 	28.377355739999999
32.246699999999997 	28.380415939999999
32.252400000000002 	28.383475220000001
32.258099999999999 	28.386533570000001
32.263800000000003 	28.389590989999999
32.269500000000001 	28.392647490000002
32.275199999999998 	28.39570307
32.280900000000003 	28.398757719999999
32.2866 	28.40181145
32.292299999999997 	28.404864249999999
32.298000000000002 	28.40791613
32.303699999999999 	28.41096709
32.309399999999997 	28.414017130000001
32.315100000000001 	28.41706624
32.320799999999998 	28.420114430000002
32.326500000000003 	28.423161690000001
32.3322 	28.426208039999999
32.337899999999998 	28.429253460000002
32.343600000000002 	28.43229797
32.349299999999999 	28.43534155
32.354999999999997 	28.438384209999999
32.360700000000001 	28.441425949999999
32.366399999999999 	28.444466769999998
32.372100000000003 	28.447506669999999
32.377800000000001 	28.450545649999999
32.383499999999998 	28.45358371
32.389200000000002 	28.456620860000001
32.3949 	28.459657079999999
32.400599999999997 	28.462692390000001
32.406300000000002 	28.46572677
32.411999999999999 	28.468760240000002
32.417700000000004 	28.471792799999999
32.423400000000001 	28.474824430000002
32.429099999999998 	28.47785515
32.434800000000003 	28.48088495
32.4405 	28.48391384
32.446199999999997 	28.4869418
32.451900000000002 	28.489968860000001
32.457599999999999 	28.49299499
32.463299999999997 	28.496020219999998
32.469000000000001 	28.499044520000002
32.474699999999999 	28.502067910000001
32.480400000000003 	28.505090389999999
32.4861 	28.508111960000001
32.491799999999998 	28.5111326
32.497500000000002 	28.514152339999999
32.5032 	28.51717116
32.508899999999997 	28.520189070000001
32.514600000000002 	28.523206070000001
32.520299999999999 	28.526222149999999
32.526000000000003 	28.52923732
32.531700000000001 	28.532251580000001
32.537399999999998 	28.53526493
32.543100000000003 	28.538277369999999
32.5488 	28.541288900000001
32.554499999999997 	28.544299509999998
32.560200000000002 	28.547309210000002
32.565899999999999 	28.550318010000002
32.571599999999997 	28.55332589
32.577300000000001 	28.556332869999999
32.582999999999998 	28.559338929999999
32.588700000000003 	28.56234409
32.5944 	28.565348329999999
32.600099999999998 	28.568351669999998
32.605800000000002 	28.571354100000001
32.611499999999999 	28.574355619999999
32.617199999999997 	28.57735624
32.622900000000001 	28.580355950000001
32.628599999999999 	28.583354750000002
32.634300000000003 	28.586352640000001
32.640000000000001 	28.58934962
32.645699999999998 	28.592345699999999
32.651400000000002 	28.595340879999998
32.6571 	28.59833515
32.662799999999997 	28.601328509999998
32.668500000000002 	28.60432097
32.674199999999999 	28.607312520000001
32.679900000000004 	28.610303160000001
32.685600000000001 	28.613292909999998
32.691299999999998 	28.616281749999999
32.697000000000003 	28.619269679999999
32.7027 	28.622256709999998
32.708399999999997 	28.625242839999999
32.714100000000002 	28.628228069999999
32.719799999999999 	28.631212390000002
32.725499999999997 	28.634195810000001
32.731200000000001 	28.637178330000001
32.736899999999999 	28.640159950000001
32.742600000000003 	28.64314066
32.7483 	28.64612047
32.753999999999998 	28.64909939
32.759700000000002 	28.6520774
32.7654 	28.655054509999999
32.771099999999997 	28.658030719999999
32.776800000000001 	28.661006029999999
32.782499999999999 	28.66398044
32.788200000000003 	28.66695395
32.793900000000001 	28.669926570000001
32.799599999999998 	28.672898279999998
32.805300000000003 	28.6758691
32.811 	28.678839010000001
32.816699999999997 	28.681808029999999
32.822400000000002 	28.684776159999998
32.828099999999999 	28.687743380000001
32.833799999999997 	28.69070971
32.839500000000001 	28.69367514
32.845199999999998 	28.69663967
32.850900000000003 	28.699603310000001
32.8566 	28.702566050000001
32.862299999999998 	28.7055279
32.868000000000002 	28.708488849999998
32.873699999999999 	28.711448900000001
32.879399999999997 	28.71440806
32.885100000000001 	28.717366330000001
32.890799999999999 	28.720323700000002
32.896500000000003 	28.72328018
32.902200000000001 	28.726235760000002
32.907899999999998 	28.729190450000001
32.913600000000002 	28.732144250000001
32.9193 	28.735097150000001
32.924999999999997 	28.738049159999999
32.930700000000002 	28.741000280000002
32.936399999999999 	28.743950510000001
32.942100000000003 	28.746899840000001
32.947800000000001 	28.749848279999998
32.953499999999998 	28.752795840000001
32.959200000000003 	28.7557425
32.9649 	28.75868827
32.970599999999997 	28.761633150000002
32.976300000000002 	28.76457714
32.981999999999999 	28.76752024
32.987699999999997 	28.77046245
32.993400000000001 	28.773403770000002
32.999099999999999 	28.7763442
33.004800000000003 	28.77928374
33.0105 	28.782222399999998
33.016199999999998 	28.78516016
33.021900000000002 	28.78809704
33.0276 	28.791033030000001
33.033299999999997 	28.79396813
33.039000000000001 	28.79690235
33.044699999999999 	28.799835680000001
33.050400000000003 	28.80276812
33.056100000000001 	28.80569968
33.061799999999998 	28.808630350000001
33.067500000000003 	28.81156013
33.0732 	28.814489030000001
33.078899999999997 	28.817417039999999
33.084600000000002 	28.820344169999998
33.090299999999999 	28.82327042
33.095999999999997 	28.826195779999999
33.101700000000001 	28.829120249999999
33.107399999999998 	28.832043840000001
33.113100000000003 	28.834966550000001
33.1188 	28.837888379999999
33.124499999999998 	28.840809320000002
33.130200000000002 	28.843729379999999
33.135899999999999 	28.846648559999998
33.141599999999997 	28.849566849999999
33.147300000000001 	28.852484260000001
33.152999999999999 	28.855400800000002
33.158700000000003 	28.85831645
33.164400000000001 	28.86123121
33.170099999999998 	28.864145100000002
33.175800000000002 	28.867058109999999
33.1815 	28.869970240000001
33.187199999999997 	28.872881490000001
33.192900000000002 	28.875791849999999
33.198599999999999 	28.878701339999999
33.204300000000003 	28.881609950000001
33.210000000000001 	28.884517679999998
33.215699999999998 	28.887424530000001
33.221400000000003 	28.890330509999998
33.2271 	28.893235600000001
33.232799999999997 	28.896139819999998
33.238500000000002 	28.899043160000002
33.244199999999999 	28.90194563
33.249899999999997 	28.90484721
33.255600000000001 	28.907747919999998
33.261299999999999 	28.91064776
33.267000000000003 	28.913546709999999
33.2727 	28.916444800000001
33.278399999999998 	28.919342
33.284100000000002 	28.922238329999999
33.2898 	28.92513379
33.295499999999997 	28.92802837
33.301200000000001 	28.930922079999998
33.306899999999999 	28.933814909999999
33.312600000000003 	28.936706869999998
33.318300000000001 	28.93959795
33.323999999999998 	28.94248816
33.329700000000003 	28.945377499999999
33.3354 	28.948265970000001
33.341099999999997 	28.951153560000002
33.346800000000002 	28.954040280000001
33.352499999999999 	28.956926129999999
33.358199999999997 	28.95981111
33.363900000000001 	28.96269521
33.369599999999998 	28.965578449999999
33.375300000000003 	28.96846081
33.381 	28.971342310000001
33.386699999999998 	28.97422293
33.392400000000002 	28.977102680000002
33.398099999999999 	28.97998157
33.403799999999997 	28.98285958
33.409500000000001 	28.985736719999998
33.415199999999999 	28.988613000000001
33.420900000000003 	28.991488409999999
33.426600000000001 	28.994362939999998
33.432299999999998 	28.997236610000002
33.438000000000002 	29.000109420000001
33.4437 	29.002981349999999
33.449399999999997 	29.00585242
33.455100000000002 	29.00872262
33.460799999999999 	29.01159195
33.466500000000003 	29.014460419999999
33.472200000000001 	29.017328020000001
33.477899999999998 	29.020194759999999
33.483600000000003 	29.02306063
33.4893 	29.02592563
33.494999999999997 	29.028789769999999
33.500700000000002 	29.031653039999998
33.506399999999999 	29.034515450000001
33.512099999999997 	29.037376999999999
33.517800000000001 	29.040237680000001
33.523499999999999 	29.043097499999998
33.529200000000003 	29.045956449999998
33.5349 	29.048814539999999
33.540599999999998 	29.051671769999999
33.546300000000002 	29.054528130000001
33.552 	29.057383640000001
33.557699999999997 	29.06023828
33.563400000000001 	29.063092059999999
33.569099999999999 	29.06594497
33.574800000000003 	29.068797029999999
33.580500000000001 	29.07164822
33.586199999999998 	29.074498559999999
33.591900000000003 	29.07734803
33.5976 	29.080196650000001
33.603299999999997 	29.083044399999999
33.609000000000002 	29.085891289999999
33.614699999999999 	29.088737330000001
33.620399999999997 	29.091582500000001
33.626100000000001 	29.094426819999999
33.631799999999998 	29.09727028
33.637500000000003 	29.100112880000001
33.6432 	29.102954619999998
33.648899999999998 	29.105795499999999
33.654600000000002 	29.108635530000001
33.660299999999999 	29.111474699999999
33.665999999999997 	29.11431301
33.671700000000001 	29.117150460000001
33.677399999999999 	29.11998706
33.683100000000003 	29.122822800000002
33.688800000000001 	29.125657690000001
33.694499999999998 	29.12849172
33.700200000000002 	29.131324899999999
33.7059 	29.134157219999999
33.711599999999997 	29.136988689999999
33.717300000000002 	29.139819299999999
33.722999999999999 	29.142649049999999
33.728700000000003 	29.145477960000001
33.734400000000001 	29.148306009999999
33.740099999999998 	29.1511332
33.745800000000003 	29.15395955
33.7515 	29.156785039999999
33.757199999999997 	29.159609669999998
33.762900000000002 	29.162433459999999
33.768599999999999 	29.16525639
33.774299999999997 	29.168078470000001
33.780000000000001 	29.1708997
33.785699999999999 	29.173720079999999
33.791400000000003 	29.176539609999999
33.7971 	29.17935829
33.802799999999998 	29.18217611
33.808500000000002 	29.184993089999999
33.8142 	29.187809219999998
33.819899999999997 	29.190624490000001
33.825600000000001 	29.193438919999998
33.831299999999999 	29.1962525
33.837000000000003 	29.199065229999999
33.842700000000001 	29.201877110000002
33.848399999999998 	29.204688139999998
33.854100000000003 	29.20749833
33.8598 	29.210307660000002
33.865499999999997 	29.213116150000001
33.871200000000002 	29.215923790000002
33.876899999999999 	29.21873059
33.882599999999996 	29.221536539999999
33.888300000000001 	29.224341639999999
33.893999999999998 	29.2271459
33.899700000000003 	29.229949309999999
33.9054 	29.232751870000001
33.911099999999998 	29.235553589999999
33.916800000000002 	29.23835446
33.922499999999999 	29.24115449
33.928199999999997 	29.243953680000001
33.933900000000001 	29.246752019999999
33.939599999999999 	29.249549510000001
33.945300000000003 	29.252346169999999
33.951000000000001 	29.255141980000001
33.956699999999998 	29.25793694
33.962400000000002 	29.260731069999999
33.9681 	29.263524350000001
33.973799999999997 	29.266316790000001
33.979500000000002 	29.269108379999999
33.985199999999999 	29.271899139999999
33.990900000000003 	29.274689049999999
33.996600000000001 	29.277478120000001
34.002299999999998 	29.280266350000002
34.008000000000003 	29.28305374
34.0137 	29.285840289999999
34.019399999999997 	29.288626000000001
34.025100000000002 	29.29141087
34.030799999999999 	29.294194900000001
34.036499999999997 	29.29697809
34.042200000000001 	29.29976044
34.047899999999998 	29.302541949999998
34.053600000000003 	29.305322619999998
34.0593 	29.308102460000001
34.064999999999998 	29.310881460000001
34.070700000000002 	29.313659609999998
34.0764 	29.316436939999999
34.082099999999997 	29.319213420000001
34.087800000000001 	29.321989070000001
34.093499999999999 	29.324763879999999
34.099200000000003 	29.327537849999999
34.104900000000001 	29.330310990000001
34.110599999999998 	29.333083290000001
34.116300000000003 	29.33585476
34.122 	29.338625390000001
34.127699999999997 	29.34139519
34.133400000000002 	29.344164150000001
34.139099999999999 	29.34693227
34.144799999999996 	29.349699560000001
34.150500000000001 	29.352466020000001
34.156199999999998 	29.35523165
34.161900000000003 	29.357996440000001
34.1676 	29.360760389999999
34.173299999999998 	29.363523520000001
34.179000000000002 	29.366285810000001
34.184699999999999 	29.369047269999999
34.190399999999997 	29.3718079
34.196100000000001 	29.374567689999999
34.201799999999999 	29.377326650000001
34.207500000000003 	29.380084790000002
34.213200000000001 	29.38284209
34.218899999999998 	29.385598559999998
34.224600000000002 	29.388354199999998
34.2303 	29.391109010000001
34.235999999999997 	29.393862989999999
34.241700000000002 	29.396616130000002
34.247399999999999 	29.399368450000001
34.253100000000003 	29.402119939999999
34.258800000000001 	29.40487061
34.264499999999998 	29.407620439999999
34.270200000000003 	29.41036944
34.2759 	29.413117620000001
34.281599999999997 	29.415864970000001
34.287300000000002 	29.41861149
34.292999999999999 	29.421357180000001
34.298699999999997 	29.424102049999998
34.304400000000001 	29.426846080000001
34.310099999999998 	29.4295893
34.315800000000003 	29.432331680000001
34.3215 	29.435073240000001
34.327199999999998 	29.437813980000001
34.332900000000002 	29.44055389
34.3386 	29.443292970000002
34.344299999999997 	29.446031229999999
34.350000000000001 	29.448768659999999
34.355699999999999 	29.451505269999998
34.361400000000003 	29.45424105
34.367100000000001 	29.456976010000002
34.372799999999998 	29.459710149999999
34.378500000000003 	29.46244347
34.3842 	29.46517596
34.389899999999997 	29.467907619999998
34.395600000000002 	29.470638470000001
34.401299999999999 	29.473368489999999
34.406999999999996 	29.47609769
34.412700000000001 	29.47882607
34.418399999999998 	29.481553630000001
34.424100000000003 	29.48428036
34.4298 	29.487006279999999
34.435499999999998 	29.489731370000001
34.441200000000002 	29.492455639999999
34.446899999999999 	29.495179100000001
34.452599999999997 	29.497901729999999
34.458300000000001 	29.500623539999999
34.463999999999999 	29.503344540000001
34.469700000000003 	29.50606471
34.4754 	29.508784070000001
34.481099999999998 	29.511502610000001
34.486800000000002 	29.514220330000001
34.4925 	29.51693723
34.498199999999997 	29.519653309999999
34.503900000000002 	29.522368570000001
34.509599999999999 	29.52508302
34.515300000000003 	29.527796649999999
34.521000000000001 	29.530509469999998
34.526699999999998 	29.53322146
34.532400000000003 	29.535932639999999
34.5381 	29.538643010000001
34.543799999999997 	29.54135256
34.549500000000002 	29.544061289999998
34.555199999999999 	29.546769210000001
34.560899999999997 	29.549476309999999
34.566600000000001 	29.552182599999998
34.572299999999998 	29.554888080000001
34.578000000000003 	29.55759274
34.5837 	29.560296579999999
34.589399999999998 	29.562999609999999
34.595100000000002 	29.565701829999998
34.6008 	29.568403239999999
34.606499999999997 	29.571103829999998
34.612200000000001 	29.573803609999999
34.617899999999999 	29.57650258
34.623600000000003 	29.579200740000001
34.629300000000001 	29.581898079999998
34.634999999999998 	29.58459461
34.640700000000002 	29.587290329999998
34.6464 	29.589985240000001
34.652099999999997 	29.59267934
34.657800000000002 	29.59537263
34.663499999999999 	29.59806511
34.669199999999996 	29.600756780000001
34.674900000000001 	29.603447639999999
34.680599999999998 	29.606137690000001
34.686300000000003 	29.608826929999999
34.692 	29.611515359999999
34.697699999999998 	29.614202980000002
34.703400000000002 	29.616889789999998
34.709099999999999 	29.6195758
34.714799999999997 	29.622261000000002
34.720500000000001 	29.624945390000001
34.726199999999999 	29.62762897
34.731900000000003 	29.630311750000001
34.7376 	29.632993720000002
34.743299999999998 	29.63567488
34.749000000000002 	29.638355229999998
34.7547 	29.641034779999998
34.760399999999997 	29.643713529999999
34.766100000000002 	29.646391470000001
34.771799999999999 	29.6490686
34.777500000000003 	29.65174493
34.783200000000001 	29.65442045
34.788899999999998 	29.657095170000002
34.794600000000003 	29.65976908
34.8003 	29.66244219
34.805999999999997 	29.665114500000001
34.811700000000002 	29.667786
34.817399999999999 	29.670456699999999
34.823099999999997 	29.6731266
34.828800000000001 	29.675795699999998
34.834499999999998 	29.678463990000001
34.840200000000003 	29.681131480000001
34.8459 	29.683798169999999
34.851599999999998 	29.686464050000001
34.857300000000002 	29.689129139999999
34.863 	29.69179342
34.868699999999997 	29.694456899999999
34.874400000000001 	29.69711959
34.880099999999999 	29.699781470000001
34.885800000000003 	29.702442550000001
34.891500000000001 	29.705102830000001
34.897199999999998 	29.70776231
34.902900000000002 	29.710421
34.9086 	29.713078880000001
34.914299999999997 	29.715735970000001
34.920000000000002 	29.718392250000001
34.925699999999999 	29.721047739999999
34.931399999999996 	29.723702429999999
34.937100000000001 	29.726356320000001
34.942799999999998 	29.729009420000001
34.948500000000003 	29.731661720000002
34.9542 	29.734313220000001
34.959899999999998 	29.736963920000001
34.965600000000002 	29.73961383
34.971299999999999 	29.74226294
34.976999999999997 	29.744911250000001
34.982700000000001 	29.747558770000001
34.988399999999999 	29.7502055
34.994100000000003 	29.75285143
34.9998 	29.755496560000001
35.005499999999998 	29.758140900000001
35.011200000000002 	29.760784449999999
35.0169 	29.763427199999999
35.022599999999997 	29.76606915
35.028300000000002 	29.76871032
35.033999999999999 	29.771350689999998
35.039700000000003 	29.773990269999999
35.045400000000001 	29.77662905
35.051099999999998 	29.779267040000001
35.056800000000003 	29.781904239999999
35.0625 	29.78454065
35.068199999999997 	29.787176259999999
35.073900000000002 	29.789811090000001
35.079599999999999 	29.79244512
35.085299999999997 	29.795078360000002
35.091000000000001 	29.797710810000002
35.096699999999998 	29.80034247
35.102400000000003 	29.802973340000001
35.1081 	29.805603420000001
35.113799999999998 	29.808232709999999
35.119500000000002 	29.810861209999999
35.1252 	29.813488920000001
35.130899999999997 	29.816115839999998
35.136600000000001 	29.818741979999999
35.142299999999999 	29.82136732
35.148000000000003 	29.823991880000001
35.153700000000001 	29.826615650000001
35.159399999999998 	29.829238629999999
35.165100000000002 	29.831860819999999
35.1708 	29.834482229999999
35.176499999999997 	29.837102850000001
35.182200000000002 	29.839722680000001
35.187899999999999 	29.842341730000001
35.193600000000004 	29.84495999
35.199300000000001 	29.84757746
35.204999999999998 	29.85019415
35.210700000000003 	29.852810049999999
35.2164 	29.85542517
35.222099999999998 	29.8580395
35.227800000000002 	29.86065305
35.233499999999999 	29.863265819999999
35.239199999999997 	29.8658778
35.244900000000001 	29.868488989999999
35.250599999999999 	29.871099409999999
35.256300000000003 	29.873709030000001
35.262 	29.876317879999998
35.267699999999998 	29.878925939999998
35.273400000000002 	29.881533220000001
35.2791 	29.88413972
35.284799999999997 	29.886745439999999
35.290500000000002 	29.889350369999999
35.296199999999999 	29.89195453
35.301900000000003 	29.894557899999999
35.307600000000001 	29.897160490000001
35.313299999999998 	29.899762299999999
35.319000000000003 	29.90236333
35.3247 	29.90496358
35.330399999999997 	29.907563039999999
35.336100000000002 	29.910161729999999
35.341799999999999 	29.912759640000001
35.347499999999997 	29.915356769999999
35.353200000000001 	29.91795312
35.358899999999998 	29.920548700000001
35.364600000000003 	29.923143490000001
35.3703 	29.925737510000001
35.375999999999998 	29.92833074
35.381700000000002 	29.930923199999999
35.3874 	29.933514890000001
35.393099999999997 	29.936105789999999
35.398800000000001 	29.938695920000001
35.404499999999999 	29.941285270000002
35.410200000000003 	29.943873839999998
35.415900000000001 	29.946461639999999
35.421599999999998 	29.94904867
35.427300000000002 	29.951634909999999
35.433 	29.954220379999999
35.438699999999997 	29.956805079999999
35.444400000000002 	29.959389000000002
35.450099999999999 	29.961972150000001
35.455800000000004 	29.96455452
35.461500000000001 	29.967136119999999
35.467199999999998 	29.969716940000001
35.472900000000003 	29.97229699
35.4786 	29.974876269999999
35.484299999999998 	29.977454770000001
35.490000000000002 	29.9800325
35.495699999999999 	29.982609459999999
35.501399999999997 	29.985185649999998
35.507100000000001 	29.98776106
35.512799999999999 	29.990335699999999
35.518500000000003 	29.992909569999998
35.5242 	29.995482670000001
35.529899999999998 	29.998055000000001
35.535600000000002 	30.000626560000001
35.5413 	30.00319734
35.546999999999997 	30.00576736
35.552700000000002 	30.0083366
35.558399999999999 	30.010905080000001
35.564100000000003 	30.013472780000001
35.569800000000001 	30.016039719999998
35.575499999999998 	30.01860589
35.581200000000003 	30.021171280000001
35.5869 	30.023735909999999
35.592599999999997 	30.026299779999999
35.598300000000002 	30.028862870000001
35.603999999999999 	30.03142519
35.609699999999997 	30.03398675
35.615400000000001 	30.036547540000001
35.621099999999998 	30.039107560000001
35.626800000000003 	30.04166682
35.6325 	30.044225310000002
35.638199999999998 	30.04678303
35.643900000000002 	30.04933999
35.6496 	30.05189618
35.655299999999997 	30.054451610000001
35.661000000000001 	30.057006269999999
35.666699999999999 	30.05956016
35.672400000000003 	30.062113289999999
35.678100000000001 	30.064665659999999
35.683799999999998 	30.06721726
35.689500000000002 	30.069768100000001
35.6952 	30.072318169999999
35.700899999999997 	30.074867480000002
35.706600000000002 	30.077416020000001
35.712299999999999 	30.079963809999999
35.718000000000004 	30.08251083
35.723700000000001 	30.085057089999999
35.729399999999998 	30.087602579999999
35.735100000000003 	30.090147309999999
35.7408 	30.092691290000001
35.746499999999997 	30.0952345
35.752200000000002 	30.097776939999999
35.757899999999999 	30.10031863
35.763599999999997 	30.102859559999999
35.769300000000001 	30.105399720000001
35.774999999999999 	30.107939129999998
35.780700000000003 	30.110477769999999
35.7864 	30.113015659999999
35.792099999999998 	30.115552789999999
35.797800000000002 	30.118089149999999
35.8035 	30.120624759999998
35.809199999999997 	30.123159609999998
35.814900000000002 	30.125693699999999
35.820599999999999 	30.128227030000001
35.826300000000003 	30.130759600000001
35.832000000000001 	30.133291419999999
35.837699999999998 	30.135822480000002
35.843400000000003 	30.138352780000002
35.8491 	30.140882319999999
35.854799999999997 	30.143411109999999
35.860500000000002 	30.145939139999999
35.866199999999999 	30.148466410000001
35.871899999999997 	30.150992930000001
35.877600000000001 	30.153518689999999
35.883299999999998 	30.156043690000001
35.889000000000003 	30.158567949999998
35.8947 	30.16109144
35.900399999999998 	30.16361418
35.906100000000002 	30.166136170000001
35.911799999999999 	30.168657400000001
35.917499999999997 	30.171177879999998
35.923200000000001 	30.173697600000001
35.928899999999999 	30.176216570000001
35.934600000000003 	30.17873479
35.940300000000001 	30.18125225
35.945999999999998 	30.183768959999998
35.951700000000002 	30.186284919999999
35.9574 	30.18880012
35.963099999999997 	30.19131458
35.968800000000002 	30.193828280000002
35.974499999999999 	30.196341230000002
35.980200000000004 	30.19885343
35.985900000000001 	30.201364869999999
35.991599999999998 	30.203875570000001
35.997300000000003 	30.206385520000001
36.003 	30.208894709999999
36.008699999999997 	30.21140316
36.014400000000002 	30.213910850000001
36.020099999999999 	30.216417799999999
36.025799999999997 	30.21892399
36.031500000000001 	30.221429440000001
36.037199999999999 	30.223934140000001
36.042900000000003 	30.226438089999998
36.0486 	30.228941290000002
36.054299999999998 	30.23144374
36.060000000000002 	30.233945439999999
36.0657 	30.236446399999998
36.071399999999997 	30.238946609999999
36.077100000000002 	30.241446069999999
36.082799999999999 	30.24394479
36.088500000000003 	30.246442760000001
36.094200000000001 	30.248939979999999
36.099899999999998 	30.25143645
36.105600000000003 	30.25393218
36.1113 	30.256427169999998
36.116999999999997 	30.258921409999999
36.122700000000002 	30.261414899999998
36.128399999999999 	30.26390765
36.134099999999997 	30.26639965
36.139800000000001 	30.26889091
36.145499999999998 	30.271381430000002
36.151200000000003 	30.273871199999999
36.1569 	30.276360230000002
36.162599999999998 	30.27884851
36.168300000000002 	30.28133605
36.173999999999999 	30.28382285
36.179699999999997 	30.286308900000002
36.185400000000001 	30.288794209999999
36.191099999999999 	30.291278779999999
36.196800000000003 	30.293762610000002
36.202500000000001 	30.2962457
36.208199999999998 	30.29872804
36.213900000000002 	30.30120964
36.2196 	30.303690509999999
36.225299999999997 	30.30617063
36.231000000000002 	30.308650010000001
36.236699999999999 	30.311128650000001
36.242400000000004 	30.313606549999999
36.248100000000001 	30.316083710000001
36.253799999999998 	30.318560130000002
36.259500000000003 	30.321035810000001
36.2652 	30.323510750000001
36.270899999999997 	30.32598496
36.276600000000002 	30.32845842
36.282299999999999 	30.330931150000001
36.287999999999997 	30.333403140000001
36.293700000000001 	30.335874390000001
36.299399999999999 	30.338344899999999
36.305100000000003 	30.34081467
36.3108 	30.343283710000001
36.316499999999998 	30.345752010000002
36.322200000000002 	30.348219579999999
36.3279 	30.350686410000002
36.333599999999997 	30.3531525
36.339300000000001 	30.355617850000002
36.344999999999999 	30.35808248
36.350700000000003 	30.360546360000001
36.356400000000001 	30.363009510000001
36.362099999999998 	30.365471920000001
36.367800000000003 	30.367933600000001
36.3735 	30.37039455
36.379199999999997 	30.372854759999999
36.384900000000002 	30.375314240000002
36.390599999999999 	30.37777298
36.396299999999997 	30.380230990000001
36.402000000000001 	30.382688269999999
36.407699999999998 	30.38514481
36.413400000000003 	30.387600620000001
36.4191 	30.390055700000001
36.424799999999998 	30.392510049999999
36.430500000000002 	30.394963659999998
36.436199999999999 	30.397416549999999
36.441899999999997 	30.399868699999999
36.447600000000001 	30.402320119999999
36.453299999999999 	30.404770800000001
36.459000000000003 	30.407220760000001
36.464700000000001 	30.409669990000001
36.470399999999998 	30.41211848
36.476100000000002 	30.41456625
36.4818 	30.41701329
36.487499999999997 	30.419459589999999
36.493200000000002 	30.421905169999999
36.498899999999999 	30.424350019999999
36.504600000000003 	30.426794139999998
36.510300000000001 	30.429237530000002
36.515999999999998 	30.431680190000002
36.521700000000003 	30.434122129999999
36.5274 	30.436563329999998
36.533099999999997 	30.439003809999999
36.538800000000002 	30.44144356
36.544499999999999 	30.443882590000001
36.550199999999997 	30.446320879999998
36.555900000000001 	30.44875845
36.561599999999999 	30.451195299999998
36.567300000000003 	30.453631420000001
36.573 	30.456066809999999
36.578699999999998 	30.458501470000002
36.584400000000002 	30.460935410000001
36.5901 	30.463368630000002
36.595799999999997 	30.465801119999998
36.601500000000001 	30.468232879999999
36.607199999999999 	30.47066392
36.612900000000003 	30.473094240000002
36.618600000000001 	30.47552383
36.624299999999998 	30.477952699999999
36.630000000000003 	30.480380839999999
36.6357 	30.48280827
36.641399999999997 	30.48523496
36.647100000000002 	30.487660940000001
36.652799999999999 	30.49008619
36.658499999999997 	30.492510719999999
36.664200000000001 	30.494934529999998
36.669899999999998 	30.497357619999999
36.675600000000003 	30.49977998
36.6813 	30.502201620000001
36.686999999999998 	30.504622550000001
36.692700000000002 	30.50704275
36.698399999999999 	30.50946223
36.704099999999997 	30.511880990000002
36.709800000000001 	30.51429903
36.715499999999999 	30.516716339999999
36.721200000000003 	30.519132939999999
36.726900000000001 	30.52154882
36.732599999999998 	30.523963980000001
36.738300000000002 	30.526378430000001
36.744 	30.528792150000001
36.749699999999997 	30.531205150000002
36.755400000000002 	30.53361744
36.761099999999999 	30.53602901
36.766800000000003 	30.53843986
36.772500000000001 	30.540849990000002
36.778199999999998 	30.5432594
36.783900000000003 	30.5456681
36.7896 	30.548076080000001
36.795299999999997 	30.55048335
36.801000000000002 	30.5528899
36.806699999999999 	30.555295730000001
36.812399999999997 	30.557700839999999
36.818100000000001 	30.560105239999999
36.823799999999999 	30.56250893
36.829500000000003 	30.564911899999998
36.8352 	30.567314150000001
36.840899999999998 	30.569715689999999
36.846600000000002 	30.572116520000002
36.8523 	30.574516630000002
36.857999999999997 	30.576916019999999
36.863700000000001 	30.579314709999998
36.869399999999999 	30.581712670000002
36.875100000000003 	30.58410993
36.880800000000001 	30.58650647
36.886499999999998 	30.588902300000001
36.892200000000003 	30.59129742
36.8979 	30.593691830000001
36.903599999999997 	30.596085519999999
36.909300000000002 	30.598478499999999
36.914999999999999 	30.60087077
36.920699999999997 	30.60326233
36.926400000000001 	30.60565317
36.932099999999998 	30.608043309999999
36.937800000000003 	30.610432729999999
36.9435 	30.612821449999998
36.949199999999998 	30.615209449999998
36.954900000000002 	30.61759674
36.960599999999999 	30.61998333
36.966299999999997 	30.622369200000001
36.972000000000001 	30.624754370000002
36.977699999999999 	30.62713883
36.983400000000003 	30.629522569999999
36.989100000000001 	30.63190561
36.994799999999998 	30.63428794
37.000500000000002 	30.636669560000001
37.0062 	30.639050480000002
37.011899999999997 	30.64143069
37.017600000000002 	30.643810179999999
37.023299999999999 	30.646188980000002
37.029000000000003 	30.648567060000001
37.034700000000001 	30.65094444
37.040399999999998 	30.65332111
37.046100000000003 	30.655697079999999
37.0518 	30.65807234
37.057499999999997 	30.660446889999999
37.063200000000002 	30.662820740000001
37.068899999999999 	30.66519388
37.074599999999997 	30.667566319999999
37.080300000000001 	30.669938049999999
37.085999999999999 	30.672309080000002
37.091700000000003 	30.67467941
37.0974 	30.677049029999999
37.103099999999998 	30.67941794
37.108800000000002 	30.681786160000001
37.1145 	30.684153670000001
37.120199999999997 	30.686520470000001
37.125900000000001 	30.688886570000001
37.131599999999999 	30.69125197
37.137300000000003 	30.693616670000001
37.143000000000001 	30.695980670000001
37.148699999999998 	30.698343959999999
37.154400000000003 	30.70070655
37.1601 	30.703068439999999
37.165799999999997 	30.705429630000001
37.171500000000002 	30.707790119999999
37.177199999999999 	30.710149909999998
37.182899999999997 	30.71250899
37.188600000000001 	30.714867380000001
37.194299999999998 	30.717225060000001
37.200000000000003 	30.71958205
37.2057 	30.721938340000001
37.211399999999998 	30.724293920000001
37.217100000000002 	30.72664881
37.222799999999999 	30.729002999999999
37.228499999999997 	30.73135649
37.234200000000001 	30.733709279999999
37.239899999999999 	30.736061370000002
37.245600000000003 	30.73841277
37.251300000000001 	30.74076346
37.256999999999998 	30.74311346
37.262700000000002 	30.745462759999999
37.2684 	30.747811370000001
37.274099999999997 	30.750159279999998
37.279800000000002 	30.752506489999998
37.285499999999999 	30.754853000000001
37.291200000000003 	30.757198819999999
37.296900000000001 	30.75954394
37.302599999999998 	30.761888370000001
37.308300000000003 	30.764232100000001
37.314 	30.76657514
37.319699999999997 	30.768917479999999
37.325400000000002 	30.771259130000001
37.331099999999999 	30.773600080000001
37.336799999999997 	30.775940339999998
37.342500000000001 	30.778279900000001
37.348199999999999 	30.78061877
37.353900000000003 	30.782956949999999
37.3596 	30.78529443
37.365299999999998 	30.787631220000002
37.371000000000002 	30.789967310000002
37.3767 	30.792302719999999
37.382399999999997 	30.794637430000002
37.388100000000001 	30.796971450000001
37.393799999999999 	30.799304769999999
37.399500000000003 	30.801637410000001
37.405200000000001 	30.803969349999999
37.410899999999998 	30.806300610000001
37.416600000000003 	30.808631170000002
37.4223 	30.810961039999999
37.427999999999997 	30.813290219999999
37.433700000000002 	30.815618709999999
37.439399999999999 	30.817946509999999
37.445099999999996 	30.820273610000001
37.450800000000001 	30.82260003
37.456499999999998 	30.824925759999999
37.462200000000003 	30.827250800000002
37.4679 	30.829575160000001
37.473599999999998 	30.831898819999999
37.479300000000002 	30.834221790000001
37.484999999999999 	30.836544079999999
37.490699999999997 	30.838865680000001
37.496400000000001 	30.84118659
37.502099999999999 	30.843506810000001
37.507800000000003 	30.845826349999999
37.513500000000001 	30.84814519
37.519199999999998 	30.850463349999998
37.524900000000002 	30.85278083
37.5306 	30.855097619999999
37.536299999999997 	30.85741372
37.542000000000002 	30.859729130000002
37.547699999999999 	30.86204386
37.553400000000003 	30.864357909999999
37.559100000000001 	30.866671270000001
37.564799999999998 	30.86898394
37.570500000000003 	30.871295929999999
37.5762 	30.873607230000001
37.581899999999997 	30.87591785
37.587600000000002 	30.87822779
37.593299999999999 	30.88053704
37.598999999999997 	30.88284561
37.604700000000001 	30.88515349
37.610399999999998 	30.887460690000001
37.616100000000003 	30.889767209999999
37.6218 	30.89207305
37.627499999999998 	30.894378199999998
37.633200000000002 	30.896682670000001
37.6389 	30.89898646
37.644599999999997 	30.901289559999999
37.650300000000001 	30.903591989999999
37.655999999999999 	30.905893729999999
37.661700000000003 	30.90819479
37.667400000000001 	30.910495170000001
37.673099999999998 	30.912794869999999
37.678800000000003 	30.915093890000001
37.6845 	30.917392230000001
37.690199999999997 	30.919689890000001
37.695900000000002 	30.921986870000001
37.701599999999999 	30.924283169999999
37.707299999999996 	30.926578790000001
37.713000000000001 	30.928873729999999
37.718699999999998 	30.931167989999999
37.724400000000003 	30.933461579999999
37.7301 	30.93575448
37.735799999999998 	30.938046709999998
37.741500000000002 	30.940338260000001
37.747199999999999 	30.94262913
37.752899999999997 	30.94491932
37.758600000000001 	30.947208839999998
37.764299999999999 	30.94949767
37.770000000000003 	30.951785839999999
37.775700000000001 	30.954073319999999
37.781399999999998 	30.95636013
37.787100000000002 	30.958646259999998
37.7928 	30.960931720000001
37.798499999999997 	30.963216500000001
37.804200000000002 	30.965500609999999
37.809899999999999 	30.967784040000002
37.815600000000003 	30.970066790000001
37.821300000000001 	30.972348870000001
37.826999999999998 	30.97463028
37.832700000000003 	30.976911009999998
37.8384 	30.979191060000002
37.844099999999997 	30.98147045
37.849800000000002 	30.983749159999999
37.855499999999999 	30.986027190000001
37.861199999999997 	30.988304549999999
37.866900000000001 	30.990581240000001
37.872599999999998 	30.992857260000001
37.878300000000003 	30.995132600000002
37.884 	30.99740727
37.889699999999998 	30.99968127
37.895400000000002 	31.001954600000001
37.9011 	31.00422726
37.906799999999997 	31.00649924
37.912500000000001 	31.008770550000001
37.918199999999999 	31.011041200000001
37.923900000000003 	31.013311170000001
37.929600000000001 	31.01558047
37.935299999999998 	31.017849099999999
37.941000000000003 	31.02011706
37.9467 	31.022384349999999
37.952399999999997 	31.02465097
37.958100000000002 	31.026916920000001
37.963799999999999 	31.029182200000001
37.969499999999996 	31.031446809999998
37.975200000000001 	31.033710760000002
37.980899999999998 	31.035974029999998
37.986600000000003 	31.038236640000001
37.9923 	31.040498580000001
37.997999999999998 	31.042759849999999
38.003700000000002 	31.045020449999999
38.009399999999999 	31.047280390000001
38.015099999999997 	31.049539660000001
38.020800000000001 	31.051798260000002
38.026499999999999 	31.054056200000002
38.032200000000003 	31.056313459999998
38.0379 	31.058570069999998
38.043599999999998 	31.060825999999999
38.049300000000002 	31.063081270000001
38.055 	31.065335879999999
38.060699999999997 	31.067589819999998
38.066400000000002 	31.069843089999999
38.072099999999999 	31.072095699999998
38.077800000000003 	31.07434765
38.083500000000001 	31.076598929999999
38.089199999999998 	31.07884954
38.094900000000003 	31.08109949
38.1006 	31.083348780000001
38.106299999999997 	31.085597400000001
38.112000000000002 	31.087845359999999
38.117699999999999 	31.09009266
38.123399999999997 	31.092339299999999
38.129100000000001 	31.09458527
38.134799999999998 	31.096830579999999
38.140500000000003 	31.09907522
38.1462 	31.10131921
38.151899999999998 	31.103562530000001
38.157600000000002 	31.105805190000002
38.1633 	31.108047190000001
38.168999999999997 	31.110288529999998
38.174700000000001 	31.112529210000002
38.180399999999999 	31.11476923
38.186100000000003 	31.11700858
38.191800000000001 	31.11924728
38.197499999999998 	31.121485320000001
38.203200000000002 	31.123722690000001
38.2089 	31.12595941
38.214599999999997 	31.128195470000001
38.220300000000002 	31.130430870000001
38.225999999999999 	31.132665599999999
38.231699999999996 	31.13489968
38.237400000000001 	31.137133110000001
38.243099999999998 	31.139365869999999
38.248800000000003 	31.14159798
38.2545 	31.143829419999999
38.260199999999998 	31.146060210000002
38.265900000000002 	31.14829035
38.271599999999999 	31.15051982
38.277299999999997 	31.152748639999999
38.283000000000001 	31.1549768
38.288699999999999 	31.157204310000001
38.294400000000003 	31.15943116
38.3001 	31.161657349999999
38.305799999999998 	31.16388289
38.311500000000002 	31.16610777
38.3172 	31.168331989999999
38.322899999999997 	31.17055556
38.328600000000002 	31.172778480000002
38.334299999999999 	31.175000740000002
38.340000000000003 	31.177222350000001
38.345700000000001 	31.179443299999999
38.351399999999998 	31.1816636
38.357100000000003 	31.18388324
38.3628 	31.186102229999999
38.368499999999997 	31.188320569999998
38.374200000000002 	31.190538249999999
38.379899999999999 	31.19275528
38.385599999999997 	31.19497166
38.391300000000001 	31.19718739
38.396999999999998 	31.199402460000002
38.402700000000003 	31.20161688
38.4084 	31.20383065
38.414099999999998 	31.206043770000001
38.419800000000002 	31.20825623
38.4255 	31.210468049999999
38.431199999999997 	31.212679210000001
38.436900000000001 	31.214889719999999
38.442599999999999 	31.217099579999999
38.448300000000003 	31.2193088
38.454000000000001 	31.22151736
38.459699999999998 	31.223725269999999
38.465400000000002 	31.225932530000001
38.4711 	31.22813914
38.476799999999997 	31.230345109999998
38.482500000000002 	31.232550419999999
38.488199999999999 	31.23475509
38.493899999999996 	31.2369591
38.499600000000001 	31.23916247
38.505299999999998 	31.24136519
38.511000000000003 	31.243567259999999
38.5167 	31.245768689999998
38.522399999999998 	31.24796946
38.528100000000002 	31.250169589999999
38.533799999999999 	31.252369080000001
38.539499999999997 	31.254567909999999
38.545200000000001 	31.2567661
38.550899999999999 	31.258963640000001
38.556600000000003 	31.261160539999999
38.5623 	31.26335679
38.567999999999998 	31.26555239
38.573700000000002 	31.26774735
38.5794 	31.269941670000001
38.585099999999997 	31.272135330000001
38.590800000000002 	31.274328359999998
38.596499999999999 	31.276520739999999
38.602200000000003 	31.278712469999999
38.607900000000001 	31.280903559999999
38.613599999999998 	31.283094009999999
38.619300000000003 	31.285283809999999
38.625 	31.28747297
38.630699999999997 	31.289661479999999
38.636400000000002 	31.29184935
38.642099999999999 	31.29403658
38.647799999999997 	31.296223170000001
38.653500000000001 	31.298409110000001
38.659199999999998 	31.300594409999999
38.664900000000003 	31.30277907
38.6706 	31.304963090000001
38.676299999999998 	31.307146459999998
38.682000000000002 	31.309329200000001
38.6877 	31.311511289999999
38.693399999999997 	31.31369274
38.699100000000001 	31.315873549999999
38.704799999999999 	31.318053720000002
38.710500000000003 	31.320233250000001
38.716200000000001 	31.322412140000001
38.721899999999998 	31.324590390000001
38.727600000000002 	31.326768000000001
38.7333 	31.328944969999998
38.738999999999997 	31.33112131
38.744700000000002 	31.333297000000002
38.750399999999999 	31.33547205
38.756100000000004 	31.337646469999999
38.761800000000001 	31.339820240000002
38.767499999999998 	31.341993380000002
38.773200000000003 	31.344165879999998
38.7789 	31.346337739999999
38.784599999999998 	31.348508970000001
38.790300000000002 	31.35067956
38.795999999999999 	31.352849509999999
38.801699999999997 	31.355018820000002
38.807400000000001 	31.357187499999998
38.813099999999999 	31.359355539999999
38.818800000000003 	31.36152294
38.8245 	31.363689709999999
38.830199999999998 	31.365855839999998
38.835900000000002 	31.368021339999999
38.8416 	31.370186199999999
38.847299999999997 	31.37235042
38.853000000000002 	31.374514009999999
38.858699999999999 	31.376676969999998
38.864400000000003 	31.378839289999998
38.870100000000001 	31.38100098
38.875799999999998 	31.383162030000001
38.881500000000003 	31.38532245
38.8872 	31.38748223
38.892899999999997 	31.389641390000001
38.898600000000002 	31.391799899999999
38.904299999999999 	31.393957790000002
38.909999999999997 	31.396115040000002
38.915700000000001 	31.398271659999999
38.921399999999998 	31.400427650000001
38.927100000000003 	31.402583
38.9328 	31.404737730000001
38.938499999999998 	31.406891819999998
38.944200000000002 	31.409045280000001
38.9499 	31.411198110000001
38.955599999999997 	31.413350300000001
38.961300000000001 	31.41550187
38.966999999999999 	31.41765281
38.972700000000003 	31.41980311
38.978400000000001 	31.421952789999999
38.984099999999998 	31.424101830000001
38.989800000000002 	31.426250240000002
38.9955 	31.42839803
39.001199999999997 	31.43054519
39.006900000000002 	31.43269171
39.012599999999999 	31.434837609999999
39.018300000000004 	31.436982879999999
39.024000000000001 	31.43912752
39.029699999999998 	31.441271530000002
39.035400000000003 	31.443414910000001
39.0411 	31.445557669999999
39.046799999999998 	31.447699799999999
39.052500000000002 	31.449841299999999
39.058199999999999 	31.451982170000001
39.063899999999997 	31.45412241
39.069600000000001 	31.456262030000001
39.075299999999999 	31.45840102
39.081000000000003 	31.460539390000001
39.0867 	31.462677129999999
39.092399999999998 	31.464814239999999
39.098100000000002 	31.466950730000001
39.1038 	31.46908659
39.109499999999997 	31.471221830000001
39.115200000000002 	31.47335644
39.120899999999999 	31.475490430000001
39.126600000000003 	31.477623789999999
39.132300000000001 	31.479756519999999
39.137999999999998 	31.481888640000001
39.143700000000003 	31.48402012
39.1494 	31.486150989999999
39.155099999999997 	31.488281229999998
39.160800000000002 	31.49041085
39.166499999999999 	31.492539839999999
39.172199999999997 	31.49466821
39.177900000000001 	31.49679596
39.183599999999998 	31.498923080000001
39.189300000000003 	31.50104958
39.195 	31.503175460000001
39.200699999999998 	31.505300720000001
39.206400000000002 	31.507425359999999
39.2121 	31.509549369999998
39.217799999999997 	31.511672770000001
39.223500000000001 	31.51379554
39.229199999999999 	31.515917689999998
39.234900000000003 	31.518039219999999
39.240600000000001 	31.520160130000001
39.246299999999998 	31.522280420000001
39.252000000000002 	31.52440009
39.2577 	31.526519140000001
39.263399999999997 	31.528637570000001
39.269100000000002 	31.530755379999999
39.274799999999999 	31.532872569999999
39.280500000000004 	31.53498914
39.286200000000001 	31.537105090000001
39.291899999999998 	31.539220419999999
39.297600000000003 	31.541335140000001
39.3033 	31.543449240000001
39.308999999999997 	31.545562709999999
39.314700000000002 	31.54767558
39.320399999999999 	31.549787819999999
39.326099999999997 	31.55189944
39.331800000000001 	31.55401045
39.337499999999999 	31.556120839999998
39.343200000000003 	31.55823062
39.3489 	31.56033978
39.354599999999998 	31.562448320000001
39.360300000000002 	31.564556240000002
39.366 	31.566663550000001
39.371699999999997 	31.56877025
39.377400000000002 	31.570876330000001
39.383099999999999 	31.57298179
39.388800000000003 	31.575086639999999
39.394500000000001 	31.577190869999999
39.400199999999998 	31.579294489999999
39.405900000000003 	31.581397490000001
39.4116 	31.583499880000002
39.417299999999997 	31.585601650000001
39.423000000000002 	31.587702820000001
39.428699999999999 	31.589803360000001
39.434399999999997 	31.591903299999998
39.440100000000001 	31.594002620000001
39.445799999999998 	31.59610133
39.451500000000003 	31.59819942
39.4572 	31.6002969
39.462899999999998 	31.602393769999999
39.468600000000002 	31.604490030000001
39.474299999999999 	31.606585670000001
39.479999999999997 	31.608680710000002
39.485700000000001 	31.61077513
39.491399999999999 	31.612868939999998
39.497100000000003 	31.614962139999999
39.502800000000001 	31.61705473
39.508499999999998 	31.619146700000002
39.514200000000002 	31.62123807
39.5199 	31.623328829999998
39.525599999999997 	31.625418969999998
39.531300000000002 	31.627508509999998
39.536999999999999 	31.62959743
39.542700000000004 	31.631685749999999
39.548400000000001 	31.63377346
39.554099999999998 	31.635860560000001
39.559800000000003 	31.637947050000001
39.5655 	31.64003293
39.571199999999997 	31.642118199999999
39.576900000000002 	31.64420286
39.582599999999999 	31.646286920000001
39.588299999999997 	31.648370360000001
39.594000000000001 	31.650453200000001
39.599699999999999 	31.652535440000001
39.605400000000003 	31.65461706
39.6111 	31.656698080000002
39.616799999999998 	31.65877849
39.622500000000002 	31.660858300000001
39.6282 	31.662937490000001
39.633899999999997 	31.665016080000001
39.639600000000002 	31.667094070000001
39.645299999999999 	31.66917145
39.651000000000003 	31.671248219999999
39.656700000000001 	31.673324390000001
39.662399999999998 	31.67539996
39.668100000000003 	31.677474910000001
39.6738 	31.679549269999999
39.679499999999997 	31.68162302
39.685200000000002 	31.68369616
39.690899999999999 	31.685768700000001
39.696599999999997 	31.687840640000001
39.702300000000001 	31.689911970000001
39.707999999999998 	31.691982700000001
39.713700000000003 	31.69405282
39.7194 	31.696122339999999
39.725099999999998 	31.698191260000002
39.730800000000002 	31.700259580000001
39.736499999999999 	31.702327289999999
39.742199999999997 	31.704394400000002
39.747900000000001 	31.706460910000001
39.753599999999999 	31.708526819999999
39.759300000000003 	31.710592129999998
39.765000000000001 	31.71265683
39.770699999999998 	31.714720929999999
39.776400000000002 	31.716784430000001
39.7821 	31.718847329999999
39.787799999999997 	31.720909630000001
39.793500000000002 	31.72297133
39.799199999999999 	31.725032429999999
39.804900000000004 	31.727092930000001
39.810600000000001 	31.72915283
39.816299999999998 	31.731212119999999
39.822000000000003 	31.733270820000001
39.8277 	31.735328920000001
39.833399999999997 	31.73738642
39.839100000000002 	31.73944333
39.844799999999999 	31.74149963
39.850499999999997 	31.74355533
39.856200000000001 	31.74561044
39.861899999999999 	31.747664950000001
39.867600000000003 	31.749718860000002
39.8733 	31.751772169999999
39.878999999999998 	31.75382488
39.884700000000002 	31.755877000000002
39.8904 	31.75792852
39.896099999999997 	31.759979439999999
39.901800000000001 	31.762029770000002
39.907499999999999 	31.764079500000001
39.913200000000003 	31.766128640000002
39.918900000000001 	31.768177170000001
39.924599999999998 	31.770225119999999
39.930300000000003 	31.77227246
39.936 	31.774319210000002
39.941699999999997 	31.776365370000001
39.947400000000002 	31.77841093
39.953099999999999 	31.780455889999999
39.958799999999997 	31.782500259999999
39.964500000000001 	31.78454404
39.970199999999998 	31.786587220000001
39.975900000000003 	31.78862981
39.9816 	31.790671799999998
39.987299999999998 	31.792713200000001
39.993000000000002 	31.794754009999998
39.998699999999999 	31.796794219999999
40.004399999999997 	31.79883384
40.010100000000001 	31.800872869999999
40.015799999999999 	31.802911309999999
40.021500000000003 	31.804949149999999
40.027200000000001 	31.8069864
40.032899999999998 	31.809023060000001
40.038600000000002 	31.811059119999999
40.0443 	31.813094599999999
40.049999999999997 	31.81512948
40.055700000000002 	31.817163770000001
40.061399999999999 	31.819197469999999
40.067100000000003 	31.821230580000002
40.072800000000001 	31.823263099999998
40.078499999999998 	31.825295029999999
40.084200000000003 	31.827326370000002
40.0899 	31.829357120000001
40.095599999999997 	31.83138727
40.101300000000002 	31.833416840000002
40.106999999999999 	31.83544582
40.112699999999997 	31.83747421
40.118400000000001 	31.83950201
40.124099999999999 	31.841529220000002
40.129800000000003 	31.843555850000001
40.1355 	31.845581880000001
40.141199999999998 	31.847607329999999
40.146900000000002 	31.849632190000001
40.1526 	31.851656460000001
40.158299999999997 	31.853680140000002
40.164000000000001 	31.85570323
40.169699999999999 	31.857725739999999
40.175400000000003 	31.85974766
40.181100000000001 	31.861768999999999
40.186799999999998 	31.863789749999999
40.192500000000003 	31.865809909999999
40.1982 	31.867829480000001
40.203899999999997 	31.869848470000001
40.209600000000002 	31.871866870000002
40.215299999999999 	31.873884690000001
40.220999999999997 	31.87590192
40.226700000000001 	31.877918569999999
40.232399999999998 	31.879934630000001
40.238100000000003 	31.881950100000001
40.2438 	31.883964989999999
40.249499999999998 	31.885979299999999
40.255200000000002 	31.88799302
40.260899999999999 	31.890006159999999
40.266599999999997 	31.892018719999999
40.272300000000001 	31.894030690000001
40.277999999999999 	31.89604207
40.283700000000003 	31.898052880000002
40.289400000000001 	31.900063100000001
40.295099999999998 	31.902072740000001
40.300800000000002 	31.904081789999999
40.3065 	31.906090259999999
40.312199999999997 	31.908098150000001
40.317900000000002 	31.91010546
40.323599999999999 	31.912112189999998
40.329300000000003 	31.914118330000001
40.335000000000001 	31.916123899999999
40.340699999999998 	31.918128880000001
40.346400000000003 	31.920133280000002
40.3521 	31.9221371
40.357799999999997 	31.924140340000001
40.363500000000002 	31.926142989999999
40.369199999999999 	31.928145069999999
40.374899999999997 	31.930146570000002
40.380600000000001 	31.932147489999998
40.386299999999999 	31.934147830000001
40.392000000000003 	31.93614758
40.3977 	31.938146759999999
40.403399999999998 	31.940145359999999
40.409100000000002 	31.942143380000001
40.4148 	31.944140829999998
40.420499999999997 	31.94613769
40.426200000000001 	31.948133970000001
40.431899999999999 	31.95012968
40.437600000000003 	31.952124810000001
40.443300000000001 	31.95411936
40.448999999999998 	31.956113330000001
40.454700000000003 	31.958106730000001
40.4604 	31.960099549999999
40.466099999999997 	31.962091789999999
40.471800000000002 	31.96408345
40.477499999999999 	31.966074540000001
40.483199999999997 	31.96806505
40.488900000000001 	31.970054990000001
40.494599999999998 	31.972044350000001
40.500300000000003 	31.974033129999999
40.506 	31.976021339999999
40.511699999999998 	31.978008970000001
40.517400000000002 	31.979996029999999
40.523099999999999 	31.981982510000002
40.528799999999997 	31.98396842
40.534500000000001 	31.98595375
40.540199999999999 	31.987938509999999
40.545900000000003 	31.98992269
40.551600000000001 	31.9919063
40.557299999999998 	31.993889339999999
40.563000000000002 	31.9958718
40.5687 	31.997853689999999
40.574399999999997 	31.999835010000002
40.580100000000002 	32.001815749999999
40.585799999999999 	32.003795920000002
40.591500000000003 	32.005775509999999
40.597200000000001 	32.007754540000001
40.602899999999998 	32.009732990000003
40.608600000000003 	32.011710870000002
40.6143 	32.013688180000003
40.619999999999997 	32.015664909999998
40.625700000000002 	32.017641070000003
40.631399999999999 	32.019616669999998
40.637099999999997 	32.021591690000001
40.642800000000001 	32.02356614
40.648499999999999 	32.025540020000001
40.654200000000003 	32.027513329999998
40.6599 	32.029486069999997
40.665599999999998 	32.031458239999999
40.671300000000002 	32.033429830000003
40.677 	32.035400860000003
40.682699999999997 	32.037371319999998
40.688400000000001 	32.039341210000003
40.694099999999999 	32.041310529999997
40.699800000000003 	32.04327928
40.705500000000001 	32.045247459999999
40.711199999999998 	32.047215080000001
40.716900000000003 	32.049182119999998
40.7226 	32.051148599999998
40.728299999999997 	32.05311451
40.734000000000002 	32.055079849999998
40.739699999999999 	32.057044619999999
40.745399999999997 	32.059008830000003
40.751100000000001 	32.060972470000003
40.756799999999998 	32.062935539999998
40.762500000000003 	32.064898040000003
40.7682 	32.066859979999997
40.773899999999998 	32.06882135
40.779600000000002 	32.070782149999999
40.785299999999999 	32.072742390000002
40.790999999999997 	32.07470206
40.796700000000001 	32.076661170000001
40.802399999999999 	32.078619709999998
40.808100000000003 	32.080577689999998
40.813800000000001 	32.082535100000001
40.819499999999998 	32.084491939999999
40.825200000000002 	32.086448220000001
40.8309 	32.088403939999999
40.836599999999997 	32.09035909
40.842300000000002 	32.092313679999997
40.847999999999999 	32.094267700000003
40.853700000000003 	32.096221159999999
40.859400000000001 	32.098174059999998
40.865099999999998 	32.10012639
40.870800000000003 	32.102078159999998
40.8765 	32.104029359999998
40.882199999999997 	32.105980000000002
40.887900000000002 	32.107930080000003
40.893599999999999 	32.109879599999999
40.899299999999997 	32.111828559999999
40.905000000000001 	32.113776950000002
40.910699999999999 	32.115724780000001
40.916400000000003 	32.117672050000003
40.9221 	32.119618760000002
40.927799999999998 	32.121564900000003
40.933500000000002 	32.123510490000001
40.9392 	32.125455510000002
40.944899999999997 	32.12739998
40.950600000000001 	32.12934388
40.956299999999999 	32.131287219999997
40.962000000000003 	32.133229999999998
40.967700000000001 	32.135172220000001
40.973399999999998 	32.137113890000002
40.979100000000003 	32.139054989999998
40.9848 	32.140995529999998
40.990499999999997 	32.142935510000001
40.996200000000002 	32.144874940000001
41.001899999999999 	32.146813799999997
41.007599999999996 	32.148752109999997
41.013300000000001 	32.15068986
41.018999999999998 	32.15262705
41.024700000000003 	32.154563680000003
41.0304 	32.156499750000002
41.036099999999998 	32.158435269999998
41.041800000000002 	32.160370229999998
41.047499999999999 	32.162304630000001
41.053199999999997 	32.164238470000001
41.058900000000001 	32.166171759999997
41.064599999999999 	32.168104489999997
41.070300000000003 	32.170036660000001
41.076000000000001 	32.171968280000002
41.081699999999998 	32.173899339999998
41.087400000000002 	32.175829839999999
41.0931 	32.177759790000003
41.098799999999997 	32.179689179999997
41.104500000000002 	32.181618020000002
41.110199999999999 	32.183546300000003
41.115900000000003 	32.185474030000002
41.121600000000001 	32.187401199999996
41.127299999999998 	32.189327820000003
41.133000000000003 	32.191253879999998
41.1387 	32.193179389999997
41.144399999999997 	32.19510434
41.150100000000002 	32.19702874
41.155799999999999 	32.198952579999997
41.161499999999997 	32.200875879999998
41.167200000000001 	32.202798620000003
41.172899999999998 	32.204720799999997
41.178600000000003 	32.206642430000002
41.1843 	32.208563509999998
41.189999999999998 	32.210484039999997
41.195700000000002 	32.21240401
41.2014 	32.214323440000001
41.207099999999997 	32.216242309999998
41.212800000000001 	32.218160619999999
41.218499999999999 	32.220078389999998
41.224200000000003 	32.2219956
41.229900000000001 	32.22391227
41.235599999999998 	32.225828380000003
41.241300000000003 	32.227743940000003
41.247 	32.229658950000001
41.252699999999997 	32.231573410000003
41.258400000000002 	32.233487320000002
41.264099999999999 	32.235400679999998
41.269799999999996 	32.237313489999998
41.275500000000001 	32.239225740000002
41.281199999999998 	32.241137449999997
41.286900000000003 	32.243048610000002
41.2926 	32.244959219999998
41.298299999999998 	32.246869279999999
41.304000000000002 	32.248778799999997
41.309699999999999 	32.250687759999998
41.315399999999997 	32.252596169999997
41.321100000000001 	32.25450404
41.326799999999999 	32.256411360000001
41.332500000000003 	32.258318129999999
41.338200000000001 	32.260224350000001
41.343899999999998 	32.262130020000001
41.349600000000002 	32.264035149999998
41.3553 	32.265939729999999
41.360999999999997 	32.267843759999998
41.366700000000002 	32.269747250000002
41.372399999999999 	32.271650190000003
41.378100000000003 	32.27355258
41.383800000000001 	32.275454430000003
41.389499999999998 	32.277355729999996
41.395200000000003 	32.279256480000001
41.4009 	32.281156690000003
41.406599999999997 	32.283056350000003
41.412300000000002 	32.28495547
41.417999999999999 	32.286854040000001
41.423699999999997 	32.288752070000001
41.429400000000001 	32.290649549999998
41.435099999999998 	32.292546489999999
41.440800000000003 	32.294442879999998
41.4465 	32.296338730000002
41.452199999999998 	32.298234030000003
41.457900000000002 	32.300128790000002
41.4636 	32.302023009999999
41.469299999999997 	32.30391668
41.475000000000001 	32.30580981
41.480699999999999 	32.307702399999997
41.486400000000003 	32.309594439999998
41.492100000000001 	32.311485939999997
41.497799999999998 	32.313376900000002
41.503500000000003 	32.315267310000003
41.5092 	32.317157180000002
41.514899999999997 	32.319046520000001
41.520600000000002 	32.320935300000002
41.526299999999999 	32.322823550000003
41.531999999999996 	32.324711260000001
41.537700000000001 	32.326598420000003
41.543399999999998 	32.328485039999997
41.549100000000003 	32.330371130000003
41.5548 	32.33225667
41.560499999999998 	32.334141670000001
41.566200000000002 	32.33602613
41.571899999999999 	32.337910049999998
41.577599999999997 	32.33979343
41.583300000000001 	32.341676270000001
41.588999999999999 	32.343558569999999
41.594700000000003 	32.345440330000002
41.6004 	32.347321549999997
41.606099999999998 	32.349202230000003
41.611800000000002 	32.35108237
41.6175 	32.352961980000003
41.623199999999997 	32.354841039999997
41.628900000000002 	32.356719570000003
41.634599999999999 	32.35859756
41.640300000000003 	32.360475010000002
41.646000000000001 	32.362351920000002
41.651699999999998 	32.36422829
41.657400000000003 	32.366104129999997
41.6631 	32.367979429999998
41.668799999999997 	32.369854199999999
41.674500000000002 	32.371728419999997
41.680199999999999 	32.37360211
41.685899999999997 	32.375475260000002
41.691600000000001 	32.377347880000002
41.697299999999998 	32.37921996
41.703000000000003 	32.381091499999997
41.7087 	32.382962509999999
41.714399999999998 	32.384832979999999
41.720100000000002 	32.386702919999998
41.7258 	32.388572320000002
41.731499999999997 	32.390441189999997
41.737200000000001 	32.392309519999998
41.742899999999999 	32.394177310000003
41.748600000000003 	32.396044570000001
41.754300000000001 	32.397911299999997
41.759999999999998 	32.399777489999998
41.765700000000002 	32.401643149999998
41.7714 	32.403508279999997
41.777099999999997 	32.405372870000001
41.782800000000002 	32.407236930000003
41.788499999999999 	32.409100449999997
41.794199999999996 	32.410963440000003
41.799900000000001 	32.412825900000001
41.805599999999998 	32.414687829999998
41.811300000000003 	32.41654922
41.817 	32.418410080000001
41.822699999999998 	32.420270410000001
41.828400000000002 	32.422130199999998
41.834099999999999 	32.423989470000002
41.839799999999997 	32.425848199999997
41.845500000000001 	32.427706399999998
41.851199999999999 	32.429564069999998
41.856900000000003 	32.431421210000003
41.8626 	32.43327781
41.868299999999998 	32.435133890000003
41.874000000000002 	32.436989439999998
41.8797 	32.438844449999998
41.885399999999997 	32.440698939999997
41.891100000000002 	32.442552890000002
41.896799999999999 	32.444406319999999
41.902500000000003 	32.446259210000001
41.908200000000001 	32.448111580000003
41.913899999999998 	32.449963410000002
41.919600000000003 	32.451814720000002
41.9253 	32.4536655
41.930999999999997 	32.455515750000004
41.936700000000002 	32.457365469999999
41.942399999999999 	32.459214660000001
41.948099999999997 	32.461063320000001
41.953800000000001 	32.462911460000001
41.959499999999998 	32.464759059999999
41.965200000000003 	32.466606140000003
41.9709 	32.4684527
41.976599999999998 	32.470298720000002
41.982300000000002 	32.472144219999997
41.988 	32.473989189999998
41.993699999999997 	32.475833629999997
41.999400000000001 	32.477677550000003
42.005099999999999 	32.47952094
42.010800000000003 	32.481363799999997
42.016500000000001 	32.48320614
42.022199999999998 	32.485047950000002
42.027900000000002 	32.486889239999996
42.0336 	32.488729999999997
42.039299999999997 	32.490570230000003
42.045000000000002 	32.492409940000002
42.050699999999999 	32.49424913
42.056399999999996 	32.496087789999997
42.062100000000001 	32.49792592
42.067799999999998 	32.499763530000003
42.073500000000003 	32.501600619999998
42.0792 	32.503437179999999
42.084899999999998 	32.505273209999999
42.090600000000002 	32.507108729999999
42.096299999999999 	32.508943719999998
42.101999999999997 	32.510778180000003
42.107700000000001 	32.512612130000001
42.113399999999999 	32.514445549999998
42.119100000000003 	32.516278450000001
42.1248 	32.518110819999997
42.130499999999998 	32.519942669999999
42.136200000000002 	32.521774000000001
42.1419 	32.523604810000002
42.147599999999997 	32.525435090000002
42.153300000000002 	32.527264860000002
42.158999999999999 	32.529094100000002
42.164700000000003 	32.530922820000001
42.170400000000001 	32.532751009999998
42.176099999999998 	32.534578689999996
42.181800000000003 	32.536405850000001
42.1875 	32.538232479999998
42.193199999999997 	32.540058600000002
42.198900000000002 	32.541884189999998
42.204599999999999 	32.543709270000001
42.210299999999997 	32.545533820000003
42.216000000000001 	32.547357849999997
42.221699999999998 	32.549181369999999
42.227400000000003 	32.55100436
42.2331 	32.552826840000002
42.238799999999998 	32.554648790000002
42.244500000000002 	32.556470230000002
42.2502 	32.558291150000002
42.255899999999997 	32.560111550000002
42.261600000000001 	32.561931430000001
42.267299999999999 	32.56375079
42.273000000000003 	32.565569629999999
42.278700000000001 	32.567387959999998
42.284399999999998 	32.569205770000003
42.290100000000002 	32.571023060000002
42.2958 	32.572839829999999
42.301499999999997 	32.574656079999997
42.307200000000002 	32.576471820000002
42.312899999999999 	32.578287039999999
42.318600000000004 	32.580101749999997
42.324300000000001 	32.581915940000002
42.329999999999998 	32.583729609999999
42.335700000000003 	32.585542760000003
42.3414 	32.5873554
42.347099999999998 	32.589167529999997
42.352800000000002 	32.590979130000001
42.358499999999999 	32.592790229999999
42.364199999999997 	32.594600800000002
42.369900000000001 	32.596410859999999
42.375599999999999 	32.598220410000003
42.381300000000003 	32.60002944
42.387 	32.601837959999997
42.392699999999998 	32.603645960000001
42.398400000000002 	32.605453449999999
42.4041 	32.607260420000003
42.409799999999997 	32.60906688
42.415500000000002 	32.610872829999998
42.421199999999999 	32.612678260000003
42.426900000000003 	32.614483180000001
42.432600000000001 	32.616287579999998
42.438299999999998 	32.618091479999997
42.444000000000003 	32.619894860000002
42.4497 	32.62169772
42.455399999999997 	32.623500079999999
42.461100000000002 	32.625301919999998
42.466799999999999 	32.627103249999998
42.472499999999997 	32.628904060000004
42.478200000000001 	32.630704369999997
42.483899999999998 	32.632504160000003
42.489600000000003 	32.634303439999996
42.4953 	32.636102219999998
42.500999999999998 	32.637900469999998
42.506700000000002 	32.63969822
42.5124 	32.641495460000002
42.518099999999997 	32.643292189999997
42.523800000000001 	32.645088399999999
42.529499999999999 	32.646884110000002
42.535200000000003 	32.648679309999999
42.540900000000001 	32.650473990000002
42.546599999999998 	32.652268169999999
42.552300000000002 	32.654061830000003
42.558 	32.655854990000002
42.563699999999997 	32.65764764
42.569400000000002 	32.65943978
42.575099999999999 	32.661231409999999
42.580800000000004 	32.663022529999999
42.586500000000001 	32.66481314
42.592199999999998 	32.666603240000001
42.597900000000003 	32.668392840000003
42.6036 	32.670181919999997
42.609299999999998 	32.6719705
42.615000000000002 	32.673758569999997
42.620699999999999 	32.675546140000002
42.626399999999997 	32.677333189999999
42.632100000000001 	32.679119739999997
42.637799999999999 	32.680905789999997
42.643500000000003 	32.682691320000004
42.6492 	32.684476349999997
42.654899999999998 	32.686260869999998
42.660600000000002 	32.68804489
42.6663 	32.689828400000003
42.671999999999997 	32.691611399999999
42.677700000000002 	32.693393899999997
42.683399999999999 	32.695175890000002
42.689100000000003 	32.69695737
42.694800000000001 	32.69873836
42.700499999999998 	32.70051883
42.706200000000003 	32.702298800000001
42.7119 	32.704078269999997
42.717599999999997 	32.705857229999999
42.723300000000002 	32.707635689999996
42.728999999999999 	32.709413640000001
42.734699999999997 	32.71119109
42.740400000000001 	32.712968029999999
42.746099999999998 	32.714744469999999
42.751800000000003 	32.716520410000001
42.7575 	32.718295840000003
42.763199999999998 	32.72007077
42.768900000000002 	32.721845199999997
42.7746 	32.723619120000002
42.780299999999997 	32.725392540000001
42.786000000000001 	32.727165460000002
42.791699999999999 	32.728937879999997
42.797400000000003 	32.730709789999999
42.803100000000001 	32.732481200000002
42.808799999999998 	32.73425211
42.814500000000002 	32.736022519999999
42.8202 	32.737792429999999
42.825899999999997 	32.73956183
42.831600000000002 	32.741330730000001
42.837299999999999 	32.743099139999998
42.843000000000004 	32.744867040000003
42.848700000000001 	32.746634440000001
42.854399999999998 	32.748401340000001
42.860100000000003 	32.750167740000002
42.8658 	32.751933639999997
42.871499999999997 	32.753699040000001
42.877200000000002 	32.755463939999999
42.882899999999999 	32.757228339999998
42.888599999999997 	32.758992239999998
42.894300000000001 	32.760755639999999
42.899999999999999 	32.762518540000002
42.905700000000003 	32.764280939999999
42.9114 	32.766042849999998
42.917099999999998 	32.767804249999998
42.922800000000002 	32.769565159999999
42.9285 	32.771325570000002
42.934199999999997 	32.773085479999999
42.939900000000002 	32.774844889999997
42.945599999999999 	32.776603799999997
42.951300000000003 	32.778362219999998
42.957000000000001 	32.780120140000001
42.962699999999998 	32.781877559999998
42.968400000000003 	32.783634480000003
42.9741 	32.785390909999997
42.979799999999997 	32.787146839999998
42.985500000000002 	32.788902270000001
42.991199999999999 	32.790657209999999
42.996899999999997 	32.792411649999998
43.002600000000001 	32.794165589999999
43.008299999999998 	32.795919040000001
43.014000000000003 	32.797671999999999
43.0197 	32.799424449999997
43.025399999999998 	32.801176409999997
43.031100000000002 	32.802927879999999
43.036799999999999 	32.804678850000002
43.042499999999997 	32.80642933
43.048200000000001 	32.80817931
43.053899999999999 	32.809928790000001
43.059600000000003 	32.811677789999997
43.065300000000001 	32.813426280000002
43.070999999999998 	32.815174290000002
43.076700000000002 	32.816921800000003
43.0824 	32.818668809999998
43.088099999999997 	32.820415330000003
43.093800000000002 	32.822161360000003
43.099499999999999 	32.823906899999997
43.105200000000004 	32.82565194
43.110900000000001 	32.827396489999998
43.116599999999998 	32.829140539999997
43.122300000000003 	32.83088411
43.128 	32.832627180000003
43.133699999999997 	32.834369760000001
43.139400000000002 	32.836111840000001
43.145099999999999 	32.837853440000004
43.150799999999997 	32.83959454
43.156500000000001 	32.841335149999999
43.162199999999999 	32.84307527
43.167900000000003 	32.844814900000003
43.1736 	32.84655403
43.179299999999998 	32.84829268
43.185000000000002 	32.850030830000001
43.1907 	32.851768499999999
43.196399999999997 	32.853505669999997
43.202100000000002 	32.855242349999997
43.207799999999999 	32.856978550000001
43.213500000000003 	32.858714249999998
43.219200000000001 	32.860449459999998
43.224899999999998 	32.862184190000001
43.230600000000003 	32.863918419999997
43.2363 	32.865652169999997
43.241999999999997 	32.867385419999998
43.247700000000002 	32.869118190000002
43.253399999999999 	32.870850470000001
43.259099999999997 	32.872582260000001
43.264800000000001 	32.874313559999997
43.270499999999998 	32.876044370000002
43.276200000000003 	32.877774690000003
43.2819 	32.879504529999998
43.287599999999998 	32.881233880000003
43.293300000000002 	32.882962740000004
43.298999999999999 	32.884691109999999
43.304699999999997 	32.886418999999997
43.310400000000001 	32.888146390000003
43.316099999999999 	32.889873299999998
43.321800000000003 	32.891599730000003
43.327500000000001 	32.893325670000003
43.333199999999998 	32.895051119999998
43.338900000000002 	32.896776080000002
43.3446 	32.898500560000002
43.350299999999997 	32.900224549999997
43.356000000000002 	32.901948060000002
43.361699999999999 	32.903671080000002
43.367400000000004 	32.905393619999998
43.373100000000001 	32.907115670000003
43.378799999999998 	32.908837230000003
43.384500000000003 	32.910558309999999
43.3902 	32.912278909999998
43.395899999999997 	32.913999019999999
43.401600000000002 	32.915718640000001
43.407299999999999 	32.91743778
43.412999999999997 	32.919156440000002
43.418700000000001 	32.920874609999998
43.424399999999999 	32.922592299999998
43.430100000000003 	32.924309510000001
43.4358 	32.926026229999998
43.441499999999998 	32.927742469999998
43.447200000000002 	32.929458220000001
43.4529 	32.9311735
43.458599999999997 	32.93288828
43.464300000000001 	32.934602589999997
43.469999999999999 	32.936316410000003
43.475700000000003 	32.938029759999999
43.481400000000001 	32.939742610000003
43.487099999999998 	32.941454989999997
43.492800000000003 	32.943166890000001
43.4985 	32.944878299999999
43.504199999999997 	32.946589230000001
43.509900000000002 	32.948299679999998
43.515599999999999 	32.950009649999998
43.521299999999997 	32.951719140000002
43.527000000000001 	32.95342814
43.532699999999998 	32.955136670000002
43.538400000000003 	32.956844719999999
43.5441 	32.958552279999999
43.549799999999998 	32.960259360000002
43.555500000000002 	32.961965970000001
43.561199999999999 	32.963672090000003
43.566899999999997 	32.965377740000001
43.572600000000001 	32.967082900000001
43.578299999999999 	32.968787589999998
43.584000000000003 	32.970491789999997
43.589700000000001 	32.97219552
43.595399999999998 	32.973898769999998
43.601100000000002 	32.97560154
43.6068 	32.977303829999997
43.612499999999997 	32.979005639999997
43.618200000000002 	32.98070697
43.623899999999999 	32.98240783
43.629600000000003 	32.984108200000001
43.635300000000001 	32.9858081
43.640999999999998 	32.987507520000001
43.646700000000003 	32.989206469999999
43.6524 	32.990904929999999
43.658099999999997 	32.992602920000003
43.663800000000002 	32.994300440000004
43.669499999999999 	32.995997469999999
43.675199999999997 	32.997694029999998
43.680900000000001 	32.99939011
43.686599999999999 	33.001085719999999
43.692300000000003 	33.002780850000001
43.698 	33.004475499999998
43.703699999999998 	33.006169679999999
43.709400000000002 	33.007863380000003
43.7151 	33.009556600000003
43.720799999999997 	33.01124935
43.726500000000001 	33.01294163
43.732199999999999 	33.014633430000004
43.737900000000003 	33.016324750000003
43.743600000000001 	33.018015599999998
43.749299999999998 	33.019705979999998
43.755000000000003 	33.02139588
43.7607 	33.023085309999999
43.766399999999997 	33.024774260000001
43.772100000000002 	33.026462739999999
43.777799999999999 	33.028150740000001
43.783499999999997 	33.029838269999999
43.789200000000001 	33.031525330000001
43.794899999999998 	33.033211909999999
43.800600000000003 	33.03489802
43.8063 	33.036583659999998
43.811999999999998 	33.03826883
43.817700000000002 	33.039953519999997
43.823399999999999 	33.041637739999999
43.829099999999997 	33.043321480000003
43.834800000000001 	33.045004759999998
43.840499999999999 	33.046687560000002
43.846200000000003 	33.048369889999996
43.851900000000001 	33.050051750000002
43.857599999999998 	33.051733140000003
43.863300000000002 	33.053414050000001
43.869 	33.055094500000003
43.874699999999997 	33.056774470000001
43.880400000000002 	33.058453970000002
43.886099999999999 	33.060133010000001
43.891800000000003 	33.061811570000003
43.897500000000001 	33.063489660000002
43.903199999999998 	33.065167279999997
43.908900000000003 	33.066844430000003
43.9146 	33.068521109999999
43.920299999999997 	33.070197319999998
43.926000000000002 	33.071873060000001
43.931699999999999 	33.073548330000001
43.937399999999997 	33.075223129999998
43.943100000000001 	33.076897459999998
43.948799999999999 	33.078571320000002
43.954500000000003 	33.080244720000003
43.9602 	33.08191764
43.965899999999998 	33.083590100000002
43.971600000000002 	33.085262090000001
43.9773 	33.086933610000003
43.982999999999997 	33.088604660000001
43.988700000000001 	33.090275239999997
43.994399999999999 	33.091945359999997
44.000100000000003 	33.093615010000001
44.005800000000001 	33.095284190000001
44.011499999999998 	33.096952899999998
44.017200000000003 	33.09862115
44.0229 	33.100288929999998
44.028599999999997 	33.10195624
44.034300000000002 	33.103623089999999
44.039999999999999 	33.105289470000002
44.045699999999997 	33.106955380000002
44.051400000000001 	33.10862083
44.057099999999998 	33.110285810000001
44.062800000000003 	33.111950319999998
44.0685 	33.113614370000001
44.074199999999998 	33.115277949999999
44.079900000000002 	33.116941070000003
44.085599999999999 	33.118603720000003
44.091299999999997 	33.120265910000001
44.097000000000001 	33.121927630000002
44.102699999999999 	33.123588890000001
44.108400000000003 	33.125249689999997
44.114100000000001 	33.126910010000003
44.119799999999998 	33.128569880000001
44.125500000000002 	33.130229280000002
44.1312 	33.13188821
44.136899999999997 	33.133546690000003
44.142600000000002 	33.135204690000002
44.148299999999999 	33.136862239999999
44.154000000000003 	33.13851932
44.159700000000001 	33.140175939999999
44.165399999999998 	33.141832090000001
44.171100000000003 	33.143487790000002
44.1768 	33.145143019999999
44.182499999999997 	33.14679778
44.188200000000002 	33.148452089999999
44.193899999999999 	33.150105930000002
44.199599999999997 	33.151759310000003
44.205300000000001 	33.153412230000001
44.210999999999999 	33.155064680000002
44.216700000000003 	33.156716680000002
44.2224 	33.158368209999999
44.228099999999998 	33.16001928
44.233800000000002 	33.161669889999999
44.2395 	33.163320040000002
44.245199999999997 	33.164969730000003
44.250900000000001 	33.166618960000001
44.256599999999999 	33.168267720000003
44.262300000000003 	33.169916030000003
44.268000000000001 	33.171563880000001
44.273699999999998 	33.173211260000002
44.279400000000003 	33.174858190000002
44.2851 	33.176504659999999
44.290799999999997 	33.17815066
44.296500000000002 	33.179796209999999
44.302199999999999 	33.181441300000003
44.307899999999997 	33.183085929999997
44.313600000000001 	33.184730100000003
44.319299999999998 	33.186373809999999
44.325000000000003 	33.18801706
44.3307 	33.189659849999998
44.336399999999998 	33.191302190000002
44.342100000000002 	33.192944060000002
44.347799999999999 	33.194585480000001
44.353499999999997 	33.196226439999997
44.359200000000001 	33.197866949999998
44.364899999999999 	33.199506990000003
44.370600000000003 	33.20114658
44.376300000000001 	33.202785710000001
44.381999999999998 	33.204424379999999
44.387700000000002 	33.206062600000003
44.3934 	33.207700359999997
44.399099999999997 	33.209337660000003
44.404800000000002 	33.21097451
44.410499999999999 	33.212610900000001
44.416200000000003 	33.21424683
44.421900000000001 	33.215882309999998
44.427599999999998 	33.21751733
44.433300000000003 	33.219151889999999
44.439 	33.220785999999997
44.444699999999997 	33.22241966
44.450400000000002 	33.22405286
44.456099999999999 	33.225685599999998
44.461799999999997 	33.227317890000002
44.467500000000001 	33.228949720000003
44.473199999999999 	33.230581100000002
44.478900000000003 	33.232212029999999
44.4846 	33.233842500000002
44.490299999999998 	33.235472520000002
44.496000000000002 	33.23710208
44.5017 	33.238731190000003
44.507399999999997 	33.240359840000004
44.513100000000001 	33.241988040000003
44.518799999999999 	33.24361579
44.524500000000003 	33.245243080000002
44.530200000000001 	33.246869920000002
44.535899999999998 	33.24849631
44.541600000000003 	33.250122240000003
44.5473 	33.251747729999998
44.552999999999997 	33.253372749999997
44.558700000000002 	33.254997330000002
44.564399999999999 	33.256621459999998
44.570099999999996 	33.258245129999999
44.575800000000001 	33.259868349999998
44.581499999999998 	33.261491120000002
44.587200000000003 	33.263113439999998
44.5929 	33.264735299999998
44.598599999999998 	33.266356719999997
44.604300000000002 	33.267977680000001
44.609999999999999 	33.269598190000004
44.615699999999997 	33.271218249999997
44.621400000000001 	33.272837860000003
44.627099999999999 	33.27445702
44.632800000000003 	33.276075730000002
44.638500000000001 	33.277693990000003
44.644199999999998 	33.279311800000002
44.649900000000002 	33.280929159999999
44.6556 	33.282546070000002
44.661299999999997 	33.284162530000003
44.667000000000002 	33.285778540000003
44.672699999999999 	33.2873941
44.678400000000003 	33.289009210000003
44.684100000000001 	33.290623869999997
44.689799999999998 	33.292238079999997
44.695500000000003 	33.293851850000003
44.7012 	33.295465159999999
44.706899999999997 	33.297078030000002
44.712600000000002 	33.298690450000002
44.718299999999999 	33.300302420000001
44.723999999999997 	33.301913939999999
44.729700000000001 	33.303525020000002
44.735399999999998 	33.305135649999997
44.741100000000003 	33.306745829999997
44.7468 	33.308355560000003
44.752499999999998 	33.309964839999999
44.758200000000002 	33.311573680000002
44.7639 	33.313182070000003
44.769599999999997 	33.314790019999997
44.775300000000001 	33.316397510000002
44.780999999999999 	33.318004569999999
44.786700000000003 	33.319611170000002
44.792400000000001 	33.321217330000003
44.798099999999998 	33.322823040000003
44.803800000000003 	33.324428310000002
44.8095 	33.326033129999999
44.815199999999997 	33.327637500000002
44.820900000000002 	33.329241430000003
44.826599999999999 	33.330844919999997
44.832299999999996 	33.332447960000003
44.838000000000001 	33.334050550000001
44.843699999999998 	33.335652699999997
44.849400000000003 	33.33725441
44.8551 	33.338855670000001
44.860799999999998 	33.34045648
44.866500000000002 	33.342056849999999
44.872199999999999 	33.343656780000003
44.877899999999997 	33.345256259999999
44.883600000000001 	33.346855300000001
44.889299999999999 	33.348453900000003
44.895000000000003 	33.350052050000002
44.900700000000001 	33.351649760000001
44.906399999999998 	33.353247029999999
44.912100000000002 	33.354843850000002
44.9178 	33.356440229999997
44.923499999999997 	33.358036169999998
44.929200000000002 	33.359631659999998
44.934899999999999 	33.361226709999997
44.940600000000003 	33.362821320000002
44.946300000000001 	33.364415489999999
44.951999999999998 	33.366009220000002
44.957700000000003 	33.367602499999997
44.9634 	33.369195339999997
44.969099999999997 	33.370787739999997
44.974800000000002 	33.372379700000003
44.980499999999999 	33.373971220000001
44.986199999999997 	33.375562299999999
44.991900000000001 	33.377152930000001
44.997599999999998 	33.378743129999997
45.003300000000003 	33.380332879999997
45.009 	33.381922189999997
45.014699999999998 	33.383511069999997
45.020400000000002 	33.385099500000003
45.0261 	33.38668749
45.031799999999997 	33.388275049999997
45.037500000000001 	33.38986216
45.043199999999999 	33.391448830000002
45.048900000000003 	33.393035070000003
45.054600000000001 	33.394620860000003
45.060299999999998 	33.396206220000003
45.066000000000003 	33.397791130000002
45.0717 	33.39937561
45.077399999999997 	33.400959649999997
45.083100000000002 	33.402543250000001
45.088799999999999 	33.404126410000003
45.094499999999996 	33.405709139999999
45.100200000000001 	33.40729142
45.105899999999998 	33.408873270000001
45.111600000000003 	33.410454680000001
45.1173 	33.41203565
45.122999999999998 	33.413616179999998
45.128700000000002 	33.415196280000004
45.134399999999999 	33.416775940000001
45.140099999999997 	33.418355159999997
45.145800000000001 	33.419933950000001
45.151499999999999 	33.421512300000003
45.157200000000003 	33.423090209999998
45.1629 	33.424667679999999
45.168599999999998 	33.42624472
45.174300000000002 	33.42782133
45.18 	33.429397489999999
45.185699999999997 	33.430973219999998
45.191400000000002 	33.432548519999997
45.197099999999999 	33.434123380000003
45.202800000000003 	33.4356978
45.208500000000001 	33.437271789999997
45.214199999999998 	33.43884534
45.219900000000003 	33.440418459999997
45.2256 	33.441991139999999
45.231299999999997 	33.443563390000001
45.237000000000002 	33.445135209999997
45.242699999999999 	33.446706589999998
45.248399999999997 	33.448277529999999
45.254100000000001 	33.449848039999999
45.259799999999998 	33.45141812
45.265500000000003 	33.452987759999999
45.2712 	33.454556969999999
45.276899999999998 	33.456125749999998
45.282600000000002 	33.457694089999997
45.2883 	33.459262000000003
45.293999999999997 	33.46082947
45.299700000000001 	33.462396509999998
45.305399999999999 	33.463963120000003
45.311100000000003 	33.4655293
45.316800000000001 	33.467095039999997
45.322499999999998 	33.468660360000001
45.328200000000002 	33.470225239999998
45.3339 	33.471789680000001
45.339599999999997 	33.473353699999997
45.345300000000002 	33.47491728
45.350999999999999 	33.476480430000002
45.356699999999996 	33.478043149999998
45.362400000000001 	33.47960544
45.368099999999998 	33.481167300000003
45.373800000000003 	33.482728729999998
45.3795 	33.48428972
45.385199999999998 	33.485850290000002
45.390900000000002 	33.487410420000003
45.396599999999999 	33.488970119999998
45.402299999999997 	33.4905294
45.408000000000001 	33.492088240000001
45.413699999999999 	33.493646650000002
45.419400000000003 	33.495204630000003
45.4251 	33.496762189999998
45.430799999999998 	33.498319309999999
45.436500000000002 	33.499876
45.4422 	33.501432270000002
45.447899999999997 	33.502988100000003
45.453600000000002 	33.504543509999998
45.459299999999999 	33.506098479999999
45.465000000000003 	33.50765303
45.470700000000001 	33.509207150000002
45.476399999999998 	33.510760840000003
45.482100000000003 	33.512314099999998
45.4878 	33.51386694
45.493499999999997 	33.515419340000001
45.499200000000002 	33.516971320000003
45.504899999999999 	33.518522869999998
45.510599999999997 	33.520074000000001
45.516300000000001 	33.521624690000003
45.521999999999998 	33.523174959999999
45.527700000000003 	33.524724800000001
45.5334 	33.526274209999997
45.539099999999998 	33.5278232
45.544800000000002 	33.529371759999997
45.5505 	33.53091989
45.556199999999997 	33.532467599999997
45.561900000000001 	33.534014880000001
45.567599999999999 	33.535561729999998
45.573300000000003 	33.537108160000002
45.579000000000001 	33.53865416
45.584699999999998 	33.540199739999998
45.590400000000002 	33.541744889999997
45.5961 	33.543289610000002
45.601799999999997 	33.544833910000001
45.607500000000002 	33.54637778
45.613199999999999 	33.54792123
45.618899999999996 	33.549464260000001
45.624600000000001 	33.551006860000001
45.630299999999998 	33.552549030000002
45.636000000000003 	33.554090780000003
45.6417 	33.555632109999998
45.647399999999998 	33.55717301
45.653100000000002 	33.558713490000002
45.658799999999999 	33.560253539999998
45.664499999999997 	33.561793170000001
45.670200000000001 	33.563332379999999
45.675899999999999 	33.564871160000003
45.681600000000003 	33.566409520000001
45.6873 	33.567947449999998
45.692999999999998 	33.569484969999998
45.698700000000002 	33.571022059999997
45.7044 	33.572558720000004
45.710099999999997 	33.574094969999997
45.715800000000002 	33.575630789999998
45.721499999999999 	33.57716619
45.727200000000003 	33.578701170000002
45.732900000000001 	33.580235719999997
45.738599999999998 	33.581769860000001
45.744300000000003 	33.583303569999998
45.75 	33.584836860000003
45.755699999999997 	33.58636972
45.761400000000002 	33.58790217
45.767099999999999 	33.589434199999999
45.772799999999997 	33.590965799999999
45.778500000000001 	33.59249698
45.784199999999998 	33.594027750000002
45.789900000000003 	33.595558089999997
45.7956 	33.59708801
45.801299999999998 	33.598617509999997
45.807000000000002 	33.600146590000001
45.8127 	33.60167525
45.818399999999997 	33.603203489999999
45.824100000000001 	33.604731319999999
45.829799999999999 	33.60625872
45.835500000000003 	33.607785700000001
45.841200000000001 	33.609312260000003
45.846899999999998 	33.610838399999999
45.852600000000002 	33.612364130000003
45.8583 	33.61388943
45.863999999999997 	33.615414319999999
45.869700000000002 	33.616938779999998
45.875399999999999 	33.618462829999999
45.881100000000004 	33.61998646
45.886800000000001 	33.621509680000003
45.892499999999998 	33.623032469999998
45.898200000000003 	33.624554850000003
45.9039 	33.6260768
45.909599999999998 	33.627598339999999
45.915300000000002 	33.629119469999999
45.920999999999999 	33.63064017
45.926699999999997 	33.632160460000001
45.932400000000001 	33.633680329999997
45.938099999999999 	33.635199780000001
45.943800000000003 	33.636718819999999
45.9495 	33.638237439999997
45.955199999999998 	33.639755639999997
45.960900000000002 	33.641273429999998
45.9666 	33.6427908
45.972299999999997 	33.644307759999997
45.978000000000002 	33.645824300000001
45.983699999999999 	33.647340419999999
45.989400000000003 	33.648856119999998
45.995100000000001 	33.650371419999999
46.000799999999998 	33.65188629
46.006500000000003 	33.653400750000003
46.0122 	33.6549148
46.017899999999997 	33.656428429999998
46.023600000000002 	33.657941639999997
46.029299999999999 	33.659454439999998
46.034999999999997 	33.66096683
46.040700000000001 	33.662478800000002
46.046399999999998 	33.66399036
46.052100000000003 	33.665501499999998
46.0578 	33.667012229999997
46.063499999999998 	33.668522539999998
46.069200000000002 	33.67003244
46.0749 	33.671541929999997
46.080599999999997 	33.673051000000001
46.086300000000001 	33.67455966
46.091999999999999 	33.67606791
46.097700000000003 	33.677575740000002
46.103400000000001 	33.679083159999998
46.109099999999998 	33.680590170000002
46.114800000000002 	33.682096770000001
46.1205 	33.683602950000001
46.126199999999997 	33.685108720000002
46.131900000000002 	33.686614079999998
46.137599999999999 	33.688119020000002
46.143300000000004 	33.689623560000001
46.149000000000001 	33.691127680000001
46.154699999999998 	33.692631390000003
46.160400000000003 	33.694134689999998
46.1661 	33.695637570000002
46.171799999999998 	33.697140050000002
46.177500000000002 	33.698642110000002
46.183199999999999 	33.700143769999997
46.188899999999997 	33.70164501
46.194600000000001 	33.703145839999998
46.200299999999999 	33.704646259999997
46.206000000000003 	33.706146269999998
46.2117 	33.70764587
46.217399999999998 	33.709145059999997
46.223100000000002 	33.710643840000003
46.2288 	33.712142210000003
46.234499999999997 	33.713640169999998
46.240200000000002 	33.715137720000001
46.245899999999999 	33.716634859999999
46.251600000000003 	33.7181316
46.257300000000001 	33.719627920000001
46.262999999999998 	33.721123830000003
46.268700000000003 	33.722619340000001
46.2744 	33.72411443
46.280099999999997 	33.725609120000001
46.285800000000002 	33.727103399999997
46.291499999999999 	33.728597270000002
46.297199999999997 	33.730090730000001
46.302900000000001 	33.731583780000001
46.308599999999998 	33.733076420000003
46.314300000000003 	33.734568660000001
46.32 	33.73606049
46.325699999999998 	33.737551910000001
46.331400000000002 	33.739042929999997
46.3371 	33.74053353
46.342799999999997 	33.74202373
46.348500000000001 	33.743513530000001
46.354199999999999 	33.745002909999997
46.359900000000003 	33.746491890000001
46.365600000000001 	33.747980460000001
46.371299999999998 	33.749468630000003
46.377000000000002 	33.750956389999999
46.3827 	33.752443739999997
46.388399999999997 	33.753930689999997
46.394100000000002 	33.755417229999999
46.399799999999999 	33.756903360000003
46.405500000000004 	33.758389090000001
46.411200000000001 	33.759874420000003
46.416899999999998 	33.761359339999998
46.422600000000003 	33.762843850000003
46.4283 	33.764327960000003
46.433999999999997 	33.765811659999997
46.439700000000002 	33.767294960000001
46.445399999999999 	33.768777849999999
46.451099999999997 	33.77026034
46.456800000000001 	33.771742420000002
46.462499999999999 	33.7732241
46.468200000000003 	33.77470538
46.4739 	33.776186250000002
46.479599999999998 	33.777666719999999
46.485300000000002 	33.779146779999998
46.491 	33.780626439999999
46.496699999999997 	33.782105700000002
46.502400000000002 	33.78358455
46.508099999999999 	33.785063000000001
46.513800000000003 	33.786541049999997
46.519500000000001 	33.788018690000001
46.525199999999998 	33.789495930000001
46.530900000000003 	33.790972770000003
46.5366 	33.7924492
46.542299999999997 	33.79392524
46.548000000000002 	33.795400870000002
46.553699999999999 	33.796876099999999
46.559399999999997 	33.798350919999997
46.565100000000001 	33.799825349999999
46.570799999999998 	33.801299370000002
46.576500000000003 	33.802772990000001
46.5822 	33.804246210000002
46.587899999999998 	33.805719029999999
46.593600000000002 	33.807191449999998
46.599299999999999 	33.808663459999998
46.604999999999997 	33.810135080000002
46.610700000000001 	33.81160629
46.616399999999999 	33.813077100000001
46.622100000000003 	33.814547509999997
46.627800000000001 	33.816017530000003
46.633499999999998 	33.817487139999997
46.639200000000002 	33.818956350000001
46.6449 	33.820425159999999
46.650599999999997 	33.82189357
46.656300000000002 	33.823361579999997
46.661999999999999 	33.824829200000003
46.667700000000004 	33.826296409999998
46.673400000000001 	33.827763220000001
46.679099999999998 	33.829229640000001
46.684800000000003 	33.830695650000003
46.6905 	33.83216127
46.696199999999997 	33.83362648
46.701900000000002 	33.835091300000002
46.707599999999999 	33.83655572
46.713299999999997 	33.83801974
46.719000000000001 	33.839483370000004
46.724699999999999 	33.840946590000001
46.730400000000003 	33.842409420000003
46.7361 	33.843871849999999
46.741799999999998 	33.845333879999998
46.747500000000002 	33.84679551
46.7532 	33.848256749999997
46.758899999999997 	33.849717589999997
46.764600000000002 	33.85117803
46.770299999999999 	33.852638069999998
46.776000000000003 	33.854097719999999
46.781700000000001 	33.855556970000002
46.787399999999998 	33.857015820000001
46.793100000000003 	33.858474280000003
46.7988 	33.85993234
46.804499999999997 	33.861390010000001
46.810200000000002 	33.862847270000003
46.815899999999999 	33.864304150000002
46.821599999999997 	33.865760620000003
46.827300000000001 	33.8672167
46.832999999999998 	33.86867239
46.838700000000003 	33.870127680000003
46.8444 	33.871582570000001
46.850099999999998 	33.873037070000002
46.855800000000002 	33.874491169999999
46.861499999999999 	33.875944879999999
46.867199999999997 	33.877398190000001
46.872900000000001 	33.878851109999999
46.878599999999999 	33.880303640000001
46.884300000000003 	33.881755769999998
46.890000000000001 	33.883207499999997
46.895699999999998 	33.88465884
46.901400000000002 	33.886109789999999
46.9071 	33.88756034
46.912799999999997 	33.889010499999998
46.918500000000002 	33.890460269999998
46.924199999999999 	33.891909640000002
46.929900000000004 	33.893358620000001
46.935600000000001 	33.894807200000002
46.941299999999998 	33.896255400000001
46.947000000000003 	33.897703190000001
46.9527 	33.899150599999999
46.958399999999997 	33.900597609999998
46.964100000000002 	33.902044240000002
46.969799999999999 	33.90349046
46.975499999999997 	33.904936300000003
46.981200000000001 	33.90638174
46.986899999999999 	33.907826800000002
46.992600000000003 	33.909271459999999
46.9983 	33.910715719999999
47.003999999999998 	33.912159600000003
47.009700000000002 	33.913603080000001
47.0154 	33.915046179999997
47.021099999999997 	33.916488880000003
47.026800000000001 	33.917931189999997
47.032499999999999 	33.919373110000002
47.038200000000003 	33.920814640000003
47.043900000000001 	33.92225578
47.049599999999998 	33.92369652
47.055300000000003 	33.925136879999997
47.061 	33.926576849999996
47.066699999999997 	33.928016419999999
47.072400000000002 	33.929455609999998
47.078099999999999 	33.9308944
47.083799999999997 	33.932332809999998
47.089500000000001 	33.933770819999999
47.095199999999998 	33.935208449999998
47.100900000000003 	33.936645689999999
47.1066 	33.938082540000003
47.112299999999998 	33.939518990000003
47.118000000000002 	33.94095506
47.123699999999999 	33.94239074
47.129399999999997 	33.943826039999998
47.135100000000001 	33.945260939999997
47.140799999999999 	33.94669545
47.146500000000003 	33.94812958
47.152200000000001 	33.949563320000003
47.157899999999998 	33.950996660000001
47.163600000000002 	33.952429629999997
47.1693 	33.953862200000003
47.174999999999997 	33.955294379999998
47.180700000000002 	33.956726179999997
47.186399999999999 	33.958157589999999
47.192100000000003 	33.959588609999997
47.197800000000001 	33.96101925
47.203499999999998 	33.962449499999998
47.209200000000003 	33.96387936
47.2149 	33.965308829999998
47.220599999999997 	33.96673792
47.226300000000002 	33.968166619999998
47.231999999999999 	33.96959494
47.237699999999997 	33.971022859999998
47.243400000000001 	33.97245041
47.249099999999999 	33.973877559999998
47.254800000000003 	33.97530433
47.2605 	33.976730719999999
47.266199999999998 	33.97815671
47.271900000000002 	33.97958233
47.2776 	33.981007550000001
47.283299999999997 	33.98243239
47.289000000000001 	33.983856850000002
47.294699999999999 	33.985280920000001
47.300400000000003 	33.986704609999997
47.306100000000001 	33.988127910000003
47.311799999999998 	33.989550829999999
47.317500000000003 	33.990973359999998
47.3232 	33.992395510000001
47.328899999999997 	33.993817270000001
47.334600000000002 	33.995238649999997
47.340299999999999 	33.996659639999997
47.345999999999997 	33.998080250000001
47.351700000000001 	33.999500480000002
47.357399999999998 	34.000920319999999
47.363100000000003 	34.00233978
47.3688 	34.003758859999998
47.374499999999998 	34.005177549999999
47.380200000000002 	34.006595859999997
47.385899999999999 	34.00801379
47.391599999999997 	34.009431339999999
47.397300000000001 	34.010848500000002
47.402999999999999 	34.012265280000001
47.408700000000003 	34.013681669999997
47.414400000000001 	34.015097679999997
47.420099999999998 	34.016513320000001
47.425800000000002 	34.017928570000002
47.4315 	34.019343429999999
47.437199999999997 	34.020757920000001
47.442900000000002 	34.022172019999999
47.448599999999999 	34.023585740000001
47.454300000000003 	34.024999080000001
47.460000000000001 	34.026412039999997
47.465699999999998 	34.027824619999997
47.471400000000003 	34.029236820000001
47.4771 	34.030648630000002
47.482799999999997 	34.03206007
47.488500000000002 	34.033471120000002
47.494199999999999 	34.03488179
47.499899999999997 	34.036292090000003
47.505600000000001 	34.037702000000003
47.511299999999999 	34.03911153
47.517000000000003 	34.04052068
47.5227 	34.041929449999998
47.528399999999998 	34.04333785
47.534100000000002 	34.044745859999999
47.5398 	34.046153490000002
47.545499999999997 	34.047560740000002
47.551200000000001 	34.048967619999999
47.556899999999999 	34.05037411
47.562600000000003 	34.051780229999999
47.568300000000001 	34.05318596
47.573999999999998 	34.05459132
47.579700000000003 	34.055996299999997
47.5854 	34.057400899999998
47.591099999999997 	34.058805120000002
47.596800000000002 	34.060208959999997
47.602499999999999 	34.061612429999997
47.608199999999997 	34.06301552
47.613900000000001 	34.064418230000001
47.619599999999998 	34.065820559999999
47.625300000000003 	34.067222510000001
47.631 	34.06862409
47.636699999999998 	34.070025280000003
47.642400000000002 	34.071426099999996
47.648099999999999 	34.072826550000002
47.653799999999997 	34.074226619999997
47.659500000000001 	34.075626300000003
47.665199999999999 	34.077025620000001
47.670900000000003 	34.078424550000001
47.676600000000001 	34.07982311
47.682299999999998 	34.081221300000003
47.688000000000002 	34.082619100000002
47.6937 	34.08401653
47.699399999999997 	34.085413590000002
47.705100000000002 	34.086810270000001
47.710799999999999 	34.088206569999997
47.716500000000003 	34.089602489999997
47.722200000000001 	34.090998050000003
47.727899999999998 	34.092393219999998
47.733600000000003 	34.093788019999998
47.7393 	34.095182450000003
47.744999999999997 	34.096576499999998
47.750700000000002 	34.097970170000004
47.756399999999999 	34.09936347
47.762099999999997 	34.100756400000002
47.767800000000001 	34.10214895
47.773499999999999 	34.103541120000003
47.779200000000003 	34.104932929999997
47.7849 	34.106324350000001
47.790599999999998 	34.107715409999997
47.796300000000002 	34.109106089999997
47.802 	34.110496390000002
47.807699999999997 	34.111886320000004
47.813400000000001 	34.113275880000003
47.819099999999999 	34.114665070000001
47.824800000000003 	34.116053880000003
47.830500000000001 	34.117442320000002
47.836199999999998 	34.118830379999999
47.841900000000003 	34.12021807
47.8476 	34.121605389999999
47.853299999999997 	34.122992340000003
47.859000000000002 	34.124378909999997
47.864699999999999 	34.125765119999997
47.870399999999997 	34.127150950000001
47.876100000000001 	34.128536400000002
47.881799999999998 	34.129921490000001
47.887500000000003 	34.131306199999997
47.8932 	34.132690539999999
47.898899999999998 	34.134074509999998
47.904600000000002 	34.135458110000002
47.910299999999999 	34.136841330000003
47.915999999999997 	34.138224190000003
47.921700000000001 	34.139606669999999
47.927399999999999 	34.140988780000001
47.933100000000003 	34.14237052
47.938800000000001 	34.143751899999998
47.944499999999998 	34.145132889999999
47.950200000000002 	34.146513519999999
47.9559 	34.147893779999997
47.961599999999997 	34.149273669999999
47.967300000000002 	34.15065319
47.972999999999999 	34.152032339999998
47.978700000000003 	34.15341111
47.984400000000001 	34.154789520000001
47.990099999999998 	34.15616756
47.995800000000003 	34.157545229999997
48.0015 	34.158922529999998
48.007199999999997 	34.160299449999997
48.012900000000002 	34.161676010000001
48.018599999999999 	34.163052209999996
48.024299999999997 	34.164428030000003
48.030000000000001 	34.165803480000001
48.035699999999999 	34.167178560000004
48.041400000000003 	34.168553279999998
48.0471 	34.169927629999997
48.052799999999998 	34.1713016
48.058500000000002 	34.172675210000001
48.0642 	34.174048460000002
48.069899999999997 	34.175421329999999
48.075600000000001 	34.176793840000002
48.081299999999999 	34.178165970000002
48.087000000000003 	34.179537750000001
48.092700000000001 	34.180909149999998
48.098399999999998 	34.182280179999999
48.104100000000003 	34.183650849999999
48.1098 	34.185021149999997
48.115499999999997 	34.186391090000001
48.121200000000002 	34.187760650000001
48.126899999999999 	34.18912985
48.132599999999996 	34.190498689999998
48.138300000000001 	34.19186715
48.143999999999998 	34.193235250000001
48.149700000000003 	34.19460299
48.1554 	34.195970350000003
48.161099999999998 	34.197337349999998
48.166800000000002 	34.198703989999998
48.172499999999999 	34.200070259999997
48.178199999999997 	34.20143616
48.183900000000001 	34.202801700000002
48.189599999999999 	34.204166870000002
48.195300000000003 	34.20553168
48.201000000000001 	34.206896120000003
48.206699999999998 	34.208260199999998
48.212400000000002 	34.209623909999998
48.2181 	34.210987260000003
48.223799999999997 	34.212350239999999
48.229500000000002 	34.213712860000001
48.235199999999999 	34.215075110000001
48.240900000000003 	34.216436999999999
48.246600000000001 	34.217798520000002
48.252299999999998 	34.219159679999997
48.258000000000003 	34.220520479999998
48.2637 	34.221880910000003
48.269399999999997 	34.22324098
48.275100000000002 	34.224600680000002
48.280799999999999 	34.225960030000003
48.286499999999997 	34.227319000000001
48.292200000000001 	34.228677619999999
48.297899999999998 	34.230035870000002
48.303600000000003 	34.231393760000003
48.3093 	34.232751280000002
48.314999999999998 	34.23410844
48.320700000000002 	34.235465240000003
48.3264 	34.236821679999998
48.332099999999997 	34.238177749999998
48.337800000000001 	34.239533459999997
48.343499999999999 	34.240888810000001
48.349200000000003 	34.242243799999997
48.354900000000001 	34.243598429999999
48.360599999999998 	34.244952689999998
48.366300000000003 	34.246306590000003
48.372 	34.24766013
48.377699999999997 	34.249013310000002
48.383400000000002 	34.250366130000003
48.389099999999999 	34.251718580000002
48.394799999999996 	34.25307068
48.400500000000001 	34.254422409999997
48.406199999999998 	34.255773779999998
48.411900000000003 	34.2571248
48.4176 	34.258475449999999
48.423299999999998 	34.259825739999997
48.429000000000002 	34.26117567
48.434699999999999 	34.262525240000002
48.440399999999997 	34.263874450000003
48.446100000000001 	34.265223300000002
48.451799999999999 	34.26657179
48.457500000000003 	34.267919919999997
48.463200000000001 	34.26926769
48.468899999999998 	34.270615100000001
48.474600000000002 	34.27196215
48.4803 	34.273308839999999
48.485999999999997 	34.274655170000003
48.491700000000002 	34.276001139999998
48.497399999999999 	34.27734676
48.503100000000003 	34.27869201
48.508800000000001 	34.28003691
48.514499999999998 	34.281381449999998
48.520200000000003 	34.282725630000002
48.5259 	34.284069449999997
48.531599999999997 	34.285412909999998
48.537300000000002 	34.286756009999998
48.542999999999999 	34.288098759999997
48.548699999999997 	34.289441150000002
48.554400000000001 	34.290783179999998
48.560099999999998 	34.29212485
48.565800000000003 	34.293466160000001
48.5715 	34.294807120000002
48.577199999999998 	34.29614772
48.582900000000002 	34.297487969999999
48.5886 	34.298827850000002
48.594299999999997 	34.300167379999998
48.600000000000001 	34.301506549999999
48.605699999999999 	34.30284537
48.611400000000003 	34.304183819999999
48.617100000000001 	34.305521929999998
48.622799999999998 	34.306859670000001
48.628500000000003 	34.308197059999998
48.6342 	34.30953409
48.639899999999997 	34.310870770000001
48.645600000000002 	34.312207090000001
48.651299999999999 	34.313543060000001
48.656999999999996 	34.314878669999999
48.662700000000001 	34.316213920000003
48.668399999999998 	34.317548819999999
48.674100000000003 	34.318883360000001
48.6798 	34.320217550000002
48.685499999999998 	34.321551380000002
48.691200000000002 	34.322884860000002
48.696899999999999 	34.32421798
48.702599999999997 	34.325550749999998
48.708300000000001 	34.326883160000001
48.713999999999999 	34.328215219999997
48.719700000000003 	34.329546929999999
48.7254 	34.33087828
48.731099999999998 	34.33220927
48.736800000000002 	34.333539909999999
48.7425 	34.334870199999997
48.748199999999997 	34.336200130000002
48.753900000000002 	34.337529709999998
48.759599999999999 	34.338858940000001
48.765300000000003 	34.340187810000003
48.771000000000001 	34.341516329999997
48.776699999999998 	34.342844499999998
48.782400000000003 	34.344172309999998
48.7881 	34.345499770000004
48.793799999999997 	34.346826880000002
48.799500000000002 	34.34815364
48.805199999999999 	34.349480040000003
48.810899999999997 	34.350806089999999
48.816600000000001 	34.352131780000001
48.822299999999998 	34.353457130000002
48.828000000000003 	34.354782120000003
48.8337 	34.356106760000003
48.839399999999998 	34.357431050000002
48.845100000000002 	34.358754990000001
48.8508 	34.360078569999999
48.856499999999997 	34.361401809999997
48.862200000000001 	34.36272469
48.867899999999999 	34.364047220000003
48.873600000000003 	34.365369399999999
48.879300000000001 	34.36669122
48.884999999999998 	34.368012700000001
48.890700000000002 	34.369333830000002
48.8964 	34.370654600000002
48.902099999999997 	34.371975030000002
48.907800000000002 	34.3732951
48.913499999999999 	34.374614819999998
48.919199999999996 	34.375934200000003
48.924900000000001 	34.37725322
48.930599999999998 	34.378571890000003
48.936300000000003 	34.379890209999999
48.942 	34.381208190000002
48.947699999999998 	34.382525809999997
48.953400000000002 	34.383843079999998
48.959099999999999 	34.38516001
48.964799999999997 	34.38647658
48.970500000000001 	34.387792810000001
48.976199999999999 	34.38910868
48.981900000000003 	34.390424209999999
48.9876 	34.391739389999998
48.993299999999998 	34.393054220000003
48.999000000000002 	34.394368700000001
49.0047 	34.395682829999998
49.010399999999997 	34.396996610000002
49.016100000000002 	34.398310049999999
49.021799999999999 	34.399623130000002
49.027500000000003 	34.400935869999998
49.033200000000001 	34.40224826
49.038899999999998 	34.403560300000002
49.044600000000003 	34.404871999999997
49.0503 	34.406183349999999
49.055999999999997 	34.40749434
49.061700000000002 	34.408805000000001
49.067399999999999 	34.410115300000001
49.073099999999997 	34.411425260000001
49.078800000000001 	34.412734870000001
49.084499999999998 	34.414044130000001
49.090200000000003 	34.41535305
49.0959 	34.416661619999999
49.101599999999998 	34.417969839999998
49.107300000000002 	34.419277719999997
49.113 	34.420585250000002
49.118699999999997 	34.42189243
49.124400000000001 	34.423199269999998
49.130099999999999 	34.424505760000002
49.135800000000003 	34.425811899999999
49.141500000000001 	34.427117699999997
49.147199999999998 	34.428423160000001
49.152900000000002 	34.429728259999997
49.1586 	34.431033030000002
49.164299999999997 	34.432337439999998
49.170000000000002 	34.433641510000001
49.175699999999999 	34.434945239999998
49.181399999999996 	34.436248620000001
49.187100000000001 	34.437551659999997
49.192799999999998 	34.43885435
49.198500000000003 	34.440156700000003
49.2042 	34.441458699999998
49.209899999999998 	34.442760360000001
49.215600000000002 	34.444061670000004
49.221299999999999 	34.445362639999999
49.226999999999997 	34.446663270000002
49.232700000000001 	34.447963549999997
49.238399999999999 	34.449263479999999
49.244100000000003 	34.450563080000002
49.2498 	34.451862329999997
49.255499999999998 	34.453161229999999
49.261200000000002 	34.454459790000001
49.2669 	34.455758009999997
49.272599999999997 	34.457055889999999
49.278300000000002 	34.458353420000002
49.283999999999999 	34.459650609999997
49.289700000000003 	34.46094746
49.295400000000001 	34.462243960000002
49.301099999999998 	34.463540119999998
49.306800000000003 	34.46483594
49.3125 	34.466131420000004
49.318199999999997 	34.467426549999999
49.323900000000002 	34.468721340000002
49.329599999999999 	34.470015789999998
49.335299999999997 	34.471309900000001
49.341000000000001 	34.472603669999998
49.346699999999998 	34.473897090000001
49.352400000000003 	34.475190169999998
49.3581 	34.476482910000001
49.363799999999998 	34.477775309999998
49.369500000000002 	34.479067370000003
49.3752 	34.48035909
49.380899999999997 	34.481650459999997
49.386600000000001 	34.482941500000003
49.392299999999999 	34.48423219
49.398000000000003 	34.485522539999998
49.403700000000001 	34.486812550000003
49.409399999999998 	34.488102230000003
49.415100000000002 	34.489391560000001
49.4208 	34.49068055
49.426499999999997 	34.4919692
49.432200000000002 	34.493257509999999
49.437899999999999 	34.494545479999999
49.443600000000004 	34.49583311
49.449300000000001 	34.4971204
49.454999999999998 	34.498407350000001
49.460700000000003 	34.499693960000002
49.4664 	34.500980239999997
49.472099999999998 	34.502266169999999
49.477800000000002 	34.503551760000001
49.483499999999999 	34.504837019999997
49.489199999999997 	34.506121929999999
49.494900000000001 	34.507406510000003
49.500599999999999 	34.50869075
49.506300000000003 	34.509974649999997
49.512 	34.511258210000001
49.517699999999998 	34.512541429999999
49.523400000000002 	34.513824309999997
49.5291 	34.515106860000003
49.534799999999997 	34.516389070000002
49.540500000000002 	34.517670940000002
49.546199999999999 	34.518952470000002
49.551900000000003 	34.520233660000002
49.557600000000001 	34.521514519999997
49.563299999999998 	34.522795039999998
49.569000000000003 	34.52407522
49.5747 	34.525355060000003
49.580399999999997 	34.526634569999999
49.586100000000002 	34.527913740000002
49.591799999999999 	34.529192569999999
49.597499999999997 	34.530471069999997
49.603200000000001 	34.531749230000003
49.608899999999998 	34.533027050000001
49.614600000000003 	34.534304540000001
49.6203 	34.535581690000001
49.625999999999998 	34.536858500000001
49.631700000000002 	34.538134980000002
49.6374 	34.539411119999997
49.643099999999997 	34.540686919999999
49.648800000000001 	34.541962390000002
49.654499999999999 	34.543237519999998
49.660200000000003 	34.544512320000003
49.665900000000001 	34.54578678
49.671599999999998 	34.547060909999999
49.677300000000002 	34.548334699999998
49.683 	34.549608159999998
49.688699999999997 	34.550881279999999
49.694400000000002 	34.55215407
49.700099999999999 	34.553426520000002
49.705800000000004 	34.554698629999997
49.711500000000001 	34.555970420000001
49.717199999999998 	34.557241859999998
49.722900000000003 	34.558512970000002
49.7286 	34.559783750000001
49.734299999999998 	34.561054200000001
49.740000000000002 	34.562324310000001
49.745699999999999 	34.563594080000001
49.751399999999997 	34.564863529999997
49.757100000000001 	34.566132629999998
49.762799999999999 	34.567401410000002
49.768500000000003 	34.568669849999999
49.7742 	34.569937959999997
49.779899999999998 	34.571205730000003
49.785600000000002 	34.572473170000002
49.7913 	34.573740280000003
49.796999999999997 	34.575007059999997
49.802700000000002 	34.576273499999999
49.808399999999999 	34.577539610000002
49.814100000000003 	34.578805379999999
49.819800000000001 	34.580070829999997
49.825499999999998 	34.581335940000002
49.831200000000003 	34.582600720000002
49.8369 	34.583865160000002
49.842599999999997 	34.585129279999997
49.848300000000002 	34.586393059999999
49.853999999999999 	34.587656510000002
49.859699999999997 	34.588919629999999
49.865400000000001 	34.590182419999998
49.871099999999998 	34.591444869999997
49.876800000000003 	34.592706999999997
49.8825 	34.593968789999998
49.888199999999998 	34.59523025
49.893900000000002 	34.596491380000003
49.8996 	34.597752180000001
49.905299999999997 	34.599012649999999
49.911000000000001 	34.600272789999998
49.916699999999999 	34.601532589999998
49.922400000000003 	34.60279207
49.928100000000001 	34.604051220000002
49.933799999999998 	34.605310029999998
49.939500000000002 	34.606568520000003
49.9452 	34.607826670000001
49.950899999999997 	34.609084490000001
49.956600000000002 	34.610341990000002
49.962299999999999 	34.611599150000004
49.968000000000004 	34.61285599
49.973700000000001 	34.614112489999997
49.979399999999998 	34.615368670000002
49.985100000000003 	34.616624520000002
49.9908 	34.617880030000002
49.996499999999997 	34.619135219999997
50.002200000000002 	34.62039008
50.007899999999999 	34.621644609999997
50.013599999999997 	34.622898810000002
50.019300000000001 	34.624152680000002
50.024999999999999 	34.625406220000002
50.030700000000003 	34.626659439999997
50.0364 	34.627912330000001
50.042099999999998 	34.629164879999998
50.047800000000002 	34.630417110000003
50.0535 	34.631669010000003
50.059199999999997 	34.632920589999998
50.064900000000002 	34.63417183
50.070599999999999 	34.635422749999996
50.076300000000003 	34.636673340000002
50.082000000000001 	34.637923600000001
50.087699999999998 	34.639173540000002
50.093400000000003 	34.640423149999997
50.0991 	34.64167243
50.104799999999997 	34.642921379999997
50.110500000000002 	34.644170010000003
50.116199999999999 	34.645418300000003
50.121899999999997 	34.646666279999998
50.127600000000001 	34.647913920000001
50.133299999999998 	34.649161239999998
50.139000000000003 	34.650408229999996
50.1447 	34.651654899999997
50.150399999999998 	34.652901239999998
50.156100000000002 	34.654147250000001
50.161799999999999 	34.655392939999999
50.167499999999997 	34.656638299999997
50.173200000000001 	34.657883339999998
50.178899999999999 	34.65912805
50.184600000000003 	34.660372430000002
50.190300000000001 	34.66161649
50.195999999999998 	34.662860219999999
50.201700000000002 	34.66410363
50.2074 	34.665346710000001
50.213099999999997 	34.666589469999998
50.218800000000002 	34.667831900000003
50.224499999999999 	34.669074010000003
50.230200000000004 	34.670315789999997
50.235900000000001 	34.671557249999999
50.241599999999998 	34.672798380000003
50.247300000000003 	34.674039190000002
50.253 	34.675279670000002
50.258699999999997 	34.676519829999997
50.264400000000002 	34.67775967
50.270099999999999 	34.678999179999998
50.275799999999997 	34.680238369999998
50.281500000000001 	34.681477229999999
50.287199999999999 	34.682715770000001
50.292900000000003 	34.683953989999999
50.2986 	34.685191879999998
50.304299999999998 	34.686429449999999
50.310000000000002 	34.68766669
50.3157 	34.688903619999998
50.321399999999997 	34.690140220000004
50.327100000000002 	34.691376490000003
50.332799999999999 	34.692612449999999
50.338500000000003 	34.693848080000002
50.344200000000001 	34.69508338
50.349899999999998 	34.69631837
50.355600000000003 	34.697553030000002
50.3613 	34.698787369999998
50.366999999999997 	34.700021390000003
50.372700000000002 	34.701255089999997
50.378399999999999 	34.702488459999998
50.384099999999997 	34.703721510000001
50.389800000000001 	34.704954239999999
50.395499999999998 	34.706186649999999
50.401200000000003 	34.707418740000001
50.4069 	34.708650499999997
50.412599999999998 	34.709881950000003
50.418300000000002 	34.711113070000003
50.423999999999999 	34.712343869999998
50.429699999999997 	34.713574350000002
50.435400000000001 	34.71480451
50.441099999999999 	34.716034350000001
50.446800000000003 	34.717263869999996
50.452500000000001 	34.71849306
50.458199999999998 	34.719721939999999
50.463900000000002 	34.72095049
50.4696 	34.722178730000003
50.475299999999997 	34.72340664
50.481000000000002 	34.72463424
50.486699999999999 	34.725861510000001
50.492400000000004 	34.727088469999998
50.498100000000001 	34.728315100000003
50.503799999999998 	34.729541419999997
50.509500000000003 	34.730767409999999
50.5152 	34.731993090000003
50.520899999999997 	34.733218450000003
50.526600000000002 	34.734443480000003
50.532299999999999 	34.735668199999999
50.537999999999997 	34.736892599999997
50.543700000000001 	34.738116679999997
50.549399999999999 	34.739340439999999
50.555100000000003 	34.740563880000003
50.5608 	34.741787000000002
50.566499999999998 	34.743009809999997
50.572200000000002 	34.744232289999999
50.5779 	34.745454459999998
50.583599999999997 	34.746676309999998
50.589300000000001 	34.74789784
50.594999999999999 	34.749119049999997
50.600700000000003 	34.750339949999997
50.606400000000001 	34.751560529999999
50.612099999999998 	34.752780790000003
50.617800000000003 	34.754000730000001
50.6235 	34.755220350000002
50.629199999999997 	34.756439659999998
50.634900000000002 	34.757658650000003
50.640599999999999 	34.758877320000003
50.646299999999997 	34.760095669999998
50.652000000000001 	34.761313710000003
50.657699999999998 	34.762531430000003
50.663400000000003 	34.763748839999998
50.6691 	34.764965920000002
50.674799999999998 	34.766182690000001
50.680500000000002 	34.767399150000003
50.686199999999999 	34.768615279999999
50.691899999999997 	34.769831109999998
50.697600000000001 	34.771046609999999
50.703299999999999 	34.772261800000003
50.709000000000003 	34.773476670000001
50.714700000000001 	34.774691230000002
50.720399999999998 	34.775905469999998
50.726100000000002 	34.777119399999997
50.7318 	34.778333000000003
50.737499999999997 	34.7795463
50.743200000000002 	34.780759279999998
50.748899999999999 	34.781971939999998
50.754600000000003 	34.783184290000001
50.760300000000001 	34.784396319999999
50.765999999999998 	34.78560804
50.771700000000003 	34.786819440000002
50.7774 	34.78803053
50.783099999999997 	34.789241310000001
50.788800000000002 	34.790451760000003
50.794499999999999 	34.791661910000002
50.800199999999997 	34.792871740000002
50.805900000000001 	34.794081259999999
50.811599999999999 	34.795290459999997
50.817300000000003 	34.796499339999997
50.823 	34.797707920000001
50.828699999999998 	34.798916179999999
50.834400000000002 	34.80012412
50.8401 	34.801331759999997
50.845799999999997 	34.802539080000003
50.851500000000001 	34.803746080000003
50.857199999999999 	34.80495277
50.862900000000003 	34.806159149999999
50.868600000000001 	34.807365220000001
50.874299999999998 	34.808570969999998
50.880000000000003 	34.809776409999998
50.8857 	34.81098154
50.891399999999997 	34.812186349999998
50.897100000000002 	34.813390849999998
50.902799999999999 	34.81459504
50.908499999999997 	34.815798919999999
50.914200000000001 	34.817002479999999
50.919899999999998 	34.818205730000003
50.925600000000003 	34.819408670000001
50.9313 	34.820611300000003
50.936999999999998 	34.82181362
50.942700000000002 	34.82301562
50.948399999999999 	34.824217310000002
50.954099999999997 	34.825418689999999
50.959800000000001 	34.82661976
50.965499999999999 	34.827820520000003
50.971200000000003 	34.829020970000002
50.976900000000001 	34.830221100000003
50.982599999999998 	34.831420919999999
50.988300000000002 	34.832620439999999
50.994 	34.833819640000002
50.999699999999997 	34.835018529999999
51.005400000000002 	34.83621711
51.011099999999999 	34.837415380000003
51.016800000000003 	34.838613340000002
51.022500000000001 	34.839810989999997
51.028199999999998 	34.841008330000001
51.033900000000003 	34.842205360000001
51.0396 	34.843402070000003
51.045299999999997 	34.844598480000002
51.051000000000002 	34.845794580000003
51.056699999999999 	34.84699037
51.062399999999997 	34.84818585
51.068100000000001 	34.849381020000003
51.073799999999999 	34.850575880000001
51.079500000000003 	34.851770430000002
51.0852 	34.852964669999999
51.090899999999998 	34.854158599999998
51.096600000000002 	34.85535222
51.1023 	34.856545539999999
51.107999999999997 	34.85773854
51.113700000000001 	34.858931239999997
51.119399999999999 	34.860123620000003
51.125100000000003 	34.861315699999999
51.130800000000001 	34.862507469999997
51.136499999999998 	34.863698929999998
51.142200000000003 	34.864890090000003
51.1479 	34.866080930000003
51.153599999999997 	34.867271469999999
51.159300000000002 	34.868461699999997
51.164999999999999 	34.869651619999999
51.170699999999997 	34.870841230000003
51.176400000000001 	34.872030539999997
51.182099999999998 	34.873219540000001
51.187800000000003 	34.87440823
51.1935 	34.875596610000002
51.199199999999998 	34.876784690000001
51.204900000000002 	34.877972460000002
51.210599999999999 	34.879159919999999
51.216299999999997 	34.880347069999999
51.222000000000001 	34.881533920000003
51.227699999999999 	34.882720460000002
51.233400000000003 	34.883906699999997
51.239100000000001 	34.885092620000002
51.244799999999998 	34.886278240000003
51.250500000000002 	34.88746356
51.2562 	34.888648570000001
51.261899999999997 	34.889833269999997
51.267600000000002 	34.891017669999997
51.273299999999999 	34.892201759999999
51.279000000000003 	34.893385539999997
51.284700000000001 	34.894569019999999
51.290399999999998 	34.895752190000003
51.296100000000003 	34.896935059999997
51.3018 	34.898117620000001
51.307499999999997 	34.899299880000001
51.313200000000002 	34.900481829999997
51.318899999999999 	34.901663470000003
51.324599999999997 	34.902844809999998
51.330300000000001 	34.904025849999996
51.335999999999999 	34.905206579999998
51.341700000000003 	34.906387010000003
51.3474 	34.907567129999997
51.353099999999998 	34.90874694
51.358800000000002 	34.909926460000001
51.3645 	34.911105659999997
51.370199999999997 	34.912284569999997
51.375900000000001 	34.913463159999999
51.381599999999999 	34.914641459999999
51.387300000000003 	34.915819450000001
51.393000000000001 	34.916997139999999
51.398699999999998 	34.918174520000001
51.404400000000003 	34.919351599999999
51.4101 	34.92052838
51.415799999999997 	34.921704849999998
51.421500000000002 	34.922881019999998
51.427199999999999 	34.924056880000002
51.432899999999997 	34.925232440000002
51.438600000000001 	34.926407699999999
51.444299999999998 	34.927582659999999
51.450000000000003 	34.928757310000002
51.4557 	34.929931660000001
51.461399999999998 	34.931105709999997
51.467100000000002 	34.932279459999997
51.472799999999999 	34.933452899999999
51.478499999999997 	34.934626039999998
51.484200000000001 	34.93579888
51.489899999999999 	34.936971409999998
51.495600000000003 	34.93814364
51.501300000000001 	34.939315579999999
51.506999999999998 	34.940487210000001
51.512700000000002 	34.941658529999998
51.5184 	34.94282956
51.524099999999997 	34.944000279999997
51.529800000000002 	34.945170699999998
51.535499999999999 	34.946340829999997
51.541200000000003 	34.947510639999997
51.546900000000001 	34.948680160000002
51.552599999999998 	34.949849380000003
51.558300000000003 	34.951018300000001
51.564 	34.952186910000002
51.569699999999997 	34.953355219999999
51.575400000000002 	34.95452324
51.581099999999999 	34.955690949999997
51.586799999999997 	34.956858359999998
51.592500000000001 	34.958025470000003
51.598199999999999 	34.959192289999997
51.603900000000003 	34.960358800000002
51.6096 	34.961525010000003
51.615299999999998 	34.96269092
51.621000000000002 	34.963856530000001
51.6267 	34.965021839999999
51.632399999999997 	34.96618685
51.638100000000001 	34.967351559999997
51.643799999999999 	34.968515969999999
51.649500000000003 	34.969680080000003
51.655200000000001 	34.970843899999998
51.660899999999998 	34.972007410000003
51.666600000000003 	34.973170619999998
51.6723 	34.974333540000003
51.677999999999997 	34.975496149999998
51.683700000000002 	34.976658469999997
51.689399999999999 	34.977820489999999
51.695099999999996 	34.978982209999998
51.700800000000001 	34.980143630000001
51.706499999999998 	34.98130475
51.712200000000003 	34.982465580000003
51.7179 	34.983626100000002
51.723599999999998 	34.984786329999999
51.729300000000002 	34.985946259999999
51.734999999999999 	34.987105890000002
51.740699999999997 	34.988265220000002
51.746400000000001 	34.98942426
51.752099999999999 	34.99058299
51.757800000000003 	34.991741429999998
51.763500000000001 	34.992899569999999
51.769199999999998 	34.994057419999997
51.774900000000002 	34.995214969999999
51.7806 	34.996372219999998
51.786299999999997 	34.99752917
51.792000000000002 	34.998685819999999
51.797699999999999 	34.999842180000002
51.803400000000003 	35.000998240000001
51.809100000000001 	35.002154009999998
51.814799999999998 	35.003309479999999
51.820500000000003 	35.004464650000003
51.8262 	35.005619520000003
51.831899999999997 	35.006774100000001
51.837600000000002 	35.007928380000003
51.843299999999999 	35.009082370000002
51.848999999999997 	35.010236059999997
51.854700000000001 	35.011389450000003
51.860399999999998 	35.012542549999999
51.866100000000003 	35.013695349999999
51.8718 	35.014847860000003
51.877499999999998 	35.016000069999997
51.883200000000002 	35.017151980000001
51.8889 	35.018303600000003
51.894599999999997 	35.019454930000002
51.900300000000001 	35.020605959999997
51.905999999999999 	35.021756689999997
51.911700000000003 	35.02290713
51.917400000000001 	35.02405727
51.923099999999998 	35.025207119999997
51.928800000000003 	35.026356669999998
51.9345 	35.027505929999997
51.940199999999997 	35.028654899999999
51.945900000000002 	35.029803569999999
51.951599999999999 	35.030951940000001
51.957299999999996 	35.032100020000001
51.963000000000001 	35.033247809999999
51.968699999999998 	35.0343953
51.974400000000003 	35.035542499999998
51.9801 	35.036689410000001
51.985799999999998 	35.03783602
51.991500000000002 	35.038982330000003
51.997199999999999 	35.040128359999997
52.002899999999997 	35.041274090000002
52.008600000000001 	35.042419520000003
52.014299999999999 	35.043564670000002
52.020000000000003 	35.044709519999998
52.025700000000001 	35.045854069999997
52.031399999999998 	35.046998340000002
52.037100000000002 	35.048142310000003
52.0428 	35.049285980000001
52.048499999999997 	35.050429370000003
52.054200000000002 	35.051572460000003
52.059899999999999 	35.052715259999999
52.065600000000003 	35.05385777
52.071300000000001 	35.054999979999998
52.076999999999998 	35.0561419
52.082700000000003 	35.057283529999999
52.0884 	35.058424870000003
52.094099999999997 	35.059565919999997
52.099800000000002 	35.060706670000002
52.105499999999999 	35.061847129999997
52.111199999999997 	35.062987300000003
52.116900000000001 	35.06412718
52.122599999999998 	35.065266770000001
52.128300000000003 	35.066406059999998
52.134 	35.067545070000001
52.139699999999998 	35.068683780000001
52.145400000000002 	35.069822199999997
52.1511 	35.070960329999998
52.156799999999997 	35.072098169999997
52.162500000000001 	35.07323572
52.168199999999999 	35.07437298
52.173900000000003 	35.075509940000003
52.179600000000001 	35.076646619999998
52.185299999999998 	35.077783009999997
52.191000000000003 	35.0789191
52.1967 	35.080054910000001
52.202399999999997 	35.081190419999999
52.208100000000002 	35.082325640000001
52.213799999999999 	35.083460580000001
52.219499999999996 	35.084595219999997
52.225200000000001 	35.085729579999999
52.230899999999998 	35.086863639999997
52.236600000000003 	35.087997420000001
52.2423 	35.089130900000001
52.247999999999998 	35.090264099999999
52.253700000000002 	35.091397000000001
52.259399999999999 	35.092529620000001
52.265099999999997 	35.093661949999998
52.270800000000001 	35.094793989999999
52.276499999999999 	35.095925739999998
52.282200000000003 	35.097057200000002
52.2879 	35.098188370000003
52.293599999999998 	35.099319250000001
52.299300000000002 	35.100449849999997
52.305 	35.101580149999997
52.310699999999997 	35.102710170000002
52.316400000000002 	35.103839899999997
52.322099999999999 	35.104969339999997
52.327800000000003 	35.106098490000001
52.333500000000001 	35.107227350000002
52.339199999999998 	35.108355930000002
52.344900000000003 	35.109484219999999
52.3506 	35.11061222
52.356299999999997 	35.111739929999999
52.362000000000002 	35.112867350000002
52.367699999999999 	35.113994490000003
52.373399999999997 	35.115121340000002
52.379100000000001 	35.116247899999998
52.384799999999998 	35.117374179999999
52.390500000000003 	35.118500169999997
52.3962 	35.11962587
52.401899999999998 	35.12075128
52.407600000000002 	35.121876409999999
52.4133 	35.123001250000002
52.418999999999997 	35.124125800000002
52.424700000000001 	35.12525007
52.430399999999999 	35.126374050000003
52.436100000000003 	35.127497740000003
52.441800000000001 	35.128621150000001
52.447499999999998 	35.129744270000003
52.453200000000002 	35.130867109999997
52.4589 	35.131989650000001
52.464599999999997 	35.133111919999997
52.470300000000002 	35.134233889999997
52.475999999999999 	35.135355580000002
52.481699999999996 	35.136476989999998
52.487400000000001 	35.137598109999999
52.493099999999998 	35.138718939999997
52.498800000000003 	35.13983949
52.5045 	35.140959760000001
52.510199999999998 	35.142079729999999
52.515900000000002 	35.143199430000003
52.521599999999999 	35.144318830000003
52.527299999999997 	35.145437960000002
52.533000000000001 	35.146556799999999
52.538699999999999 	35.14767535
52.544400000000003 	35.148793619999999
52.5501 	35.149911600000003
52.555799999999998 	35.151029299999998
52.561500000000002 	35.152146709999997
52.5672 	35.153263850000002
52.572899999999997 	35.154380690000004
52.578600000000002 	35.155497250000003
52.584299999999999 	35.156613530000001
52.590000000000003 	35.157729529999997
52.595700000000001 	35.158845239999998
52.601399999999998 	35.159960660000003
52.607100000000003 	35.161075799999999
52.6128 	35.16219066
52.618499999999997 	35.16330524
52.624200000000002 	35.164419530000004
52.629899999999999 	35.165533539999998
52.635599999999997 	35.166647269999999
52.641300000000001 	35.167760710000003
52.646999999999998 	35.168873869999999
52.652700000000003 	35.169986739999999
52.6584 	35.171099339999998
52.664099999999998 	35.172211650000001
52.669800000000002 	35.173323670000002
52.6755 	35.174435420000002
52.681199999999997 	35.175546879999999
52.686900000000001 	35.176658060000001
52.692599999999999 	35.177768960000002
52.698300000000003 	35.17887958
52.704000000000001 	35.179989910000003
52.709699999999998 	35.181099959999997
52.715400000000002 	35.182209729999997
52.7211 	35.183319220000001
52.726799999999997 	35.184428420000003
52.732500000000002 	35.185537349999997
52.738199999999999 	35.186645990000002
52.743899999999996 	35.187754349999999
52.749600000000001 	35.18886243
52.755299999999998 	35.18997023
52.761000000000003 	35.191077749999998
52.7667 	35.19218498
52.772399999999998 	35.193291940000002
52.778100000000002 	35.19439861
52.783799999999999 	35.195504999999997
52.789499999999997 	35.19661112
52.795200000000001 	35.19771695
52.800899999999999 	35.198822499999999
52.806600000000003 	35.199927770000002
52.8123 	35.201032759999997
52.817999999999998 	35.202137469999997
52.823700000000002 	35.203241900000002
52.8294 	35.204346049999998
52.835099999999997 	35.205449909999999
52.840800000000002 	35.206553499999998
52.846499999999999 	35.207656810000003
52.852200000000003 	35.208759839999999
52.857900000000001 	35.20986259
52.863599999999998 	35.210965059999999
52.869300000000003 	35.212067249999997
52.875 	35.21316916
52.880699999999997 	35.21427079
52.886400000000002 	35.21537215
52.892099999999999 	35.216473219999997
52.897799999999997 	35.21757401
52.903500000000001 	35.218674530000001
52.909199999999998 	35.21977476
52.914900000000003 	35.220874719999998
52.9206 	35.221974400000001
52.926299999999998 	35.223073800000002
52.932000000000002 	35.224172920000001
52.9377 	35.225271759999998
52.943399999999997 	35.226370330000002
52.949100000000001 	35.227468610000003
52.954799999999999 	35.228566620000002
52.960500000000003 	35.22966435
52.966200000000001 	35.230761800000003
52.971899999999998 	35.231858979999998
52.977600000000002 	35.232955869999998
52.9833 	35.234052490000003
52.988999999999997 	35.23514883
52.994700000000002 	35.236244890000002
53.000399999999999 	35.237340680000003
53.006100000000004 	35.238436190000002
53.011800000000001 	35.239531419999999
53.017499999999998 	35.240626370000001
53.023200000000003 	35.241721050000002
53.0289 	35.242815450000002
53.034599999999998 	35.24390957
53.040300000000002 	35.245003410000002
53.045999999999999 	35.246096979999997
53.051699999999997 	35.247190279999998
53.057400000000001 	35.248283290000003
53.063099999999999 	35.249376030000001
53.068800000000003 	35.250468490000003
53.0745 	35.251560679999997
53.080199999999998 	35.252652589999997
53.085900000000002 	35.253744220000002
53.0916 	35.254835579999998
53.097299999999997 	35.25592666
53.103000000000002 	35.257017470000001
53.108699999999999 	35.258108
53.114400000000003 	35.259198249999997
53.120100000000001 	35.26028823
53.125799999999998 	35.261377930000002
53.131500000000003 	35.262467360000002
53.1372 	35.263556510000001
53.142899999999997 	35.264645389999998
53.148600000000002 	35.265733990000001
53.154299999999999 	35.266822320000003
53.159999999999997 	35.267910370000003
53.165700000000001 	35.268998150000002
53.171399999999998 	35.270085649999999
53.177100000000003 	35.271172880000002
53.1828 	35.272259830000003
53.188499999999998 	35.273346510000003
53.194200000000002 	35.274432910000002
53.1999 	35.275519039999999
53.205599999999997 	35.276604900000002
53.211300000000001 	35.277690479999997
53.216999999999999 	35.278775779999997
53.222700000000003 	35.279860820000003
53.228400000000001 	35.28094557
53.234099999999998 	35.282030059999997
53.239800000000002 	35.283114269999999
53.2455 	35.28419821
53.251199999999997 	35.285281869999999
53.256900000000002 	35.286365259999997
53.262599999999999 	35.287448380000001
53.268300000000004 	35.288531220000003
53.274000000000001 	35.289613789999997
53.279699999999998 	35.290696089999997
53.285400000000003 	35.291778110000003
53.2911 	35.29285986
53.296799999999998 	35.293941340000003
53.302500000000002 	35.295022549999999
53.308199999999999 	35.296103479999999
53.313899999999997 	35.297184139999999
53.319600000000001 	35.298264529999997
53.325299999999999 	35.299344640000001
53.331000000000003 	35.300424479999997
53.3367 	35.301504049999998
53.342399999999998 	35.302583349999999
53.348100000000002 	35.303662379999999
53.3538 	35.304741129999996
53.359499999999997 	35.30581961
53.365200000000002 	35.306897820000003
53.370899999999999 	35.307975759999998
53.376600000000003 	35.309053429999999
53.382300000000001 	35.310130819999998
53.387999999999998 	35.311207940000003
53.393700000000003 	35.3122848
53.3994 	35.313361380000003
53.405099999999997 	35.314437689999998
53.410800000000002 	35.315513719999998
53.416499999999999 	35.316589489999998
53.422199999999997 	35.317664989999997
53.427900000000001 	35.318740210000001
53.433599999999998 	35.319815169999998
53.439300000000003 	35.32088985
53.445 	35.321964260000001
53.450699999999998 	35.323038410000002
53.456400000000002 	35.324112280000001
53.4621 	35.325185879999999
53.467799999999997 	35.326259210000003
53.473500000000001 	35.327332269999999
53.479199999999999 	35.328405060000001
53.484900000000003 	35.329477580000002
53.490600000000001 	35.330549830000002
53.496299999999998 	35.331621820000002
53.502000000000002 	35.33269353
53.5077 	35.333764969999997
53.513399999999997 	35.33483614
53.519100000000002 	35.335907040000002
53.524799999999999 	35.336977679999997
53.530500000000004 	35.338048039999997
53.536200000000001 	35.339118130000003
53.541899999999998 	35.340187960000002
53.547600000000003 	35.341257509999998
53.5533 	35.342326800000002
53.558999999999997 	35.343395819999998
53.564700000000002 	35.34446457
53.570399999999999 	35.34553305
53.576099999999997 	35.34660126
53.581800000000001 	35.347669209999999
53.587499999999999 	35.348736879999997
53.593200000000003 	35.349804290000002
53.5989 	35.350871419999997
53.604599999999998 	35.35193829
53.610300000000002 	35.353004900000002
53.616 	35.354071230000002
53.621699999999997 	35.355137300000003
53.627400000000002 	35.356203090000001
53.633099999999999 	35.357268619999999
53.638800000000003 	35.358333889999997
53.644500000000001 	35.359398880000001
53.650199999999998 	35.360463609999996
53.655900000000003 	35.361528069999999
53.6616 	35.36259226
53.667299999999997 	35.36365618
53.673000000000002 	35.364719839999999
53.678699999999999 	35.365783229999998
53.684399999999997 	35.366846359999997
53.690100000000001 	35.367909210000001
53.695799999999998 	35.368971799999997
53.701500000000003 	35.370034130000001
53.7072 	35.371096180000002
53.712899999999998 	35.372157970000004
53.718600000000002 	35.373219489999997
53.724299999999999 	35.374280749999997
53.729999999999997 	35.375341740000003
53.735700000000001 	35.376402470000002
53.741399999999999 	35.377462919999999
53.747100000000003 	35.378523119999997
53.752800000000001 	35.37958304
53.758499999999998 	35.380642700000003
53.764200000000002 	35.381702089999997
53.7699 	35.382761219999999
53.775599999999997 	35.38382009
53.781300000000002 	35.38487868
53.786999999999999 	35.385937009999999
53.792700000000004 	35.386995079999998
53.798400000000001 	35.388052879999996
53.804099999999998 	35.389110420000002
53.809800000000003 	35.390167689999998
53.8155 	35.391224690000001
53.821199999999997 	35.392281429999997
53.826900000000002 	35.39333791
53.832599999999999 	35.394394120000001
53.838299999999997 	35.395450060000002
53.844000000000001 	35.396505740000002
53.849699999999999 	35.397561160000002
53.855400000000003 	35.398616310000001
53.8611 	35.3996712
53.866799999999998 	35.400725819999998
53.872500000000002 	35.401780180000003
53.8782 	35.40283427
53.883899999999997 	35.403888100000003
53.889600000000002 	35.404941669999999
53.895299999999999 	35.405994970000002
53.901000000000003 	35.407048009999997
53.906700000000001 	35.408100789999999
53.912399999999998 	35.4091533
53.918100000000003 	35.410205550000001
53.9238 	35.41125753
53.929499999999997 	35.41230925
53.935200000000002 	35.413360709999999
53.940899999999999 	35.414411899999998
53.946599999999997 	35.415462840000004
53.952300000000001 	35.416513500000001
53.957999999999998 	35.417563909999998
53.963700000000003 	35.418614050000002
53.9694 	35.419663929999999
53.975099999999998 	35.420713550000002
53.980800000000002 	35.421762899999997
53.986499999999999 	35.42281199
53.992199999999997 	35.423860820000002
53.997900000000001 	35.424909390000003
54.003599999999999 	35.425957689999997
54.009300000000003 	35.427005729999998
54.015000000000001 	35.428053509999998
54.020699999999998 	35.429101029999998
54.026400000000002 	35.430148289999998
54.0321 	35.431195279999997
54.037799999999997 	35.432242010000003
54.043500000000002 	35.433288480000002
54.049199999999999 	35.43433469
54.054900000000004 	35.435380639999998
54.060600000000001 	35.436426330000003
54.066299999999998 	35.43747175
54.072000000000003 	35.438516909999997
54.0777 	35.439561820000002
54.083399999999997 	35.440606459999998
54.089100000000002 	35.441650840000001
54.094799999999999 	35.442694950000003
54.100499999999997 	35.443738809999999
54.106200000000001 	35.444782410000002
54.111899999999999 	35.445825739999997
54.117600000000003 	35.446868819999999
54.1233 	35.44791163
54.128999999999998 	35.448954190000002
54.134700000000002 	35.449996480000003
54.1404 	35.451038519999997
54.146099999999997 	35.452080289999998
54.151800000000001 	35.453121799999998
54.157499999999999 	35.454163059999999
54.163200000000003 	35.455204049999999
54.168900000000001 	35.456244779999999
54.174599999999998 	35.457285249999998
54.180300000000003 	35.458325469999998
54.186 	35.459365419999997
54.191699999999997 	35.460405119999997
54.197400000000002 	35.461444550000003
54.203099999999999 	35.462483730000002
54.208799999999997 	35.463522640000001
54.214500000000001 	35.4645613
54.220199999999998 	35.465599699999999
54.225900000000003 	35.466637839999997
54.2316 	35.467675720000003
54.237299999999998 	35.468713340000001
54.243000000000002 	35.469750699999999
54.248699999999999 	35.470787799999997
54.254399999999997 	35.471824650000002
54.260100000000001 	35.472861229999999
54.265799999999999 	35.473897559999997
54.271500000000003 	35.474933630000002
54.277200000000001 	35.47596944
54.282899999999998 	35.477004989999998
54.288600000000002 	35.478040280000002
54.2943 	35.47907532
54.299999999999997 	35.480110099999997
54.305700000000002 	35.481144620000002
54.311399999999999 	35.482178879999999
54.317100000000003 	35.483212880000004
54.322800000000001 	35.484246630000001
54.328499999999998 	35.485280119999999
54.334200000000003 	35.486313350000003
54.3399 	35.487346330000001
54.345599999999997 	35.488379039999998
54.351300000000002 	35.489411500000003
54.356999999999999 	35.4904437
54.362699999999997 	35.491475649999998
54.368400000000001 	35.492507340000003
54.374099999999999 	35.493538770000001
54.379800000000003 	35.494569939999998
54.3855 	35.495600860000003
54.391199999999998 	35.496631520000001
54.396900000000002 	35.497661919999999
54.4026 	35.498692069999997
54.408299999999997 	35.499721960000002
54.414000000000001 	35.500751600000001
54.419699999999999 	35.501780969999999
54.425400000000003 	35.502810099999998
54.431100000000001 	35.503838960000003
54.436799999999998 	35.504867570000002
54.442500000000003 	35.505895930000001
54.4482 	35.50692402
54.453899999999997 	35.507951869999999
54.459600000000002 	35.508979449999998
54.465299999999999 	35.510006779999998
54.470999999999997 	35.511033859999998
54.476700000000001 	35.512060679999998
54.482399999999998 	35.513087239999997
54.488100000000003 	35.514113549999998
54.4938 	35.515139609999999
54.499499999999998 	35.516165399999998
54.505200000000002 	35.51719095
54.510899999999999 	35.518216240000001
54.516599999999997 	35.519241270000002
54.522300000000001 	35.520266049999996
54.527999999999999 	35.521290569999998
54.533700000000003 	35.52231484
54.539400000000001 	35.523338850000002
54.545099999999998 	35.524362609999997
54.550800000000002 	35.52538612
54.5565 	35.526409370000003
54.562199999999997 	35.52743237
54.567900000000002 	35.528455110000003
54.573599999999999 	35.5294776
54.579300000000003 	35.530499829999997
54.585000000000001 	35.531521810000001
54.590699999999998 	35.532543539999999
54.596400000000003 	35.533565009999997
54.6021 	35.534586230000002
54.607799999999997 	35.535607200000001
54.613500000000002 	35.53662791
54.619199999999999 	35.537648369999999
54.624899999999997 	35.538668569999999
54.630600000000001 	35.539688529999999
54.636299999999999 	35.540708219999999
54.642000000000003 	35.54172767
54.6477 	35.542746860000001
54.653399999999998 	35.543765800000003
54.659100000000002 	35.544784489999998
54.6648 	35.54580292
54.670499999999997 	35.546821100000003
54.676200000000001 	35.547839029999999
54.681899999999999 	35.548856700000002
54.687600000000003 	35.549874129999999
54.693300000000001 	35.550891300000004
54.698999999999998 	35.551908220000001
54.704700000000003 	35.552924879999999
54.7104 	35.553941299999998
54.716099999999997 	35.554957459999997
54.721800000000002 	35.555973369999997
54.727499999999999 	35.556989020000003
54.733199999999997 	35.558004429999997
54.738900000000001 	35.559019579999998
54.744599999999998 	35.560034479999999
54.750300000000003 	35.561049130000001
54.756 	35.562063530000003
54.761699999999998 	35.563077679999999
54.767400000000002 	35.564091580000003
54.773099999999999 	35.56510522
54.778799999999997 	35.566118609999997
54.784500000000001 	35.567131760000002
54.790199999999999 	35.568144650000001
54.795900000000003 	35.56915729
54.801600000000001 	35.570169679999999
54.807299999999998 	35.57118182
54.813000000000002 	35.5721937
54.8187 	35.573205340000001
54.824399999999997 	35.574216730000003
54.830100000000002 	35.575227859999998
54.835799999999999 	35.576238750000002
54.841500000000003 	35.577249379999998
54.847200000000001 	35.578259770000003
54.852899999999998 	35.5792699
54.858600000000003 	35.580279779999998
54.8643 	35.581289419999997
54.869999999999997 	35.582298799999997
54.875700000000002 	35.583307939999997
54.881399999999999 	35.584316819999998
54.887099999999997 	35.58532546
54.892800000000001 	35.586333840000002
54.898499999999999 	35.587341979999998
54.904200000000003 	35.588349860000001
54.9099 	35.589357499999998
54.915599999999998 	35.590364889999996
54.921300000000002 	35.591372020000001
54.927 	35.592378910000001
54.932699999999997 	35.593385550000001
54.938400000000001 	35.594391940000001
54.944099999999999 	35.595398080000002
54.949800000000003 	35.596403979999998
54.955500000000001 	35.597409620000001
54.961199999999998 	35.598415019999997
54.966900000000003 	35.599420160000001
54.9726 	35.600425059999999
54.978299999999997 	35.601429709999998
54.984000000000002 	35.602434109999997
54.989699999999999 	35.603438259999997
54.995399999999997 	35.604442169999999
55.001100000000001 	35.60544582
55.006799999999998 	35.606449230000003
55.012500000000003 	35.607452389999999
55.0182 	35.608455300000003
55.023899999999998 	35.609457970000001
55.029600000000002 	35.610460379999999
55.035299999999999 	35.611462549999999
55.040999999999997 	35.612464469999999
55.046700000000001 	35.613466150000001
55.052399999999999 	35.614467570000002
55.058100000000003 	35.615468749999998
55.063800000000001 	35.616469690000002
55.069499999999998 	35.617470369999999
55.075200000000002 	35.618470809999998
55.0809 	35.619470999999997
55.086599999999997 	35.620470939999997
55.092300000000002 	35.621470639999998
55.097999999999999 	35.622470079999999
55.103700000000003 	35.623469290000003
55.109400000000001 	35.624468239999999
55.115099999999998 	35.625466950000003
55.120800000000003 	35.626465410000002
55.1265 	35.627463630000001
55.132199999999997 	35.628461600000001
55.137900000000002 	35.629459320000002
55.143599999999999 	35.630456799999997
55.149299999999997 	35.63145403
55.155000000000001 	35.632451019999998
55.160699999999999 	35.633447760000003
55.166400000000003 	35.634444250000001
55.1721 	35.635440500000001
55.177799999999998 	35.636436500000002
55.183500000000002 	35.637432250000003
55.1892 	35.638427759999999
55.194899999999997 	35.639423030000003
55.200600000000001 	35.640418050000001
55.206299999999999 	35.641412819999999
55.212000000000003 	35.642407349999999
55.217700000000001 	35.64340163
55.223399999999998 	35.644395670000002
55.229100000000003 	35.645389469999998
55.2348 	35.646383010000001
55.240499999999997 	35.647376319999999
55.246200000000002 	35.648369379999998
55.251899999999999 	35.649362189999998
55.257599999999996 	35.650354759999999
55.263300000000001 	35.651347080000001
55.268999999999998 	35.652339159999997
55.274700000000003 	35.653331000000001
55.2804 	35.65432259
55.286099999999998 	35.655313939999999
55.291800000000002 	35.656305039999999
55.297499999999999 	35.657295900000001
55.303199999999997 	35.658286510000003
55.308900000000001 	35.65927688
55.314599999999999 	35.660267009999998
55.320300000000003 	35.661256889999997
55.326000000000001 	35.662246529999997
55.331699999999998 	35.663235919999998
55.337400000000002 	35.664225080000001
55.3431 	35.665213979999997
55.348799999999997 	35.666202650000002
55.354500000000002 	35.667191070000001
55.360199999999999 	35.668179250000001
55.365900000000003 	35.669167180000002
55.371600000000001 	35.670154869999998
55.377299999999998 	35.671142320000001
55.383000000000003 	35.672129529999999
55.3887 	35.673116489999998
55.394399999999997 	35.674103209999998
55.400100000000002 	35.67508969
55.405799999999999 	35.676075920000002
55.411499999999997 	35.677061909999999
55.417200000000001 	35.678047659999997
55.422899999999998 	35.679033169999997
55.428600000000003 	35.680018429999997
55.4343 	35.681003449999999
55.439999999999998 	35.681988230000002
55.445700000000002 	35.682972769999999
55.4514 	35.683957069999998
55.457099999999997 	35.684941119999998
55.462800000000001 	35.685924929999999
55.468499999999999 	35.686908500000001
55.474200000000003 	35.687891829999998
55.479900000000001 	35.688874920000003
55.485599999999998 	35.689857760000002
55.491300000000003 	35.690840360000003
55.497 	35.691822719999998
55.502699999999997 	35.692804850000002
55.508400000000002 	35.693786719999999
55.514099999999999 	35.694768359999998
55.519799999999996 	35.695749759999998
55.525500000000001 	35.696730909999999
55.531199999999998 	35.697711830000003
55.536900000000003 	35.6986925
55.5426 	35.699672929999998
55.548299999999998 	35.700653129999999
55.554000000000002 	35.701633080000001
55.559699999999999 	35.702612790000003
55.565399999999997 	35.703592260000001
55.571100000000001 	35.704571489999999
55.576799999999999 	35.705550479999999
55.582500000000003 	35.70652922
55.588200000000001 	35.707507730000003
55.593899999999998 	35.708486000000001
55.599600000000002 	35.709464029999999
55.6053 	35.71044182
55.610999999999997 	35.711419360000001
55.616700000000002 	35.712396669999997
55.622399999999999 	35.713373740000002
55.628100000000003 	35.714350570000001
55.633800000000001 	35.715327160000001
55.639499999999998 	35.716303510000003
55.645200000000003 	35.717279619999999
55.6509 	35.718255489999997
55.656599999999997 	35.719231120000003
55.662300000000002 	35.720206509999997
55.667999999999999 	35.721181659999999
55.673699999999997 	35.722156579999996
55.679400000000001 	35.723131250000002
55.685099999999998 	35.724105690000002
55.690800000000003 	35.725079880000003
55.6965 	35.726053839999999
55.702199999999998 	35.727027560000003
55.707900000000002 	35.728001040000002
55.7136 	35.728974280000003
55.719299999999997 	35.729947289999998
55.725000000000001 	35.730920050000002
55.730699999999999 	35.73189258
55.736400000000003 	35.732864859999999
55.742100000000001 	35.733836910000001
55.747799999999998 	35.734808729999997
55.753500000000003 	35.735780300000002
55.7592 	35.736751640000001
55.764899999999997 	35.737722730000002
55.770600000000002 	35.738693589999997
55.776299999999999 	35.739664210000001
55.781999999999996 	35.7406346
55.787700000000001 	35.74160474
55.793399999999998 	35.742574650000002
55.799100000000003 	35.743544329999999
55.8048 	35.744513759999997
55.810499999999998 	35.745482959999997
55.816200000000002 	35.746451919999998
55.821899999999999 	35.747420640000001
55.827599999999997 	35.748389119999999
55.833300000000001 	35.749357369999998
55.838999999999999 	35.75032538
55.844700000000003 	35.751293160000003
55.8504 	35.75226069
55.856099999999998 	35.753227989999999
55.861800000000002 	35.754195060000001
55.8675 	35.755161889999997
55.873199999999997 	35.756128480000001
55.878900000000002 	35.75709483
55.884599999999999 	35.758060950000001
55.890300000000003 	35.759026830000003
55.896000000000001 	35.759992480000001
55.901699999999998 	35.76095789
55.907400000000003 	35.761923060000001
55.9131 	35.762887999999997
55.918799999999997 	35.763852700000001
55.924500000000002 	35.76481716
55.930199999999999 	35.765781390000001
55.935899999999997 	35.766745389999997
55.941600000000001 	35.767709150000002
55.947299999999998 	35.768672670000001
55.953000000000003 	35.769635960000002
55.9587 	35.770599009999998
55.964399999999998 	35.771561830000003
55.970100000000002 	35.772524410000003
55.9758 	35.773486749999996
55.981499999999997 	35.77444886
55.987200000000001 	35.775410739999998
55.992899999999999 	35.776372379999998
55.998600000000003 	35.77733379
56.004300000000001 	35.778294959999997
56.009999999999998 	35.779255890000002
56.015700000000002 	35.780216600000003
56.0214 	35.781177059999997
56.027099999999997 	35.782137300000002
56.032800000000002 	35.783097290000001
56.038499999999999 	35.784057060000002
56.044199999999996 	35.785016589999998
56.049900000000001 	35.785975880000002
56.055599999999998 	35.786934940000002
56.061300000000003 	35.787893769999997
56.067 	35.78885236
56.072699999999998 	35.789810719999998
56.078400000000002 	35.790768849999999
56.084099999999999 	35.791726740000001
56.089799999999997 	35.792684399999999
56.095500000000001 	35.793641819999998
56.101199999999999 	35.794599009999999
56.106900000000003 	35.795555970000002
56.1126 	35.79651269
56.118299999999998 	35.79746918
56.124000000000002 	35.798425440000003
56.1297 	35.799381459999999
56.135399999999997 	35.800337249999998
56.141100000000002 	35.80129281
56.146799999999999 	35.802248130000002
56.152500000000003 	35.803203230000001
56.158200000000001 	35.804158080000001
56.163899999999998 	35.805112710000003
56.169600000000003 	35.8060671
56.1753 	35.807021259999999
56.180999999999997 	35.807975190000001
56.186700000000002 	35.808928889999997
56.192399999999999 	35.809882350000002
56.198099999999997 	35.810835580000003
56.203800000000001 	35.811788579999998
56.209499999999998 	35.812741340000002
56.215200000000003 	35.813693880000002
56.2209 	35.814646179999997
56.226599999999998 	35.815598250000001
56.232300000000002 	35.81655009
56.238 	35.817501700000001
56.243699999999997 	35.818453069999997
56.249400000000001 	35.819404210000002
56.255099999999999 	35.820355120000002
56.260800000000003 	35.821305799999998
56.266500000000001 	35.822256250000002
56.272199999999998 	35.823206470000002
56.277900000000002 	35.824156449999997
56.2836 	35.825106210000001
56.289299999999997 	35.82605573
56.295000000000002 	35.827005020000001
56.300699999999999 	35.827954079999998
56.306399999999996 	35.828902909999996
56.312100000000001 	35.829851509999997
56.317799999999998 	35.830799880000001
56.323500000000003 	35.831748019999999
56.3292 	35.832695919999999
56.334899999999998 	35.833643600000002
56.340600000000002 	35.83459105
56.346299999999999 	35.83553826
56.351999999999997 	35.836485240000002
56.357700000000001 	35.837432
56.363399999999999 	35.838378519999999
56.369100000000003 	35.839324820000002
56.3748 	35.840270879999998
56.380499999999998 	35.841216709999998
56.386200000000002 	35.84216232
56.3919 	35.843107689999997
56.397599999999997 	35.844052840000003
56.403300000000002 	35.844997749999997
56.408999999999999 	35.845942430000001
56.414700000000003 	35.84688689
56.420400000000001 	35.847831120000002
56.426099999999998 	35.848775109999998
56.431800000000003 	35.849718879999998
56.4375 	35.850662409999998
56.443199999999997 	35.851605720000002
56.448900000000002 	35.852548800000001
56.454599999999999 	35.853491650000002
56.460299999999997 	35.854434269999999
56.466000000000001 	35.855376659999997
56.471699999999998 	35.856318829999999
56.477400000000003 	35.857260760000003
56.4831 	35.858202470000002
56.488799999999998 	35.859143940000003
56.494500000000002 	35.860085189999999
56.5002 	35.861026209999999
56.505899999999997 	35.861967
56.511600000000001 	35.862907559999996
56.517299999999999 	35.863847900000003
56.523000000000003 	35.864787999999997
56.528700000000001 	35.865727880000001
56.534399999999998 	35.866667530000001
56.540100000000002 	35.867606950000003
56.5458 	35.86854615
56.551499999999997 	35.869485109999999
56.557200000000002 	35.870423850000002
56.562899999999999 	35.871362359999999
56.568600000000004 	35.872300639999999
56.574300000000001 	35.873238700000002
56.579999999999998 	35.874176519999999
56.585700000000003 	35.875114119999999
56.5914 	35.876051500000003
56.597099999999998 	35.87698864
56.602800000000002 	35.877925560000001
56.608499999999999 	35.878862249999997
56.614199999999997 	35.879798710000003
56.619900000000001 	35.880734949999997
56.625599999999999 	35.881670960000001
56.631300000000003 	35.88260674
56.637 	35.883542300000002
56.642699999999998 	35.884477629999999
56.648400000000002 	35.885412729999999
56.6541 	35.886347610000001
56.659799999999997 	35.887282259999999
56.665500000000002 	35.888216679999999
56.671199999999999 	35.889150870000002
56.676900000000003 	35.89008484
56.682600000000001 	35.891018590000002
56.688299999999998 	35.891952109999998
56.694000000000003 	35.892885399999997
56.6997 	35.893818459999999
56.705399999999997 	35.894751300000003
56.711100000000002 	35.895683910000002
56.716799999999999 	35.896616299999998
56.722499999999997 	35.897548460000003
56.728200000000001 	35.898480399999997
56.733899999999998 	35.89941211
56.739600000000003 	35.900343589999999
56.7453 	35.90127485
56.750999999999998 	35.902205889999998
56.756700000000002 	35.903136699999997
56.7624 	35.90406728
56.768099999999997 	35.904997639999998
56.773800000000001 	35.905927769999998
56.779499999999999 	35.906857680000002
56.785200000000003 	35.90778736
56.790900000000001 	35.908716820000002
56.796599999999998 	35.909646049999999
56.802300000000002 	35.910575059999999
56.808 	35.911503840000002
56.813699999999997 	35.9124324
56.819400000000002 	35.913360730000001
56.825099999999999 	35.914288839999998
56.830800000000004 	35.915216729999997
56.836500000000001 	35.916144389999999
56.842199999999998 	35.917071829999998
56.847900000000003 	35.917999039999998
56.8536 	35.918926030000002
56.859299999999998 	35.91985279
56.865000000000002 	35.920779330000002
56.870699999999999 	35.92170565
56.876399999999997 	35.92263174
56.882100000000001 	35.923557610000003
56.887799999999999 	35.924483250000002
56.893500000000003 	35.925408670000003
56.8992 	35.926333870000001
56.904899999999998 	35.92725884
56.910600000000002 	35.928183590000003
56.9163 	35.929108120000002
56.921999999999997 	35.930032420000003
56.927700000000002 	35.930956500000001
56.933399999999999 	35.931880360000001
56.939100000000003 	35.932803989999996
56.944800000000001 	35.933727400000002
56.950499999999998 	35.934650589999997
56.956200000000003 	35.935573560000002
56.9619 	35.936496300000002
56.967599999999997 	35.937418819999998
56.973300000000002 	35.938341110000003
56.978999999999999 	35.939263189999998
56.984699999999997 	35.940185040000003
56.990400000000001 	35.941106670000003
56.996099999999998 	35.942028069999999
57.001800000000003 	35.942949259999999
57.0075 	35.943870220000001
57.013199999999998 	35.944790959999999
57.018900000000002 	35.945711469999999
57.0246 	35.946631770000003
57.030299999999997 	35.947551840000003
57.036000000000001 	35.948471689999998
57.041699999999999 	35.949391319999997
57.047400000000003 	35.950310729999998
57.053100000000001 	35.951229920000003
57.058799999999998 	35.952148880000003
57.064500000000002 	35.953067619999999
57.0702 	35.953986139999998
57.075899999999997 	35.95490444
57.081600000000002 	35.955822519999998
57.087299999999999 	35.956740379999999
57.093000000000004 	35.957658010000003
57.098700000000001 	35.958575420000003
57.104399999999998 	35.959492619999999
57.110100000000003 	35.960409589999998
57.1158 	35.961326339999999
57.121499999999997 	35.962242869999997
57.127200000000002 	35.963159179999998
57.132899999999999 	35.964075270000002
57.138599999999997 	35.964991130000001
57.144300000000001 	35.965906779999997
57.149999999999999 	35.966822209999997
57.155700000000003 	35.967737409999998
57.1614 	35.968652400000003
57.167099999999998 	35.969567159999997
57.172800000000002 	35.970481710000001
57.1785 	35.971396030000001
57.184199999999997 	35.972310139999998
57.189900000000002 	35.973224020000004
57.195599999999999 	35.974137679999998
57.201300000000003 	35.975051129999997
57.207000000000001 	35.975964349999998
57.212699999999998 	35.976877360000003
57.218400000000003 	35.977790140000003
57.2241 	35.978702699999999
57.229799999999997 	35.97961505
57.235500000000002 	35.980527170000002
57.241199999999999 	35.981439080000001
57.246899999999997 	35.982350769999996
57.252600000000001 	35.983262230000001
57.258299999999998 	35.984173480000003
57.264000000000003 	35.98508451
57.2697 	35.985995320000001
57.275399999999998 	35.986905909999997
57.281100000000002 	35.987816279999997
57.286799999999999 	35.98872643
57.292499999999997 	35.989636369999999
57.298200000000001 	35.990546080000001
57.303899999999999 	35.99145558
57.309600000000003 	35.992364860000002
57.315300000000001 	35.99327392
57.320999999999998 	35.994182760000001
57.326700000000002 	35.995091379999998
57.3324 	35.995999779999998
57.338099999999997 	35.996907960000001
57.343800000000002 	35.997815930000002
57.349499999999999 	35.998723679999998
57.355200000000004 	35.999631209999997
57.360900000000001 	36.000538519999999
57.366599999999998 	36.001445619999998
57.372300000000003 	36.00235249
57.378 	36.003259149999998
57.383699999999997 	36.004165589999999
57.389400000000002 	36.005071809999997
57.395099999999999 	36.005977819999998
57.400799999999997 	36.006883610000003
57.406500000000001 	36.007789180000003
57.412199999999999 	36.00869453
57.417900000000003 	36.009599659999999
57.4236 	36.010504580000003
57.429299999999998 	36.011409280000002
57.435000000000002 	36.012313759999998
57.4407 	36.013218029999997
57.446399999999997 	36.01412208
57.452100000000002 	36.015025909999999
57.457799999999999 	36.015929530000001
57.463500000000003 	36.01683293
57.469200000000001 	36.017736110000001
57.474899999999998 	36.018639069999999
57.480600000000003 	36.019541820000001
57.4863 	36.020444349999998
57.491999999999997 	36.02134667
57.497700000000002 	36.022248759999997
57.503399999999999 	36.023150649999998
57.509099999999997 	36.024052310000002
57.514800000000001 	36.024953760000002
57.520499999999998 	36.025854989999999
57.526200000000003 	36.02675601
57.5319 	36.027656810000003
57.537599999999998 	36.028557399999997
57.543300000000002 	36.02945777
57.548999999999999 	36.03035792
57.554699999999997 	36.031257859999997
57.560400000000001 	36.032157580000003
57.566099999999999 	36.033057079999999
57.571800000000003 	36.033956369999999
57.577500000000001 	36.034855450000002
57.583199999999998 	36.035754310000002
57.588900000000002 	36.036652949999997
57.5946 	36.037551379999996
57.600299999999997 	36.038449589999999
57.606000000000002 	36.039347589999998
57.611699999999999 	36.040245370000001
57.617400000000004 	36.04114294
57.623100000000001 	36.042040299999996
57.628799999999998 	36.042937430000002
57.634500000000003 	36.043834359999998
57.6402 	36.044731059999997
57.645899999999997 	36.04562756
57.651600000000002 	36.046523839999999
57.657299999999999 	36.047419900000001
57.662999999999997 	36.04831575
57.668700000000001 	36.049211390000004
57.674399999999999 	36.050106810000003
57.680100000000003 	36.051002009999998
57.6858 	36.051897009999998
57.691499999999998 	36.05279178
57.697200000000002 	36.05368635
57.7029 	36.054580700000002
57.708599999999997 	36.055474830000001
57.714300000000001 	36.056368749999997
57.719999999999999 	36.057262459999997
57.725700000000003 	36.058155960000001
57.731400000000001 	36.05904924
57.737099999999998 	36.059942300000003
57.742800000000003 	36.060835160000003
57.7485 	36.0617278
57.754199999999997 	36.062620219999999
57.759900000000002 	36.063512430000003
57.765599999999999 	36.064404430000003
57.771299999999997 	36.06529622
57.777000000000001 	36.066187790000001
57.782699999999998 	36.067079149999998
57.788400000000003 	36.067970299999999
57.7941 	36.068861230000003
57.799799999999998 	36.069751949999997
57.805500000000002 	36.070642460000002
57.811199999999999 	36.071532750000003
57.816899999999997 	36.072422840000002
57.822600000000001 	36.073312710000003
57.828299999999999 	36.074202360000001
57.834000000000003 	36.075091810000004
57.839700000000001 	36.075981040000002
57.845399999999998 	36.076870059999997
57.851100000000002 	36.077758860000003
57.8568 	36.078647459999999
57.862499999999997 	36.079535839999998
57.868200000000002 	36.080424010000002
57.873899999999999 	36.081311970000002
57.879600000000003 	36.082199709999998
57.885300000000001 	36.083087249999998
57.890999999999998 	36.083974570000002
57.896700000000003 	36.084861680000003
57.9024 	36.085748580000001
57.908099999999997 	36.086635260000001
57.913800000000002 	36.08752174
57.919499999999999 	36.088408000000001
57.925199999999997 	36.089294049999999
57.930900000000001 	36.090179890000002
57.936599999999999 	36.091065520000001
57.942300000000003 	36.091950939999997
57.948 	36.092836149999997
57.953699999999998 	36.09372114
57.959400000000002 	36.09460593
57.9651 	36.095490499999997
57.970799999999997 	36.096374859999997
57.976500000000001 	36.097259010000002
57.982199999999999 	36.098142950000003
57.987900000000003 	36.099026680000001
57.993600000000001 	36.099910199999997
57.999299999999998 	36.100793510000003
58.005000000000003 	36.101676609999998
58.0107 	36.102559489999997
58.016399999999997 	36.103442170000001
58.022100000000002 	36.104324630000001
58.027799999999999 	36.105206889999998
58.033499999999997 	36.106088939999999
58.039200000000001 	36.106970769999997
58.044899999999998 	36.107852389999998
58.050600000000003 	36.108733809999997
58.0563 	36.109615009999999
58.061999999999998 	36.110496009999999
58.067700000000002 	36.111376790000001
58.073399999999999 	36.112257370000002
58.079099999999997 	36.113137729999998
58.084800000000001 	36.11401789
58.090499999999999 	36.114897829999997
58.096200000000003 	36.115777569999999
58.101900000000001 	36.116657099999998
58.107599999999998 	36.11753641
58.113300000000002 	36.118415519999999
58.119 	36.119294420000003
58.124699999999997 	36.120173110000003
58.130400000000002 	36.12105159
58.136099999999999 	36.121929860000002
58.141800000000003 	36.12280792
58.147500000000001 	36.123685780000002
58.153199999999998 	36.124563420000001
58.158900000000003 	36.125440849999997
58.1646 	36.126318079999997
58.170299999999997 	36.127195100000002
58.176000000000002 	36.128071910000003
58.181699999999999 	36.128948510000001
58.187399999999997 	36.129824900000003
58.193100000000001 	36.130701080000001
58.198799999999999 	36.131577059999998
58.204500000000003 	36.132452819999997
58.2102 	36.133328380000002
58.215899999999998 	36.134203730000003
58.221600000000002 	36.135078870000001
58.2273 	36.135953800000003
58.232999999999997 	36.136828530000003
58.238700000000001 	36.137703049999999
58.244399999999999 	36.138577359999999
58.250100000000003 	36.139451459999997
58.255800000000001 	36.140325349999998
58.261499999999998 	36.141199039999997
58.267200000000003 	36.142072519999999
58.2729 	36.142945789999999
58.278599999999997 	36.143818850000002
58.284300000000002 	36.144691709999996
58.289999999999999 	36.145564350000001
58.295699999999997 	36.146436799999996
58.301400000000001 	36.147309030000002
58.307099999999998 	36.148181059999999
58.312800000000003 	36.149052869999998
58.3185 	36.149924489999997
58.324199999999998 	36.150795889999998
58.329900000000002 	36.151667089999997
58.335599999999999 	36.152538079999999
58.341299999999997 	36.15340887
58.347000000000001 	36.154279440000003
58.352699999999999 	36.155149819999998
58.358400000000003 	36.156019980000003
58.364100000000001 	36.156889939999999
58.369799999999998 	36.157759689999999
58.375500000000002 	36.158629230000003
58.3812 	36.159498569999997
58.386899999999997 	36.160367700000002
58.392600000000002 	36.161236629999998
58.398299999999999 	36.162105349999997
58.404000000000003 	36.162973860000001
58.409700000000001 	36.163842170000002
58.415399999999998 	36.16471027
58.421100000000003 	36.165578170000003
58.4268 	36.166445860000003
58.432499999999997 	36.16731334
58.438200000000002 	36.168180620000001
58.443899999999999 	36.169047689999999
58.449599999999997 	36.169914560000002
58.455300000000001 	36.170781220000002
58.460999999999999 	36.171647669999999
58.466700000000003 	36.17251392
58.4724 	36.173379969999999
58.478099999999998 	36.174245810000002
58.483800000000002 	36.175111440000002
58.4895 	36.17597687
58.495199999999997 	36.176842090000001
58.500900000000001 	36.17770711
58.506599999999999 	36.178571929999997
58.512300000000003 	36.179436529999997
58.518000000000001 	36.180300940000002
58.523699999999998 	36.181165139999997
58.529400000000003 	36.182029129999997
58.5351 	36.18289292
58.540799999999997 	36.183756510000002
58.546500000000002 	36.18461989
58.552199999999999 	36.185483060000003
58.557899999999997 	36.186346030000003
58.563600000000001 	36.187208800000001
58.569299999999998 	36.188071360000002
58.575000000000003 	36.188933720000001
58.5807 	36.189795869999998
58.586399999999998 	36.190657819999998
58.592100000000002 	36.191519569999997
58.597799999999999 	36.192381109999999
58.603499999999997 	36.19324245
58.609200000000001 	36.194103579999997
58.614899999999999 	36.194964509999998
58.620600000000003 	36.195825239999998
58.626300000000001 	36.196685760000001
58.631999999999998 	36.197546080000002
58.637700000000002 	36.198406200000001
58.6434 	36.199266110000003
58.649099999999997 	36.200125819999997
58.654800000000002 	36.200985320000001
58.660499999999999 	36.201844629999997
58.666200000000003 	36.202703730000003
58.671900000000001 	36.20356262
58.677599999999998 	36.204421310000001
58.683300000000003 	36.2052798
58.689 	36.206138090000003
58.694699999999997 	36.206996169999996
58.700400000000002 	36.207854050000002
58.706099999999999 	36.208711729999997
58.711799999999997 	36.209569199999997
58.717500000000001 	36.210426480000002
58.723199999999999 	36.211283549999997
58.728900000000003 	36.212140410000003
58.7346 	36.212997080000001
58.740299999999998 	36.213853540000002
58.746000000000002 	36.214709800000001
58.7517 	36.215565849999997
58.757399999999997 	36.216421709999999
58.763100000000001 	36.217277359999997
58.768799999999999 	36.21813281
58.774500000000003 	36.218988060000001
58.780200000000001 	36.219843109999999
58.785899999999998 	36.220697950000002
58.791600000000003 	36.221552590000002
58.7973 	36.222407029999999
58.802999999999997 	36.223261270000002
58.808700000000002 	36.224115310000002
58.814399999999999 	36.22496915
58.820099999999996 	36.225822780000001
58.825800000000001 	36.226676210000001
58.831499999999998 	36.227529439999998
58.837200000000003 	36.22838247
58.8429 	36.229235299999999
58.848599999999998 	36.230087930000003
58.854300000000002 	36.230940349999997
58.859999999999999 	36.231792579999997
58.865699999999997 	36.2326446
58.871400000000001 	36.233496420000002
58.877099999999999 	36.23434804
58.882800000000003 	36.235199459999997
58.888500000000001 	36.236050679999998
58.894199999999998 	36.236901699999997
58.899900000000002 	36.237752520000001
58.9056 	36.238603140000002
58.911299999999997 	36.23945355
58.917000000000002 	36.240303769999997
58.922699999999999 	36.241153789999998
58.928400000000003 	36.242003599999997
58.934100000000001 	36.242853220000001
58.939799999999998 	36.243702630000001
58.945500000000003 	36.24455184
58.9512 	36.245400859999997
58.956899999999997 	36.246249669999997
58.962600000000002 	36.247098289999997
58.968299999999999 	36.2479467
58.973999999999997 	36.248794910000001
58.979700000000001 	36.24964293
58.985399999999998 	36.250490739999996
58.991100000000003 	36.251338359999998
58.9968 	36.252185769999997
59.002499999999998 	36.253032990000001
59.008200000000002 	36.253880000000002
59.0139 	36.254726820000002
59.019599999999997 	36.255573429999998
59.025300000000001 	36.25641985
59.030999999999999 	36.25726607
59.036700000000003 	36.258112089999997
59.042400000000001 	36.258957909999999
59.048099999999998 	36.259803529999999
59.053800000000003 	36.260648949999997
59.0595 	36.261494169999999
59.065199999999997 	36.262339189999999
59.070900000000002 	36.263184019999997
59.076599999999999 	36.264028639999999
59.082299999999996 	36.26487307
59.088000000000001 	36.265717299999999
59.093699999999998 	36.266561320000001
59.099400000000003 	36.267405150000002
59.1051 	36.268248790000001
59.110799999999998 	36.269092219999997
59.116500000000002 	36.269935449999998
59.122199999999999 	36.270778489999998
59.127899999999997 	36.271621330000002
59.133600000000001 	36.272463969999997
59.139299999999999 	36.273306410000004
59.145000000000003 	36.274148660000002
59.150700000000001 	36.274990699999996
59.156399999999998 	36.275832549999997
59.162100000000002 	36.276674200000002
59.1678 	36.277515649999998
59.173499999999997 	36.278356899999999
59.179200000000002 	36.279197959999998
59.184899999999999 	36.280038820000001
59.190600000000003 	36.280879480000003
59.196300000000001 	36.281719940000002
59.201999999999998 	36.28256021
59.207700000000003 	36.283400280000002
59.2134 	36.284240150000002
59.219099999999997 	36.28507982
59.224800000000002 	36.285919300000003
59.230499999999999 	36.286758579999997
59.236199999999997 	36.287597660000003
59.241900000000001 	36.288436539999999
59.247599999999998 	36.289275230000001
59.253300000000003 	36.290113720000001
59.259 	36.290952009999998
59.264699999999998 	36.291790110000001
59.270400000000002 	36.292628010000001
59.2761 	36.29346571
59.281799999999997 	36.294303220000003
59.287500000000001 	36.295140529999998
59.293199999999999 	36.295977639999997
59.298900000000003 	36.296814560000001
59.304600000000001 	36.297651279999997
59.310299999999998 	36.298487809999997
59.316000000000003 	36.299324130000002
59.3217 	36.300160259999998
59.327399999999997 	36.3009962
59.333100000000002 	36.30183194
59.338799999999999 	36.302667479999997
59.344499999999996 	36.303502829999999
59.350200000000001 	36.30433798
59.355899999999998 	36.305172939999999
59.361600000000003 	36.306007690000001
59.3673 	36.306842260000003
59.372999999999998 	36.307676630000003
59.378700000000002 	36.308510800000001
59.384399999999999 	36.309344770000003
59.390099999999997 	36.310178550000003
59.395800000000001 	36.311012140000003
59.401499999999999 	36.311845529999999
59.407200000000003 	36.312678720000001
59.4129 	36.313511720000001
59.418599999999998 	36.31434453
59.424300000000002 	36.315177140000003
59.43 	36.316009549999997
59.435699999999997 	36.316841770000003
59.441400000000002 	36.317673790000001
59.447099999999999 	36.318505620000003
59.452800000000003 	36.319337249999997
59.458500000000001 	36.320168690000003
59.464199999999998 	36.32099994
59.469900000000003 	36.321830990000002
59.4756 	36.322661840000002
59.481299999999997 	36.3234925
59.487000000000002 	36.324322969999997
59.492699999999999 	36.325153239999999
59.498399999999997 	36.325983309999998
59.504100000000001 	36.326813199999997
59.509799999999998 	36.327642879999999
59.515500000000003 	36.328472380000001
59.5212 	36.32930168
59.526899999999998 	36.330130779999998
59.532600000000002 	36.33095969
59.5383 	36.331788410000001
59.543999999999997 	36.33261693
59.549700000000001 	36.333445259999998
59.555399999999999 	36.334273400000001
59.561100000000003 	36.335101340000001
59.566800000000001 	36.33592909
59.572499999999998 	36.336756639999997
59.578200000000002 	36.337584
59.5839 	36.338411170000001
59.589599999999997 	36.339238139999999
59.595300000000002 	36.340064920000003
59.600999999999999 	36.340891509999999
59.606699999999996 	36.341717899999999
59.612400000000001 	36.342544099999998
59.618099999999998 	36.343370110000002
59.623800000000003 	36.344195919999997
59.6295 	36.345021539999998
59.635199999999998 	36.345846969999997
59.640900000000002 	36.346672210000001
59.646599999999999 	36.347497250000004
59.652299999999997 	36.348322099999997
59.658000000000001 	36.349146750000003
59.663699999999999 	36.34997122
59.669400000000003 	36.350795490000003
59.6751 	36.351619560000003
59.680799999999998 	36.352443450000003
59.686500000000002 	36.35326714
59.6922 	36.354090640000003
59.697899999999997 	36.354913949999997
59.703600000000002 	36.355737070000004
59.709299999999999 	36.356559990000001
59.715000000000003 	36.357382719999997
59.720700000000001 	36.358205259999998
59.726399999999998 	36.359027609999998
59.732100000000003 	36.359849760000003
59.7378 	36.36067173
59.743499999999997 	36.361493500000002
59.749200000000002 	36.362315080000002
59.754899999999999 	36.363136470000001
59.760599999999997 	36.363957659999997
59.766300000000001 	36.364778659999999
59.771999999999998 	36.36559948
59.777700000000003 	36.366420099999999
59.7834 	36.367240529999997
59.789099999999998 	36.36806077
59.794800000000002 	36.36888081
59.8005 	36.36970067
59.806199999999997 	36.370520329999998
59.811900000000001 	36.371339800000001
59.817599999999999 	36.372159089999997
59.823300000000003 	36.372978179999997
59.829000000000001 	36.373797080000003
59.834699999999998 	36.374615779999999
59.840400000000002 	36.375434300000002
59.8461 	36.376252630000003
59.851799999999997 	36.377070760000002
59.857500000000002 	36.377888710000001
59.863199999999999 	36.378706459999997
59.868899999999996 	36.379524029999999
59.874600000000001 	36.380341399999999
59.880299999999998 	36.381158579999997
59.886000000000003 	36.381975570000002
59.8917 	36.382792379999998
59.897399999999998 	36.383608989999999
59.903100000000002 	36.384425409999999
59.908799999999999 	36.385241639999997
59.914499999999997 	36.38605768
59.920200000000001 	36.386873530000003
59.925899999999999 	36.387689190000003
59.931600000000003 	36.388504660000002
59.9373 	36.38931994
59.942999999999998 	36.390135030000003
59.948700000000002 	36.390949929999998
59.9544 	36.391764639999998
59.960099999999997 	36.392579159999997
59.965800000000002 	36.393393490000001
59.971499999999999 	36.394207639999998
59.977200000000003 	36.395021589999999
59.982900000000001 	36.395835349999999
59.988599999999998 	36.396648919999997
59.994300000000003 	36.397462310000002
60 	36.398275499999997
